4.543530E+002;4.095861E-002
4.556210E+002;4.095861E-002
4.568889E+002;4.095861E-002
4.581569E+002;4.095861E-002
4.594249E+002;4.095861E-002
4.606928E+002;4.000518E-002
4.619608E+002;3.715734E-002
4.632288E+002;3.715734E-002
4.644968E+002;3.526909E-002
4.657647E+002;3.245205E-002
4.670327E+002;3.151705E-002
4.683007E+002;3.058410E-002
4.695686E+002;2.965312E-002
4.708366E+002;2.687215E-002
4.721046E+002;2.410887E-002
4.733726E+002;2.227639E-002
4.746405E+002;2.045162E-002
4.759085E+002;1.954211E-002
4.771765E+002;1.954211E-002
4.784444E+002;1.863448E-002
4.797124E+002;1.772877E-002
4.809804E+002;1.682491E-002
4.822483E+002;1.592296E-002
4.835163E+002;1.502288E-002
4.847843E+002;1.502288E-002
4.860522E+002;1.502288E-002
4.873202E+002;1.502288E-002
4.885882E+002;1.502288E-002
4.898562E+002;1.502288E-002
4.911241E+002;1.592296E-002
4.923921E+002;1.592296E-002
4.936601E+002;1.592296E-002
4.949280E+002;1.592296E-002
4.961960E+002;1.592296E-002
4.974640E+002;1.682491E-002
4.987319E+002;1.682491E-002
4.999999E+002;1.682491E-002
5.012679E+002;1.772877E-002
5.025359E+002;1.772877E-002
5.038038E+002;1.863448E-002
5.050718E+002;1.863448E-002
5.063398E+002;1.954211E-002
5.076077E+002;1.954211E-002
5.088757E+002;2.045162E-002
5.101437E+002;2.045162E-002
5.114117E+002;2.136303E-002
5.126796E+002;2.227639E-002
5.139476E+002;2.319165E-002
5.152156E+002;2.319165E-002
5.164835E+002;2.319165E-002
5.177515E+002;2.319165E-002
5.190195E+002;2.227639E-002
5.202874E+002;2.227639E-002
5.215554E+002;2.319165E-002
5.228234E+002;2.319165E-002
5.240914E+002;2.410887E-002
5.253593E+002;2.410887E-002
5.266273E+002;2.502800E-002
5.278953E+002;2.502800E-002
5.291632E+002;2.594911E-002
5.304312E+002;2.687215E-002
5.316992E+002;2.872416E-002
5.329672E+002;2.872416E-002
5.342351E+002;2.965312E-002
5.355031E+002;3.058410E-002
5.367711E+002;3.151705E-002
5.380390E+002;3.338902E-002
5.393070E+002;3.432802E-002
5.405750E+002;3.715734E-002
5.418429E+002;3.810453E-002
5.431109E+002;3.905383E-002
5.443788E+002;4.000518E-002
5.456469E+002;4.383156E-002
5.469148E+002;4.575749E-002
5.481828E+002;4.866247E-002
5.494507E+002;5.453139E-002
5.507187E+002;5.948353E-002
5.519867E+002;5.650547E-002
5.532546E+002;5.848856E-002
5.545226E+002;5.948353E-002
5.557906E+002;6.048075E-002
5.570586E+002;6.449275E-002
5.583265E+002;6.550155E-002
5.595945E+002;6.854216E-002
5.608625E+002;7.779369E-002
5.621304E+002;8.092191E-002
5.633984E+002;8.092191E-002
5.646664E+002;8.932222E-002
5.659343E+002;9.044398E-002
5.672023E+002;9.468996E-002
5.684703E+002;9.691001E-002
5.697383E+002;9.908694E-002
5.710062E+002;1.112590E-001
5.722742E+002;1.426072E-001
5.735422E+002;1.623485E-001
5.748101E+002;1.537247E-001
5.760781E+002;1.320614E-001
5.773461E+002;1.295961E-001
5.786141E+002;1.226863E-001
5.798820E+002;1.169635E-001
5.811500E+002;1.090204E-001
5.824180E+002;9.799714E-002
5.836859E+002;9.474394E-002
5.849539E+002;8.937559E-002
5.862219E+002;8.097421E-002
5.874899E+002;7.572071E-002
5.887578E+002;6.555206E-002
5.900258E+002;6.053068E-002
5.912938E+002;4.968382E-002
5.925617E+002;3.914886E-002
5.938297E+002;3.526909E-002
5.950977E+002;3.058410E-002
5.963657E+002;2.594911E-002
5.976336E+002;2.045162E-002
5.989016E+002;1.682491E-002
6.001696E+002;1.412463E-002
6.014375E+002;9.661166E-003
6.027055E+002;9.661166E-003
6.039734E+002;7.888526E-003
6.052414E+002;8.773924E-003
6.065094E+002;8.773924E-003
6.077773E+002;8.773924E-003
6.090453E+002;8.773924E-003
6.103133E+002;9.661166E-003
6.115813E+002;1.055019E-002
6.128492E+002;1.144107E-002
6.141172E+002;1.322827E-002
6.153852E+002;1.592296E-002
6.166531E+002;1.954211E-002
6.179211E+002;2.590300E-002
6.191891E+002;2.969963E-002
6.204571E+002;5.650547E-002
6.217250E+002;7.572071E-002
6.229930E+002;1.045222E-001
6.242610E+002;1.307096E-001
6.255289E+002;1.573284E-001
6.267969E+002;1.573908E-001
6.280649E+002;1.403214E-001
6.293328E+002;1.296546E-001
6.306008E+002;1.547159E-001
6.318688E+002;1.752236E-001
6.331368E+002;1.378686E-001
6.344047E+002;1.414628E-001
6.356727E+002;1.463018E-001
6.369407E+002;1.499667E-001
6.382086E+002;1.573908E-001
6.394766E+002;1.573908E-001
6.407446E+002;1.549020E-001
6.420126E+002;8.549815E-002
6.432805E+002;6.263258E-002
6.445485E+002;4.769196E-002
6.458165E+002;3.526909E-002
6.470844E+002;2.687215E-002
6.483524E+002;2.045162E-002
6.496204E+002;1.954211E-002
6.508884E+002;2.045162E-002
6.521563E+002;2.410887E-002
6.534243E+002;2.410887E-002
6.546923E+002;2.410887E-002
6.559602E+002;2.410887E-002
6.572282E+002;2.502800E-002
6.584962E+002;2.502800E-002
6.597642E+002;2.687215E-002
6.610321E+002;2.687215E-002
6.623000E+002;2.136303E-002
6.635681E+002;1.954211E-002
6.648360E+002;1.682491E-002
6.661040E+002;1.059470E-002
6.673719E+002;1.233375E-002
6.686399E+002;9.661166E-003
6.699079E+002;-3.029457E-003
6.711758E+002;-3.029457E-003
6.724438E+002;2.613609E-003
6.737118E+002;4.364805E-003
6.749798E+002;7.004895E-003
6.762477E+002;9.661166E-003
6.775157E+002;9.661166E-003
6.787837E+002;1.144107E-002
6.800516E+002;1.587790E-002
6.813196E+002;1.949668E-002
6.825876E+002;2.319165E-002
6.838556E+002;2.687215E-002
6.851235E+002;3.058410E-002
6.863915E+002;3.621217E-002
6.876595E+002;4.000518E-002
6.889274E+002;4.095861E-002
6.901954E+002;6.641149E-002
6.914634E+002;7.257830E-002
6.927313E+002;7.878186E-002
6.939993E+002;8.719362E-002
6.952673E+002;9.151498E-002
6.965353E+002;9.908694E-002
6.978032E+002;1.045775E-001
6.990712E+002;1.237822E-001
7.003392E+002;1.499054E-001
7.016071E+002;1.598939E-001
7.028751E+002;1.843558E-001
7.041431E+002;1.897674E-001
7.054111E+002;1.978422E-001
7.066790E+002;2.075382E-001
7.079470E+002;2.104193E-001
7.092150E+002;2.204035E-001
7.104829E+002;2.502637E-001
7.117509E+002;2.855864E-001
7.130189E+002;3.305901E-001
7.142869E+002;4.591702E-001
7.155548E+002;3.822660E-001
7.168228E+002;3.309622E-001
7.180908E+002;2.960212E-001
7.193587E+002;2.742517E-001
7.206267E+002;2.518120E-001
7.218947E+002;2.350770E-001
7.231627E+002;2.276783E-001
7.244306E+002;2.218487E-001
7.256985E+002;2.104193E-001
7.269666E+002;1.993516E-001
7.282345E+002;1.858190E-001
7.295025E+002;1.701176E-001
7.307704E+002;1.500894E-001
7.320384E+002;1.216506E-001
7.333064E+002;1.079054E-001
7.345743E+002;9.908694E-002
7.358423E+002;8.618615E-002
7.371103E+002;6.956042E-002
7.383783E+002;5.948353E-002
7.396462E+002;4.968382E-002
7.409142E+002;4.005281E-002
7.421822E+002;3.156376E-002
7.434501E+002;3.058410E-002
7.447181E+002;2.965312E-002
7.459861E+002;2.965312E-002
7.472541E+002;2.965312E-002
7.485220E+002;3.058410E-002
7.497900E+002;3.715734E-002
7.510580E+002;4.000518E-002
7.523259E+002;4.861389E-002
7.535939E+002;5.060999E-002
7.548619E+002;5.453139E-002
7.561298E+002;5.943372E-002
7.573978E+002;6.048075E-002
7.586658E+002;6.348625E-002
7.599338E+002;7.675596E-002
7.612017E+002;8.830985E-002
7.624697E+002;8.830985E-002
7.637377E+002;7.883395E-002
7.650056E+002;8.092191E-002
7.662736E+002;8.830985E-002
7.675416E+002;8.937559E-002
7.688096E+002;9.044398E-002
7.700775E+002;1.001248E-001
7.713455E+002;1.001795E-001
7.726135E+002;9.908694E-002
7.738814E+002;9.044398E-002
7.751494E+002;8.618615E-002
7.764174E+002;7.779369E-002
7.776854E+002;7.058107E-002
7.789533E+002;6.854216E-002
7.802213E+002;5.853827E-002
7.814893E+002;4.484160E-002
7.827572E+002;2.974614E-002
7.840252E+002;2.965312E-002
7.852932E+002;2.779715E-002
7.865612E+002;2.779715E-002
7.878291E+002;2.779715E-002
7.890970E+002;2.779715E-002
7.903651E+002;3.058410E-002
7.916330E+002;3.432802E-002
7.929010E+002;3.621217E-002
7.941689E+002;3.905383E-002
7.954369E+002;4.000518E-002
7.967049E+002;4.095861E-002
7.979728E+002;4.095861E-002
7.992408E+002;4.479344E-002
8.005088E+002;4.866247E-002
8.017768E+002;5.354773E-002
8.030447E+002;5.060999E-002
8.043127E+002;5.060999E-002
8.055807E+002;5.453139E-002
8.068486E+002;5.650547E-002
8.081166E+002;5.948353E-002
8.093846E+002;5.948353E-002
8.106525E+002;6.651273E-002
8.119205E+002;6.956042E-002
8.131885E+002;7.058107E-002
8.144565E+002;7.468793E-002
8.157244E+002;7.572071E-002
8.169924E+002;7.572071E-002
8.182604E+002;7.572071E-002
8.195283E+002;7.468793E-002
8.207963E+002;7.365754E-002
8.220643E+002;6.752624E-002
8.233323E+002;6.348625E-002
8.246002E+002;6.048075E-002
8.258682E+002;5.453139E-002
8.271362E+002;4.866247E-002
8.284041E+002;4.479344E-002
8.296721E+002;4.000518E-002
8.309401E+002;3.810453E-002
8.322081E+002;3.343593E-002
8.334760E+002;3.058410E-002
8.347440E+002;3.058410E-002
8.360120E+002;2.965312E-002
8.372799E+002;2.872416E-002
8.385479E+002;2.779715E-002
8.398159E+002;2.594911E-002
8.410839E+002;2.502800E-002
8.423518E+002;2.410887E-002
8.436198E+002;2.319165E-002
8.448878E+002;2.410887E-002
8.461557E+002;2.502800E-002
8.474237E+002;2.502800E-002
8.486917E+002;2.319165E-002
8.499597E+002;2.227639E-002
8.512276E+002;2.045162E-002
8.524955E+002;1.954211E-002
8.537635E+002;1.954211E-002
8.550315E+002;1.954211E-002
8.562995E+002;1.863448E-002
8.575674E+002;1.863448E-002
8.588354E+002;1.772877E-002
8.601034E+002;1.592296E-002
8.613713E+002;1.412463E-002
8.626393E+002;1.322827E-002
8.639073E+002;1.233375E-002
8.651753E+002;1.233375E-002
8.664432E+002;1.144107E-002
8.677112E+002;1.144107E-002
8.689792E+002;1.055019E-002
8.702471E+002;1.055019E-002
8.715151E+002;9.661166E-003
8.727831E+002;9.661166E-003
8.740510E+002;8.773924E-003
8.753190E+002;7.888526E-003
8.765870E+002;7.888526E-003
8.778550E+002;8.773924E-003
8.791229E+002;8.773924E-003
8.803909E+002;8.773924E-003
8.816589E+002;7.888526E-003
8.829268E+002;7.888526E-003
8.841948E+002;7.888526E-003
8.854628E+002;7.004895E-003
8.867308E+002;7.004895E-003
8.879987E+002;7.004895E-003
8.892667E+002;7.004895E-003
8.905347E+002;7.004895E-003
8.918026E+002;7.004895E-003
8.930706E+002;7.004895E-003
8.943386E+002;7.004895E-003
8.956066E+002;7.004895E-003
8.968745E+002;7.004895E-003
8.981425E+002;7.004895E-003
8.994105E+002;7.004895E-003
9.006784E+002;7.004895E-003
9.019464E+002;7.888526E-003
9.032144E+002;7.888526E-003
9.044824E+002;7.888526E-003
9.057503E+002;7.888526E-003
9.070182E+002;7.888526E-003
9.082863E+002;7.888526E-003
9.095542E+002;7.004895E-003
9.108222E+002;7.004895E-003
9.120901E+002;7.004895E-003
9.133582E+002;7.004895E-003
9.146261E+002;7.004895E-003
9.158940E+002;7.004895E-003
9.171620E+002;7.888526E-003
9.184300E+002;7.888526E-003
9.196980E+002;7.888526E-003
9.209659E+002;8.773924E-003
9.222339E+002;8.773924E-003
9.235019E+002;8.773924E-003
9.247698E+002;8.773924E-003
9.260378E+002;8.773924E-003
9.273058E+002;8.773924E-003
9.285738E+002;8.773924E-003
9.298417E+002;8.773924E-003
9.311097E+002;8.773924E-003
9.323777E+002;8.773924E-003
9.336456E+002;9.661166E-003
9.349136E+002;9.661166E-003
9.361816E+002;8.773924E-003
9.374495E+002;8.773924E-003
9.387175E+002;8.773924E-003
9.399855E+002;7.888526E-003
9.412535E+002;7.004895E-003
9.425214E+002;7.004895E-003
9.437894E+002;7.888526E-003
9.450574E+002;8.773924E-003
9.463253E+002;9.661166E-003
9.475933E+002;9.661166E-003
9.488613E+002;9.661166E-003
9.501293E+002;8.773924E-003
9.513972E+002;7.888526E-003
9.526652E+002;7.004895E-003
9.539332E+002;7.004895E-003
9.552011E+002;7.004895E-003
9.564691E+002;7.888526E-003
9.577371E+002;8.773924E-003
9.590051E+002;8.773924E-003
9.602730E+002;8.773924E-003
9.615410E+002;8.773924E-003
9.628090E+002;7.004895E-003
9.640769E+002;6.123092E-003
9.653449E+002;6.123092E-003
9.666129E+002;5.243076E-003
9.678809E+002;5.243076E-003
9.691488E+002;5.243076E-003
9.704167E+002;6.123092E-003
9.716848E+002;6.123092E-003
9.729527E+002;5.243076E-003
9.742207E+002;5.243076E-003
9.754886E+002;5.243076E-003
9.767567E+002;6.123092E-003
9.780246E+002;6.123092E-003
9.792925E+002;6.123092E-003
9.805605E+002;8.773924E-003
9.818285E+002;7.888526E-003
9.830965E+002;7.888526E-003
9.843644E+002;7.004895E-003
9.856324E+002;7.004895E-003
9.869004E+002;9.661166E-003
9.881683E+002;9.661166E-003
9.894363E+002;1.055019E-002
9.907043E+002;1.322827E-002
9.919723E+002;1.502288E-002
9.932402E+002;1.592296E-002
9.945082E+002;1.863448E-002
9.957762E+002;1.954211E-002
9.970441E+002;2.045162E-002
9.983121E+002;2.136303E-002
9.995801E+002;2.227639E-002
1.000848E+003;2.965312E-002
1.002116E+003;3.526909E-002
1.003384E+003;3.905383E-002
1.004652E+003;4.287181E-002
1.005920E+003;4.866247E-002
1.007188E+003;5.551733E-002
1.008456E+003;5.848856E-002
1.009724E+003;6.545108E-002
1.010992E+003;9.458193E-002
1.012260E+003;1.203308E-001
1.013528E+003;1.307683E-001
1.014796E+003;1.402615E-001
1.016064E+003;1.561446E-001
1.017332E+003;1.598939E-001
1.018600E+003;1.790764E-001
1.019868E+003;2.019712E-001
1.021136E+003;2.090116E-001
1.022404E+003;2.048154E-001
1.023672E+003;2.034257E-001
1.024939E+003;2.034257E-001
1.026207E+003;2.034257E-001
1.027475E+003;2.034257E-001
1.028743E+003;2.090116E-001
1.030011E+003;2.090116E-001
1.031279E+003;2.006595E-001
1.032547E+003;1.938200E-001
1.033815E+003;1.897674E-001
1.035083E+003;1.818401E-001
1.036351E+003;1.714045E-001
1.037619E+003;1.523656E-001
1.038887E+003;1.402615E-001
1.040155E+003;1.295961E-001
1.041423E+003;1.090204E-001
1.042691E+003;9.044398E-002
1.043959E+003;8.724668E-002
1.045227E+003;8.407278E-002
1.046495E+003;8.092191E-002
1.047763E+003;8.092191E-002
1.049031E+003;8.092191E-002
1.050299E+003;8.937559E-002
1.051567E+003;1.001795E-001
1.052835E+003;1.146388E-001
1.054103E+003;1.331222E-001
1.055371E+003;1.487416E-001
1.056639E+003;1.687063E-001
1.057907E+003;1.804561E-001
1.059175E+003;1.992142E-001
1.060443E+003;2.103488E-001
1.061711E+003;2.305488E-001
1.062979E+003;2.410881E-001
1.064247E+003;2.426039E-001
1.065515E+003;2.487209E-001
1.066782E+003;2.502637E-001
1.068050E+003;2.612194E-001
1.069318E+003;2.708352E-001
1.070586E+003;2.974833E-001
1.071854E+003;3.305901E-001
1.073122E+003;3.495953E-001
1.074390E+003;3.797598E-001
1.075658E+003;4.012095E-001
1.076926E+003;4.190750E-001
1.078194E+003;4.329737E-001
1.079462E+003;4.497716E-001
1.080730E+003;4.621809E-001
1.081998E+003;4.801720E-001
1.083266E+003;4.801720E-001
1.084534E+003;4.775558E-001
1.085802E+003;4.698003E-001
1.087070E+003;4.571745E-001
1.088338E+003;4.449055E-001
1.089606E+003;4.353339E-001
1.090874E+003;4.306261E-001
1.092142E+003;4.012095E-001
1.093410E+003;3.840500E-001
1.094678E+003;3.798639E-001
1.095946E+003;3.695722E-001
1.097214E+003;3.517376E-001
1.098482E+003;3.345128E-001
1.099750E+003;3.090070E-001
1.101018E+003;2.470301E-001
1.102286E+003;2.033563E-001
1.103554E+003;1.738604E-001
1.104822E+003;1.450870E-001
1.106090E+003;1.402615E-001
1.107358E+003;1.366771E-001
1.108625E+003;1.284271E-001
1.109893E+003;1.249387E-001
1.111161E+003;1.169066E-001
1.112429E+003;1.090762E-001
1.113697E+003;1.034738E-001
1.114965E+003;9.908694E-002
1.116233E+003;9.044398E-002
1.117501E+003;8.618615E-002
1.118769E+003;8.092191E-002
1.120037E+003;7.987665E-002
1.121305E+003;7.883395E-002
1.122573E+003;7.675596E-002
1.123841E+003;7.468793E-002
1.125109E+003;7.365754E-002
1.126377E+003;7.262965E-002
1.127645E+003;7.058107E-002
1.128913E+003;6.956042E-002
1.130181E+003;6.854216E-002
1.131449E+003;6.651273E-002
1.132717E+003;6.550155E-002
1.133985E+003;6.148030E-002
1.135253E+003;6.048075E-002
1.136521E+003;5.948353E-002
1.137789E+003;5.948353E-002
1.139057E+003;5.948353E-002
1.140325E+003;5.948353E-002
1.141593E+003;5.948353E-002
1.142861E+003;5.848856E-002
1.144129E+003;5.749590E-002
1.145397E+003;5.749590E-002
1.146665E+003;5.848856E-002
1.147933E+003;5.848856E-002
1.149201E+003;5.948353E-002
1.150469E+003;5.948353E-002
1.151736E+003;6.048075E-002
1.153004E+003;6.449275E-002
1.154272E+003;6.854216E-002
1.155540E+003;6.956042E-002
1.156808E+003;7.572071E-002
1.158076E+003;7.987665E-002
1.159344E+003;8.092191E-002
1.160612E+003;8.830985E-002
1.161880E+003;1.089646E-001
1.163148E+003;1.341856E-001
1.164416E+003;1.638025E-001
1.165684E+003;1.939558E-001
1.166952E+003;2.396529E-001
1.168220E+003;2.942218E-001
1.169488E+003;3.381873E-001
1.170756E+003;3.840500E-001
1.172024E+003;4.100504E-001
1.173292E+003;4.306261E-001
1.174560E+003;4.101621E-001
1.175828E+003;4.305090E-001
1.177096E+003;4.400934E-001
1.178364E+003;4.497716E-001
1.179632E+003;4.329737E-001
1.180900E+003;4.647059E-001
1.182168E+003;5.214335E-001
1.183436E+003;5.482136E-001
1.184704E+003;5.482136E-001
1.185972E+003;5.301780E-001
1.187240E+003;4.699284E-001
1.188508E+003;4.147649E-001
1.189776E+003;3.776823E-001
1.191044E+003;3.457272E-001
1.192312E+003;3.196645E-001
1.193579E+003;2.992963E-001
1.194847E+003;2.790142E-001
1.196115E+003;2.790142E-001
1.197383E+003;2.790142E-001
1.198651E+003;2.597163E-001
1.199919E+003;2.381473E-001
1.201187E+003;2.091521E-001
1.202455E+003;1.609621E-001
1.203723E+003;1.179310E-001
1.204991E+003;8.092191E-002
1.206259E+003;6.956042E-002
1.207527E+003;6.048075E-002
1.208795E+003;4.963512E-002
1.210063E+003;4.479344E-002
1.211331E+003;3.905383E-002
1.212599E+003;3.526909E-002
1.213867E+003;2.784346E-002
1.215135E+003;2.594911E-002
1.216403E+003;2.410887E-002
1.217671E+003;2.227639E-002
1.218939E+003;2.136303E-002
1.220207E+003;2.136303E-002
1.221475E+003;2.136303E-002
1.222743E+003;2.227639E-002
1.224011E+003;2.319165E-002
1.225279E+003;2.319165E-002
1.226547E+003;2.410887E-002
1.227815E+003;2.594911E-002
1.229083E+003;2.779715E-002
1.230351E+003;2.872416E-002
1.231619E+003;3.058410E-002
1.232887E+003;3.151705E-002
1.234155E+003;3.058410E-002
1.235422E+003;3.338902E-002
1.236690E+003;3.526909E-002
1.237958E+003;3.905383E-002
1.239226E+003;4.000518E-002
1.240494E+003;4.287181E-002
1.241762E+003;4.575749E-002
1.243030E+003;4.866247E-002
1.244298E+003;5.060999E-002
1.245566E+003;5.650547E-002
1.246834E+003;5.948353E-002
1.248102E+003;6.651273E-002
1.249370E+003;6.854216E-002
1.250638E+003;8.086958E-002
1.251906E+003;8.512816E-002
1.253174E+003;9.044398E-002
1.254442E+003;9.799714E-002
1.255710E+003;1.067933E-001
1.256978E+003;1.101382E-001
1.258246E+003;1.112590E-001
1.259514E+003;1.203308E-001
1.260782E+003;1.249387E-001
1.262050E+003;1.307683E-001
1.263318E+003;1.402615E-001
1.264586E+003;1.450870E-001
1.265854E+003;1.487416E-001
1.267122E+003;1.499667E-001
1.268390E+003;1.499667E-001
1.269658E+003;1.499667E-001
1.270926E+003;1.499667E-001
1.272194E+003;1.487416E-001
1.273462E+003;1.450870E-001
1.274730E+003;1.402615E-001
1.275998E+003;1.402615E-001
1.277266E+003;1.390634E-001
1.278533E+003;1.354889E-001
1.279801E+003;1.319437E-001
1.281069E+003;1.307683E-001
1.282337E+003;1.295961E-001
1.283605E+003;1.272612E-001
1.284873E+003;1.272612E-001
1.286141E+003;1.260984E-001
1.287409E+003;1.260984E-001
1.288677E+003;1.260984E-001
1.289945E+003;1.203308E-001
1.291213E+003;1.191293E-001
1.292481E+003;1.100823E-001
1.293749E+003;9.691001E-002
1.295017E+003;9.044398E-002
1.296285E+003;8.618615E-002
1.297553E+003;7.987665E-002
1.298821E+003;7.675596E-002
1.300089E+003;7.058107E-002
1.301357E+003;6.651273E-002
1.302625E+003;5.953331E-002
1.303893E+003;5.453139E-002
1.305161E+003;5.354773E-002
1.306429E+003;5.060999E-002
1.307697E+003;4.963512E-002
1.308965E+003;4.963512E-002
1.310233E+003;4.963512E-002
1.311501E+003;4.963512E-002
1.312769E+003;5.453139E-002
1.314037E+003;5.749590E-002
1.315305E+003;5.948353E-002
1.316573E+003;6.048075E-002
1.317841E+003;6.449275E-002
1.319109E+003;6.854216E-002
1.320376E+003;7.058107E-002
1.321644E+003;7.883395E-002
1.322912E+003;8.407278E-002
1.324180E+003;8.724668E-002
1.325448E+003;8.830985E-002
1.326716E+003;8.937559E-002
1.327984E+003;9.044398E-002
1.329252E+003;9.366497E-002
1.330520E+003;9.582565E-002
1.331788E+003;9.799714E-002
1.333056E+003;9.908694E-002
1.334324E+003;1.123827E-001
1.335592E+003;1.169066E-001
1.336860E+003;1.214782E-001
1.338128E+003;1.249387E-001
1.339396E+003;1.295961E-001
1.340664E+003;1.354889E-001
1.341932E+003;2.007284E-001
1.343200E+003;2.104898E-001
1.344468E+003;2.381473E-001
1.345736E+003;2.708352E-001
1.347004E+003;2.806687E-001
1.348272E+003;2.856703E-001
1.349540E+003;2.890369E-001
1.350808E+003;2.890369E-001
1.352076E+003;2.890369E-001
1.353344E+003;2.890369E-001
1.354612E+003;2.890369E-001
1.355880E+003;2.890369E-001
1.357148E+003;2.873503E-001
1.358416E+003;2.740884E-001
1.359684E+003;2.890369E-001
1.360952E+003;2.873503E-001
1.362219E+003;2.596373E-001
1.363487E+003;2.007284E-001
1.364755E+003;1.805219E-001
1.366023E+003;1.488640E-001
1.367291E+003;1.295376E-001
1.368559E+003;1.203308E-001
1.369827E+003;1.169066E-001
1.371095E+003;1.101382E-001
1.372363E+003;9.691001E-002
1.373631E+003;8.512816E-002
1.374899E+003;7.883395E-002
1.376167E+003;7.883395E-002
1.377435E+003;7.987665E-002
1.378703E+003;8.092191E-002
1.379971E+003;8.092191E-002
1.381239E+003;8.196965E-002
1.382507E+003;8.092191E-002
1.383775E+003;7.987665E-002
1.385043E+003;7.883395E-002
1.386311E+003;7.779369E-002
1.387579E+003;7.779369E-002
1.388847E+003;7.675596E-002
1.390115E+003;7.572071E-002
1.391383E+003;7.572071E-002
1.392651E+003;7.572071E-002
1.393919E+003;7.468793E-002
1.395187E+003;7.365754E-002
1.396455E+003;7.365754E-002
1.397723E+003;7.058107E-002
1.398991E+003;7.058107E-002
1.400259E+003;6.854216E-002
1.401527E+003;6.348625E-002
1.402795E+003;6.248211E-002
1.404063E+003;6.048075E-002
1.405330E+003;5.948353E-002
1.406598E+003;5.948353E-002
1.407866E+003;5.650547E-002
1.409134E+003;5.060999E-002
1.410402E+003;4.769196E-002
1.411670E+003;4.479344E-002
1.412938E+003;4.383156E-002
1.414206E+003;4.287181E-002
1.415474E+003;4.000518E-002
1.416742E+003;3.905383E-002
1.418010E+003;3.905383E-002
1.419278E+003;3.810453E-002
1.420546E+003;3.526909E-002
1.421814E+003;3.245205E-002
1.423082E+003;3.058410E-002
1.424350E+003;2.965312E-002
1.425618E+003;2.965312E-002
1.426886E+003;2.965312E-002
1.428154E+003;2.965312E-002
1.429422E+003;2.965312E-002
1.430690E+003;3.058410E-002
1.431958E+003;3.058410E-002
1.433226E+003;3.058410E-002
1.434494E+003;3.151705E-002
1.435762E+003;3.245205E-002
1.437030E+003;3.432802E-002
1.438298E+003;3.526909E-002
1.439566E+003;3.810453E-002
1.440834E+003;4.000518E-002
1.442102E+003;4.095861E-002
1.443370E+003;4.479344E-002
1.444638E+003;4.769196E-002
1.445906E+003;4.963512E-002
1.447173E+003;5.158702E-002
1.448441E+003;5.749590E-002
1.449709E+003;6.651273E-002
1.450977E+003;6.854216E-002
1.452245E+003;6.651273E-002
1.453513E+003;6.449275E-002
1.454781E+003;5.948353E-002
1.456049E+003;5.848856E-002
1.457317E+003;5.749590E-002
1.458585E+003;5.749590E-002
1.459853E+003;5.948353E-002
1.461121E+003;6.048075E-002
1.462389E+003;6.048075E-002
1.463657E+003;5.948353E-002
1.464925E+003;5.551733E-002
1.466193E+003;4.866247E-002
1.467461E+003;4.383156E-002
1.468729E+003;3.995755E-002
1.469997E+003;3.058410E-002
1.471265E+003;2.410887E-002
1.472533E+003;2.319165E-002
1.473801E+003;2.045162E-002
1.475069E+003;2.227639E-002
1.476337E+003;2.410887E-002
1.477605E+003;2.502800E-002
1.478873E+003;2.502800E-002
1.480141E+003;2.687215E-002
1.481409E+003;3.151705E-002
1.482677E+003;3.432802E-002
1.483945E+003;4.000518E-002
1.485213E+003;4.000518E-002
1.486481E+003;4.287181E-002
1.487749E+003;4.287181E-002
1.489016E+003;4.287181E-002
1.490284E+003;4.287181E-002
1.491552E+003;4.191414E-002
1.492820E+003;4.000518E-002
1.494088E+003;3.805711E-002
1.495356E+003;3.058410E-002
1.496624E+003;2.779715E-002
1.497892E+003;2.687215E-002
1.499160E+003;2.687215E-002
1.500428E+003;2.594911E-002
1.501696E+003;2.502800E-002
1.502964E+003;2.410887E-002
1.504232E+003;2.319165E-002
1.505500E+003;2.136303E-002
1.506768E+003;2.045162E-002
1.508036E+003;2.045162E-002
1.509304E+003;2.319165E-002
1.510572E+003;2.227639E-002
1.511840E+003;1.954211E-002
1.513108E+003;1.954211E-002
1.514376E+003;1.863448E-002
1.515644E+003;1.772877E-002
1.516912E+003;1.772877E-002
1.518180E+003;1.772877E-002
1.519448E+003;1.863448E-002
1.520716E+003;1.954211E-002
1.521984E+003;1.954211E-002
1.523252E+003;1.954211E-002
1.524520E+003;1.954211E-002
1.525788E+003;2.045162E-002
1.527056E+003;2.045162E-002
1.528324E+003;2.045162E-002
1.529592E+003;2.045162E-002
1.530859E+003;2.136303E-002
1.532127E+003;2.136303E-002
1.533395E+003;2.136303E-002
1.534663E+003;2.045162E-002
1.535931E+003;2.045162E-002
1.537199E+003;2.045162E-002
1.538467E+003;2.136303E-002
1.539735E+003;2.136303E-002
1.541003E+003;2.319165E-002
1.542271E+003;2.410887E-002
1.543539E+003;2.502800E-002
1.544807E+003;2.502800E-002
1.546075E+003;2.502800E-002
1.547343E+003;2.594911E-002
1.548611E+003;2.594911E-002
1.549879E+003;2.687215E-002
1.551147E+003;2.872416E-002
1.552415E+003;2.965312E-002
1.553683E+003;2.965312E-002
1.554951E+003;2.965312E-002
1.556219E+003;2.965312E-002
1.557487E+003;3.058410E-002
1.558755E+003;3.151705E-002
1.560023E+003;3.151705E-002
1.561291E+003;3.245205E-002
1.562559E+003;3.245205E-002
1.563827E+003;3.245205E-002
1.565095E+003;3.245205E-002
1.566363E+003;3.245205E-002
1.567631E+003;3.245205E-002
1.568899E+003;3.245205E-002
1.570167E+003;3.338902E-002
1.571435E+003;3.432802E-002
1.572703E+003;3.526909E-002
1.573970E+003;3.715734E-002
1.575238E+003;3.715734E-002
1.576506E+003;3.810453E-002
1.577774E+003;3.905383E-002
1.579042E+003;4.095861E-002
1.580310E+003;4.287181E-002
1.581578E+003;4.575749E-002
1.582846E+003;4.769196E-002
1.584114E+003;4.963512E-002
1.585382E+003;5.065877E-002
1.586650E+003;5.749590E-002
1.587918E+003;5.848856E-002
1.589186E+003;6.148030E-002
1.590454E+003;7.883395E-002
1.591722E+003;9.044398E-002
1.592990E+003;9.799714E-002
1.594258E+003;1.090204E-001
1.595526E+003;1.101382E-001
1.596794E+003;1.112590E-001
1.598062E+003;1.135093E-001
1.599330E+003;1.146388E-001
1.600598E+003;1.135093E-001
1.601866E+003;1.045775E-001
1.603134E+003;9.582565E-002
1.604402E+003;8.937559E-002
1.605670E+003;8.092191E-002
1.606938E+003;7.572071E-002
1.608206E+003;7.160417E-002
1.609474E+003;6.956042E-002
1.610742E+003;6.752624E-002
1.612010E+003;6.148030E-002
1.613278E+003;6.048075E-002
1.614546E+003;6.048075E-002
1.615813E+003;5.848856E-002
1.617081E+003;5.060999E-002
1.618349E+003;4.866247E-002
1.619617E+003;4.191414E-002
1.620885E+003;3.432802E-002
1.622153E+003;3.058410E-002
1.623421E+003;2.872416E-002
1.624689E+003;2.779715E-002
1.625957E+003;2.687215E-002
1.627225E+003;2.687215E-002
1.628493E+003;2.687215E-002
1.629761E+003;2.687215E-002
1.631029E+003;2.594911E-002
1.632297E+003;2.594911E-002
1.633565E+003;2.502800E-002
1.634833E+003;2.410887E-002
1.636101E+003;2.410887E-002
1.637369E+003;2.410887E-002
1.638637E+003;2.410887E-002
1.639905E+003;2.410887E-002
1.641173E+003;2.410887E-002
1.642441E+003;2.410887E-002
1.643709E+003;2.410887E-002
1.644977E+003;2.319165E-002
1.646245E+003;2.319165E-002
1.647513E+003;2.045162E-002
1.648781E+003;2.045162E-002
1.650049E+003;2.227639E-002
1.651317E+003;2.410887E-002
1.652585E+003;2.410887E-002
1.653853E+003;2.410887E-002
1.655121E+003;2.410887E-002
1.656389E+003;2.410887E-002
1.657656E+003;2.319165E-002
1.658924E+003;2.319165E-002
1.660192E+003;2.319165E-002
1.661460E+003;2.045162E-002
1.662728E+003;2.045162E-002
1.663996E+003;2.045162E-002
1.665264E+003;2.045162E-002
1.666532E+003;2.045162E-002
1.667800E+003;2.136303E-002
1.669068E+003;2.136303E-002
1.670336E+003;2.136303E-002
1.671604E+003;2.136303E-002
1.672872E+003;2.136303E-002
1.674140E+003;2.136303E-002
1.675408E+003;2.227639E-002
1.676676E+003;2.227639E-002
1.677944E+003;2.319165E-002
1.679212E+003;2.319165E-002
1.680480E+003;2.319165E-002
1.681748E+003;2.410887E-002
1.683016E+003;2.594911E-002
1.684284E+003;2.594911E-002
1.685552E+003;2.687215E-002
1.686820E+003;2.779715E-002
1.688088E+003;2.872416E-002
1.689356E+003;2.965312E-002
1.690624E+003;3.058410E-002
1.691892E+003;3.151705E-002
1.693160E+003;3.338902E-002
1.694428E+003;3.432802E-002
1.695696E+003;3.621217E-002
1.696964E+003;3.810453E-002
1.698232E+003;3.905383E-002
1.699500E+003;3.905383E-002
1.700767E+003;4.191414E-002
1.702035E+003;4.575749E-002
1.703303E+003;4.866247E-002
1.704571E+003;5.060999E-002
1.705839E+003;5.551733E-002
1.707107E+003;5.948353E-002
1.708375E+003;5.948353E-002
1.709643E+003;6.148030E-002
1.710911E+003;6.449275E-002
1.712179E+003;6.752624E-002
1.713447E+003;6.956042E-002
1.714715E+003;7.572071E-002
1.715983E+003;7.883395E-002
1.717251E+003;8.092191E-002
1.718519E+003;8.196965E-002
1.719787E+003;8.196965E-002
1.721055E+003;7.987665E-002
1.722323E+003;7.883395E-002
1.723591E+003;7.675596E-002
1.724859E+003;7.365754E-002
1.726127E+003;7.365754E-002
1.727395E+003;7.262965E-002
1.728663E+003;7.262965E-002
1.729931E+003;7.160417E-002
1.731199E+003;7.160417E-002
1.732467E+003;7.262965E-002
1.733735E+003;7.365754E-002
1.735003E+003;7.883395E-002
1.736271E+003;7.992886E-002
1.737539E+003;8.942895E-002
1.738807E+003;9.799714E-002
1.740075E+003;1.046327E-001
1.741343E+003;1.284854E-001
1.742610E+003;1.586405E-001
1.743878E+003;1.844222E-001
1.745146E+003;2.034257E-001
1.746414E+003;2.707542E-001
1.747682E+003;3.127387E-001
1.748950E+003;3.638131E-001
1.750218E+003;4.214754E-001
1.751486E+003;4.505063E-001
1.752754E+003;7.099654E-001
1.754022E+003;7.473897E-001
1.755290E+003;8.268137E-001
1.756558E+003;9.172146E-001
1.757826E+003;1.040959E+000
1.759094E+003;1.091515E+000
1.760362E+003;1.102373E+000
1.761630E+003;1.101824E+000
1.762898E+003;1.050610E+000
1.764166E+003;1.050610E+000
1.765434E+003;1.050610E+000
1.766702E+003;1.070581E+000
1.767970E+003;1.102373E+000
1.769238E+003;1.124939E+000
1.770506E+003;1.136677E+000
1.771774E+003;1.124939E+000
1.773042E+003;8.256494E-001
1.774310E+003;6.474316E-001
1.775578E+003;5.798792E-001
1.776846E+003;5.477534E-001
1.778114E+003;4.280584E-001
1.779382E+003;3.594192E-001
1.780650E+003;3.268869E-001
1.781918E+003;2.291480E-001
1.783186E+003;1.637392E-001
1.784453E+003;1.450870E-001
1.785721E+003;1.283103E-001
1.786989E+003;1.066822E-001
1.788257E+003;8.932222E-002
1.789525E+003;7.675596E-002
1.790793E+003;7.053001E-002
1.792061E+003;5.848856E-002
1.793329E+003;4.769196E-002
1.794597E+003;4.479344E-002
1.795865E+003;4.479344E-002
1.797133E+003;4.287181E-002
1.798401E+003;4.000518E-002
1.799669E+003;4.000518E-002
1.800937E+003;3.905383E-002
1.802205E+003;3.905383E-002
1.803473E+003;4.000518E-002
1.804741E+003;4.000518E-002
1.806009E+003;4.000518E-002
1.807277E+003;4.287181E-002
1.808545E+003;4.575749E-002
1.809813E+003;4.575749E-002
1.811081E+003;4.769196E-002
1.812349E+003;4.963512E-002
1.813617E+003;5.158702E-002
1.814885E+003;5.158702E-002
1.816153E+003;5.158702E-002
1.817421E+003;5.158702E-002
1.818689E+003;5.158702E-002
1.819957E+003;5.256629E-002
1.821225E+003;5.354773E-002
1.822493E+003;5.453139E-002
1.823761E+003;5.551733E-002
1.825029E+003;5.551733E-002
1.826297E+003;5.354773E-002
1.827564E+003;4.963512E-002
1.828832E+003;4.769196E-002
1.830100E+003;4.672365E-002
1.831368E+003;4.000518E-002
1.832636E+003;3.715734E-002
1.833904E+003;3.526909E-002
1.835172E+003;3.432802E-002
1.836440E+003;3.338902E-002
1.837708E+003;3.058410E-002
1.838976E+003;2.965312E-002
1.840244E+003;2.872416E-002
1.841512E+003;2.687215E-002
1.842780E+003;2.594911E-002
1.844048E+003;2.502800E-002
1.845316E+003;2.410887E-002
1.846584E+003;2.227639E-002
1.847852E+003;2.136303E-002
1.849120E+003;2.045162E-002
1.850388E+003;1.954211E-002
1.851656E+003;1.954211E-002
1.852924E+003;1.954211E-002
1.854192E+003;1.954211E-002
1.855460E+003;1.863448E-002
1.856728E+003;1.863448E-002
1.857996E+003;1.863448E-002
1.859264E+003;1.772877E-002
1.860532E+003;1.772877E-002
1.861800E+003;1.772877E-002
1.863068E+003;1.772877E-002
1.864336E+003;1.772877E-002
1.865604E+003;1.772877E-002
1.866872E+003;1.772877E-002
1.868140E+003;1.682491E-002
1.869407E+003;1.682491E-002
1.870675E+003;1.682491E-002
1.871943E+003;1.682491E-002
1.873211E+003;1.682491E-002
1.874479E+003;1.682491E-002
1.875747E+003;1.682491E-002
1.877015E+003;1.682491E-002
1.878283E+003;1.682491E-002
1.879551E+003;1.682491E-002
1.880819E+003;1.682491E-002
1.882087E+003;1.682491E-002
1.883355E+003;1.772877E-002
1.884623E+003;1.772877E-002
1.885891E+003;1.772877E-002
1.887159E+003;1.772877E-002
1.888427E+003;1.772877E-002
1.889695E+003;1.772877E-002
1.890963E+003;1.772877E-002
1.892231E+003;1.863448E-002
1.893499E+003;1.863448E-002
1.894767E+003;1.954211E-002
1.896035E+003;1.954211E-002
1.897303E+003;2.045162E-002
1.898571E+003;2.045162E-002
1.899839E+003;2.045162E-002
1.901107E+003;1.954211E-002
1.902375E+003;1.954211E-002
1.903643E+003;2.045162E-002
1.904911E+003;2.045162E-002
1.906179E+003;2.045162E-002
1.907447E+003;2.045162E-002
1.908715E+003;2.045162E-002
1.909983E+003;2.136303E-002
1.911250E+003;2.227639E-002
1.912518E+003;2.410887E-002
1.913786E+003;2.502800E-002
1.915054E+003;2.594911E-002
1.916322E+003;2.594911E-002
1.917590E+003;2.502800E-002
1.918858E+003;2.502800E-002
1.920126E+003;2.410887E-002
1.921394E+003;2.410887E-002
1.922662E+003;2.502800E-002
1.923930E+003;2.502800E-002
1.925198E+003;2.502800E-002
1.926466E+003;2.410887E-002
1.927734E+003;2.319165E-002
1.929002E+003;2.319165E-002
1.930270E+003;2.319165E-002
1.931538E+003;2.227639E-002
1.932806E+003;2.136303E-002
1.934074E+003;2.136303E-002
1.935342E+003;2.136303E-002
1.936610E+003;2.136303E-002
1.937878E+003;2.136303E-002
1.939146E+003;2.136303E-002
1.940414E+003;2.136303E-002
1.941682E+003;2.136303E-002
1.942950E+003;2.136303E-002
1.944218E+003;2.227639E-002
1.945486E+003;2.227639E-002
1.946754E+003;2.227639E-002
1.948022E+003;2.319165E-002
1.949290E+003;2.410887E-002
1.950558E+003;2.410887E-002
1.951826E+003;2.410887E-002
1.953094E+003;2.410887E-002
1.954361E+003;2.410887E-002
1.955629E+003;2.319165E-002
1.956897E+003;2.319165E-002
1.958165E+003;2.319165E-002
1.959433E+003;2.319165E-002
1.960701E+003;2.319165E-002
1.961969E+003;2.319165E-002
1.963237E+003;2.319165E-002
1.964505E+003;2.319165E-002
1.965773E+003;2.319165E-002
1.967041E+003;2.319165E-002
1.968309E+003;2.319165E-002
1.969577E+003;2.319165E-002
1.970845E+003;2.227639E-002
1.972113E+003;2.136303E-002
1.973381E+003;2.045162E-002
1.974649E+003;1.954211E-002
1.975917E+003;1.954211E-002
1.977185E+003;1.863448E-002
1.978453E+003;1.863448E-002
1.979721E+003;1.863448E-002
1.980989E+003;1.772877E-002
1.982257E+003;1.682491E-002
1.983525E+003;1.682491E-002
1.984793E+003;1.592296E-002
1.986061E+003;1.502288E-002
1.987329E+003;1.502288E-002
1.988597E+003;1.412463E-002
1.989865E+003;1.412463E-002
1.991133E+003;1.412463E-002
1.992401E+003;1.322827E-002
1.993669E+003;1.322827E-002
1.994937E+003;1.233375E-002
1.996204E+003;1.144107E-002
1.997472E+003;1.144107E-002
1.998740E+003;1.144107E-002
2.000008E+003;2.965312E-002
2.001276E+003;3.058410E-002
2.002544E+003;3.151705E-002
2.003812E+003;3.151705E-002
2.005080E+003;3.151705E-002
2.006348E+003;3.151705E-002
2.007616E+003;3.151705E-002
2.008884E+003;3.151705E-002
2.010152E+003;3.151705E-002
2.011420E+003;3.151705E-002
2.012688E+003;3.151705E-002
2.013956E+003;3.105033E-002
2.015224E+003;3.058410E-002
2.016492E+003;3.058410E-002
2.017760E+003;3.058410E-002
2.019028E+003;3.058410E-002
2.020296E+003;3.058410E-002
2.021564E+003;3.105033E-002
2.022832E+003;3.151705E-002
2.024100E+003;3.151705E-002
2.025368E+003;3.151705E-002
2.026636E+003;3.151705E-002
2.027904E+003;3.151705E-002
2.029172E+003;3.105033E-002
2.030440E+003;3.058410E-002
2.031708E+003;3.011834E-002
2.032976E+003;2.965312E-002
2.034244E+003;2.918839E-002
2.035512E+003;2.872416E-002
2.036780E+003;2.872416E-002
2.038047E+003;2.872416E-002
2.039315E+003;2.872416E-002
2.040583E+003;2.872416E-002
2.041851E+003;2.918839E-002
2.043119E+003;2.960665E-002
2.044387E+003;2.965312E-002
2.045655E+003;2.965312E-002
2.046923E+003;2.965312E-002
2.048191E+003;2.965312E-002
2.049459E+003;2.965312E-002
2.050727E+003;2.965312E-002
2.051995E+003;2.918839E-002
2.053263E+003;2.872416E-002
2.054531E+003;2.872416E-002
2.055799E+003;2.872416E-002
2.057067E+003;2.872416E-002
2.058335E+003;2.872416E-002
2.059603E+003;2.872416E-002
2.060871E+003;2.872416E-002
2.062139E+003;2.830675E-002
2.063407E+003;2.784346E-002
2.064675E+003;2.738066E-002
2.065943E+003;2.691836E-002
2.067211E+003;2.687215E-002
2.068479E+003;2.687215E-002
2.069747E+003;2.687215E-002
2.071015E+003;2.687215E-002
2.072283E+003;2.687215E-002
2.073551E+003;2.687215E-002
2.074819E+003;2.687215E-002
2.076087E+003;2.687215E-002
2.077354E+003;2.687215E-002
2.078623E+003;2.687215E-002
2.079890E+003;2.687215E-002
2.081158E+003;2.687215E-002
2.082427E+003;2.687215E-002
2.083694E+003;2.687215E-002
2.084962E+003;2.687215E-002
2.086230E+003;2.687215E-002
2.087498E+003;2.687215E-002
2.088766E+003;2.687215E-002
2.090034E+003;2.687215E-002
2.091302E+003;2.687215E-002
2.092570E+003;2.687215E-002
2.093838E+003;2.687215E-002
2.095106E+003;2.687215E-002
2.096374E+003;2.687215E-002
2.097642E+003;2.687215E-002
2.098910E+003;2.687215E-002
2.100178E+003;2.645651E-002
2.101446E+003;2.599519E-002
2.102714E+003;2.594911E-002
2.103982E+003;2.594911E-002
2.105250E+003;2.553436E-002
2.106518E+003;2.507402E-002
2.107786E+003;2.502800E-002
2.109054E+003;2.502800E-002
2.110322E+003;2.502800E-002
2.111590E+003;2.502800E-002
2.112858E+003;2.502800E-002
2.114126E+003;2.502800E-002
2.115394E+003;2.502800E-002
2.116662E+003;2.502800E-002
2.117930E+003;2.502800E-002
2.119198E+003;2.502800E-002
2.120466E+003;2.502800E-002
2.121733E+003;2.502800E-002
2.123001E+003;2.502800E-002
2.124270E+003;2.502800E-002
2.125537E+003;2.502800E-002
2.126805E+003;2.502800E-002
2.128073E+003;2.502800E-002
2.129341E+003;2.502800E-002
2.130609E+003;2.502800E-002
2.131877E+003;2.502800E-002
2.133145E+003;2.502800E-002
2.134413E+003;2.502800E-002
2.135681E+003;2.544227E-002
2.136949E+003;2.590300E-002
2.138217E+003;2.594911E-002
2.139485E+003;2.594911E-002
2.140753E+003;2.636422E-002
2.142021E+003;2.682594E-002
2.143289E+003;2.687215E-002
2.144557E+003;2.687215E-002
2.145825E+003;2.687215E-002
2.147093E+003;2.687215E-002
2.148361E+003;2.645651E-002
2.149629E+003;2.599519E-002
2.150897E+003;2.594911E-002
2.152165E+003;2.594911E-002
2.153433E+003;2.594911E-002
2.154701E+003;2.594911E-002
2.155969E+003;2.594911E-002
2.157237E+003;2.594911E-002
2.158505E+003;2.594911E-002
2.159773E+003;2.594911E-002
2.161041E+003;2.553436E-002
2.162309E+003;2.507402E-002
2.163576E+003;2.502800E-002
2.164844E+003;2.502800E-002
2.166113E+003;2.502800E-002
2.167380E+003;2.502800E-002
2.168648E+003;2.466010E-002
2.169916E+003;2.420068E-002
2.171184E+003;2.410887E-002
2.172452E+003;2.410887E-002
2.173720E+003;2.410887E-002
2.174988E+003;2.410887E-002
2.176256E+003;2.332910E-002
2.177524E+003;2.241356E-002
2.178792E+003;2.227639E-002
2.180060E+003;2.227639E-002
2.181328E+003;2.191082E-002
2.182596E+003;2.145430E-002
2.183864E+003;2.099826E-002
2.185132E+003;2.054266E-002
2.186400E+003;2.045162E-002
2.187668E+003;2.045162E-002
2.188936E+003;2.045162E-002
2.190204E+003;2.045162E-002
2.191472E+003;2.045162E-002
2.192740E+003;2.045162E-002
2.194008E+003;2.045162E-002
2.195276E+003;2.045162E-002
2.196544E+003;2.045162E-002
2.197812E+003;2.045162E-002
2.199080E+003;2.045162E-002
2.200348E+003;2.045162E-002
2.201616E+003;2.045162E-002
2.202884E+003;2.045162E-002
2.204152E+003;2.008757E-002
2.205419E+003;1.963297E-002
2.206688E+003;1.917883E-002
2.207956E+003;1.872517E-002
2.209223E+003;1.863448E-002
2.210491E+003;1.863448E-002
2.211759E+003;1.863448E-002
2.213027E+003;1.863448E-002
2.214295E+003;1.863448E-002
2.215563E+003;1.863448E-002
2.216831E+003;1.863448E-002
2.218099E+003;1.863448E-002
2.219367E+003;1.863448E-002
2.220635E+003;1.863448E-002
2.221903E+003;1.863448E-002
2.223171E+003;1.863448E-002
2.224439E+003;1.863448E-002
2.225707E+003;1.863448E-002
2.226975E+003;1.863448E-002
2.228243E+003;1.863448E-002
2.229511E+003;1.863448E-002
2.230779E+003;1.863448E-002
2.232047E+003;1.863448E-002
2.233315E+003;1.863448E-002
2.234583E+003;1.863448E-002
2.235851E+003;1.863448E-002
2.237119E+003;1.863448E-002
2.238387E+003;1.863448E-002
2.239655E+003;1.863448E-002
2.240923E+003;1.863448E-002
2.242191E+003;1.863448E-002
2.243459E+003;1.863448E-002
2.244727E+003;1.863448E-002
2.245995E+003;1.863448E-002
2.247262E+003;1.863448E-002
2.248531E+003;1.863448E-002
2.249799E+003;1.827195E-002
2.251066E+003;1.781924E-002
2.252334E+003;1.772877E-002
2.253602E+003;1.772877E-002
2.254870E+003;1.772877E-002
2.256138E+003;1.772877E-002
2.257406E+003;1.772877E-002
2.258674E+003;1.772877E-002
2.259942E+003;1.772877E-002
2.261210E+003;1.772877E-002
2.262478E+003;1.772877E-002
2.263746E+003;1.772877E-002
2.265014E+003;1.772877E-002
2.266282E+003;1.772877E-002
2.267550E+003;1.809080E-002
2.268818E+003;1.854384E-002
2.270086E+003;1.895193E-002
2.271354E+003;1.940582E-002
2.272622E+003;1.922420E-002
2.273890E+003;1.877049E-002
2.275158E+003;1.863448E-002
2.276426E+003;1.863448E-002
2.277694E+003;1.831726E-002
2.278962E+003;1.781924E-002
2.280230E+003;1.736700E-002
2.281498E+003;1.691523E-002
2.282766E+003;1.682491E-002
2.284034E+003;1.682491E-002
2.285302E+003;1.650901E-002
2.286570E+003;1.605813E-002
2.287838E+003;1.592296E-002
2.289105E+003;1.592296E-002
2.290374E+003;1.623843E-002
2.291641E+003;1.668950E-002
2.292909E+003;1.682491E-002
2.294177E+003;1.682491E-002
2.295445E+003;1.650901E-002
2.296713E+003;1.605813E-002
2.297981E+003;1.592296E-002
2.299249E+003;1.592296E-002
2.300517E+003;1.691523E-002
2.301785E+003;1.822669E-002
2.303053E+003;1.863448E-002
2.304321E+003;1.863448E-002
2.305589E+003;1.863448E-002
2.306857E+003;1.863448E-002
2.308125E+003;1.763828E-002
2.309393E+003;1.628353E-002
2.310661E+003;1.560772E-002
2.311929E+003;1.515777E-002
2.313197E+003;1.502288E-002
2.314465E+003;1.502288E-002
2.315733E+003;1.470829E-002
2.317001E+003;1.425924E-002
2.318269E+003;1.412463E-002
2.319537E+003;1.412463E-002
2.320805E+003;1.443880E-002
2.322073E+003;1.488800E-002
2.323341E+003;1.502288E-002
2.324609E+003;1.502288E-002
2.325877E+003;1.470829E-002
2.327145E+003;1.425924E-002
2.328413E+003;1.349697E-002
2.329681E+003;1.260190E-002
2.330948E+003;1.202110E-002
2.332217E+003;1.157485E-002
2.333484E+003;1.144107E-002
2.334752E+003;1.144107E-002
2.336021E+003;1.175327E-002
2.337288E+003;1.219973E-002
2.338556E+003;1.295972E-002
2.339824E+003;1.385553E-002
2.341092E+003;1.412463E-002
2.342360E+003;1.412463E-002
2.343628E+003;1.412463E-002
2.344896E+003;1.412463E-002
2.346164E+003;1.412463E-002
2.347432E+003;1.412463E-002
2.348700E+003;1.412463E-002
2.349968E+003;1.412463E-002
2.351236E+003;1.412463E-002
2.352504E+003;1.412463E-002
2.353772E+003;1.412463E-002
2.355040E+003;1.412463E-002
2.356308E+003;1.412463E-002
2.357576E+003;1.412463E-002
2.358844E+003;1.412463E-002
2.360112E+003;1.412463E-002
2.361380E+003;1.412463E-002
2.362648E+003;1.412463E-002
2.363916E+003;1.412463E-002
2.365184E+003;1.412463E-002
2.366452E+003;1.412463E-002
2.367720E+003;1.412463E-002
2.368988E+003;1.381069E-002
2.370256E+003;1.336260E-002
2.371524E+003;1.291497E-002
2.372792E+003;1.246781E-002
2.374060E+003;1.264662E-002
2.375327E+003;1.309397E-002
2.376595E+003;1.354179E-002
2.377864E+003;1.394524E-002
2.379131E+003;1.443880E-002
2.380399E+003;1.488800E-002
2.381667E+003;1.502288E-002
2.382935E+003;1.502288E-002
2.384203E+003;1.502288E-002
2.385471E+003;1.502288E-002
2.386739E+003;1.502288E-002
2.388007E+003;1.502288E-002
2.389275E+003;1.502288E-002
2.390543E+003;1.502288E-002
2.391811E+003;1.502288E-002
2.393079E+003;1.502288E-002
2.394347E+003;1.502288E-002
2.395615E+003;1.502288E-002
2.396883E+003;1.502288E-002
2.398151E+003;1.502288E-002
2.399419E+003;1.502288E-002
2.400687E+003;1.502288E-002
2.401955E+003;1.502288E-002
2.403223E+003;1.502288E-002
2.404491E+003;1.502288E-002
2.405759E+003;1.502288E-002
2.407027E+003;1.475319E-002
2.408295E+003;1.430413E-002
2.409563E+003;1.412463E-002
2.410831E+003;1.412463E-002
2.412099E+003;1.412463E-002
2.413367E+003;1.412463E-002
2.414635E+003;1.412463E-002
2.415903E+003;1.412463E-002
2.417170E+003;1.412463E-002
2.418438E+003;1.412463E-002
2.419707E+003;1.412463E-002
2.420974E+003;1.412463E-002
2.422242E+003;1.412463E-002
2.423510E+003;1.412463E-002
2.424778E+003;1.412463E-002
2.426046E+003;1.412463E-002
2.427314E+003;1.439393E-002
2.428582E+003;1.484308E-002
2.429850E+003;1.502288E-002
2.431118E+003;1.502288E-002
2.432386E+003;1.502288E-002
2.433654E+003;1.502288E-002
2.434922E+003;1.502288E-002
2.436190E+003;1.502288E-002
2.437458E+003;1.475319E-002
2.438726E+003;1.430413E-002
2.439994E+003;1.412463E-002
2.441262E+003;1.412463E-002
2.442530E+003;1.385553E-002
2.443798E+003;1.340740E-002
2.445066E+003;1.322827E-002
2.446334E+003;1.322827E-002
2.447602E+003;1.349697E-002
2.448870E+003;1.394524E-002
2.450138E+003;1.439393E-002
2.451406E+003;1.484308E-002
2.452674E+003;1.502288E-002
2.453942E+003;1.502288E-002
2.455210E+003;1.502288E-002
2.456478E+003;1.502288E-002
2.457746E+003;1.502288E-002
2.459013E+003;1.502288E-002
2.460281E+003;1.475319E-002
2.461550E+003;1.430413E-002
2.462817E+003;1.412463E-002
2.464085E+003;1.412463E-002
2.465353E+003;1.412463E-002
2.466621E+003;1.412463E-002
2.467889E+003;1.412463E-002
2.469157E+003;1.412463E-002
2.470425E+003;1.412463E-002
2.471693E+003;1.412463E-002
2.472961E+003;1.385553E-002
2.474229E+003;1.340740E-002
2.475497E+003;1.322827E-002
2.476765E+003;1.322827E-002
2.478033E+003;1.349697E-002
2.479301E+003;1.394524E-002
2.480569E+003;1.412463E-002
2.481837E+003;1.412463E-002
2.483105E+003;1.385553E-002
2.484373E+003;1.340740E-002
2.485641E+003;1.322827E-002
2.486909E+003;1.322827E-002
2.488177E+003;1.349697E-002
2.489445E+003;1.394524E-002
2.490713E+003;1.412463E-002
2.491981E+003;1.412463E-002
2.493249E+003;1.385553E-002
2.494517E+003;1.340740E-002
2.495785E+003;1.322827E-002
2.497052E+003;1.322827E-002
2.498321E+003;1.322827E-002
2.499589E+003;1.322827E-002
2.500856E+003;1.322827E-002
2.502125E+003;1.322827E-002
2.503393E+003;1.322827E-002
2.504660E+003;1.322827E-002
2.505928E+003;1.322827E-002
2.507196E+003;1.322827E-002
2.508464E+003;1.349697E-002
2.509732E+003;1.394524E-002
2.511000E+003;1.412463E-002
2.512268E+003;1.412463E-002
2.513536E+003;1.412463E-002
2.514804E+003;1.412463E-002
2.516072E+003;1.412463E-002
2.517340E+003;1.412463E-002
2.518608E+003;1.412463E-002
2.519876E+003;1.412463E-002
2.521144E+003;1.412463E-002
2.522412E+003;1.412463E-002
2.523680E+003;1.412463E-002
2.524948E+003;1.412463E-002
2.526216E+003;1.412463E-002
2.527484E+003;1.412463E-002
2.528752E+003;1.412463E-002
2.530020E+003;1.412463E-002
2.531288E+003;1.412463E-002
2.532556E+003;1.412463E-002
2.533824E+003;1.412463E-002
2.535092E+003;1.412463E-002
2.536360E+003;1.412463E-002
2.537628E+003;1.412463E-002
2.538896E+003;1.412463E-002
2.540164E+003;1.412463E-002
2.541432E+003;1.412463E-002
2.542699E+003;1.412463E-002
2.543968E+003;1.412463E-002
2.545235E+003;1.412463E-002
2.546503E+003;1.412463E-002
2.547771E+003;1.412463E-002
2.549039E+003;1.412463E-002
2.550307E+003;1.412463E-002
2.551575E+003;1.412463E-002
2.552843E+003;1.412463E-002
2.554111E+003;1.412463E-002
2.555379E+003;1.412463E-002
2.556647E+003;1.412463E-002
2.557915E+003;1.412463E-002
2.559183E+003;1.390038E-002
2.560451E+003;1.345220E-002
2.561719E+003;1.300445E-002
2.562987E+003;1.255719E-002
2.564255E+003;1.211039E-002
2.565523E+003;1.166405E-002
2.566791E+003;1.144107E-002
2.568059E+003;1.144107E-002
2.569327E+003;1.166405E-002
2.570595E+003;1.211039E-002
2.571863E+003;1.255719E-002
2.573131E+003;1.300445E-002
2.574399E+003;1.322827E-002
2.575667E+003;1.322827E-002
2.576935E+003;1.322827E-002
2.578203E+003;1.322827E-002
2.579471E+003;1.322827E-002
2.580739E+003;1.322827E-002
2.582007E+003;1.322827E-002
2.583275E+003;1.322827E-002
2.584542E+003;1.322827E-002
2.585811E+003;1.322827E-002
2.587078E+003;1.322827E-002
2.588346E+003;1.322827E-002
2.589615E+003;1.322827E-002
2.590882E+003;1.322827E-002
2.592150E+003;1.322827E-002
2.593418E+003;1.322827E-002
2.594686E+003;1.322827E-002
2.595954E+003;1.322827E-002
2.597222E+003;1.322827E-002
2.598490E+003;1.322827E-002
2.599758E+003;1.322827E-002
2.601026E+003;1.322827E-002
2.602294E+003;1.322827E-002
2.603562E+003;1.322827E-002
2.604830E+003;1.322827E-002
2.606098E+003;1.322827E-002
2.607366E+003;1.322827E-002
2.608634E+003;1.322827E-002
2.609902E+003;1.322827E-002
2.611170E+003;1.322827E-002
2.612438E+003;1.322827E-002
2.613706E+003;1.322827E-002
2.614974E+003;1.322827E-002
2.616242E+003;1.322827E-002
2.617510E+003;1.322827E-002
2.618778E+003;1.322827E-002
2.620046E+003;1.363139E-002
2.621314E+003;1.452862E-002
2.622582E+003;1.502288E-002
2.623850E+003;1.502288E-002
2.625118E+003;1.484308E-002
2.626385E+003;1.439393E-002
2.627654E+003;1.412463E-002
2.628921E+003;1.412463E-002
2.630189E+003;1.394524E-002
2.631458E+003;1.349697E-002
2.632725E+003;1.304921E-002
2.633993E+003;1.260190E-002
2.635261E+003;1.233375E-002
2.636529E+003;1.233375E-002
2.637797E+003;1.233375E-002
2.639065E+003;1.233375E-002
2.640333E+003;1.233375E-002
2.641601E+003;1.233375E-002
2.642869E+003;1.233375E-002
2.644137E+003;1.233375E-002
2.645405E+003;1.233375E-002
2.646673E+003;1.233375E-002
2.647941E+003;1.233375E-002
2.649209E+003;1.233375E-002
2.650477E+003;1.251251E-002
2.651745E+003;1.295972E-002
2.653013E+003;1.340740E-002
2.654281E+003;1.385553E-002
2.655549E+003;1.412463E-002
2.656817E+003;1.412463E-002
2.658085E+003;1.412463E-002
2.659353E+003;1.412463E-002
2.660621E+003;1.412463E-002
2.661889E+003;1.412463E-002
2.663157E+003;1.394524E-002
2.664425E+003;1.349697E-002
2.665693E+003;1.322827E-002
2.666961E+003;1.322827E-002
2.668229E+003;1.322827E-002
2.669497E+003;1.322827E-002
2.670764E+003;1.322827E-002
2.672032E+003;1.322827E-002
2.673301E+003;1.340740E-002
2.674568E+003;1.385553E-002
2.675836E+003;1.412463E-002
2.677104E+003;1.412463E-002
2.678372E+003;1.412463E-002
2.679640E+003;1.412463E-002
2.680908E+003;1.412463E-002
2.682176E+003;1.412463E-002
2.683444E+003;1.412463E-002
2.684712E+003;1.412463E-002
2.685980E+003;1.412463E-002
2.687248E+003;1.412463E-002
2.688516E+003;1.412463E-002
2.689784E+003;1.412463E-002
2.691052E+003;1.412463E-002
2.692320E+003;1.412463E-002
2.693588E+003;1.394524E-002
2.694856E+003;1.349697E-002
2.696124E+003;1.322827E-002
2.697392E+003;1.322827E-002
2.698660E+003;1.322827E-002
2.699928E+003;1.322827E-002
2.701196E+003;1.322827E-002
2.702464E+003;1.322827E-002
2.703732E+003;1.304921E-002
2.705000E+003;1.260190E-002
2.706268E+003;1.233375E-002
2.707536E+003;1.233375E-002
2.708804E+003;1.233375E-002
2.710072E+003;1.233375E-002
2.711340E+003;1.233375E-002
2.712607E+003;1.233375E-002
2.713875E+003;1.233375E-002
2.715144E+003;1.233375E-002
2.716411E+003;1.233375E-002
2.717679E+003;1.233375E-002
2.718947E+003;1.251251E-002
2.720215E+003;1.295972E-002
2.721483E+003;1.322827E-002
2.722751E+003;1.322827E-002
2.724019E+003;1.322827E-002
2.725287E+003;1.322827E-002
2.726555E+003;1.291497E-002
2.727823E+003;1.202110E-002
2.729091E+003;1.144107E-002
2.730359E+003;1.144107E-002
2.731627E+003;1.144107E-002
2.732895E+003;1.144107E-002
2.734163E+003;1.144107E-002
2.735431E+003;1.144107E-002
2.736699E+003;1.144107E-002
2.737967E+003;1.144107E-002
2.739235E+003;1.144107E-002
2.740503E+003;1.144107E-002
2.741771E+003;1.144107E-002
2.743039E+003;1.144107E-002
2.744307E+003;1.130730E-002
2.745575E+003;1.086178E-002
2.746843E+003;1.055019E-002
2.748111E+003;1.055019E-002
2.749379E+003;1.068370E-002
2.750646E+003;1.112903E-002
2.751915E+003;1.157485E-002
2.753183E+003;1.202110E-002
2.754450E+003;1.246781E-002
2.755719E+003;1.291497E-002
2.756987E+003;1.322827E-002
2.758254E+003;1.322827E-002
2.759522E+003;1.322827E-002
2.760790E+003;1.322827E-002
2.762058E+003;1.309397E-002
2.763326E+003;1.264662E-002
2.764594E+003;1.233375E-002
2.765862E+003;1.233375E-002
2.767130E+003;1.246781E-002
2.768398E+003;1.291497E-002
2.769666E+003;1.336260E-002
2.770934E+003;1.381069E-002
2.772202E+003;1.412463E-002
2.773470E+003;1.412463E-002
2.774738E+003;1.425924E-002
2.776006E+003;1.470829E-002
2.777274E+003;1.502288E-002
2.778542E+003;1.502288E-002
2.779810E+003;1.488800E-002
2.781078E+003;1.443880E-002
2.782346E+003;1.412463E-002
2.783614E+003;1.412463E-002
2.784882E+003;1.412463E-002
2.786150E+003;1.412463E-002
2.787418E+003;1.412463E-002
2.788686E+003;1.412463E-002
2.789954E+003;1.412463E-002
2.791222E+003;1.412463E-002
2.792490E+003;1.399006E-002
2.793758E+003;1.354179E-002
2.795026E+003;1.309397E-002
2.796293E+003;1.264662E-002
2.797562E+003;1.233375E-002
2.798829E+003;1.233375E-002
2.800097E+003;1.233375E-002
2.801365E+003;1.233375E-002
2.802633E+003;1.233375E-002
2.803901E+003;1.233375E-002
2.805169E+003;1.233375E-002
2.806437E+003;1.233375E-002
2.807705E+003;1.233375E-002
2.808973E+003;1.233375E-002
2.810241E+003;1.233375E-002
2.811509E+003;1.233375E-002
2.812777E+003;1.233375E-002
2.814045E+003;1.233375E-002
2.815313E+003;1.233375E-002
2.816581E+003;1.233375E-002
2.817849E+003;1.233375E-002
2.819117E+003;1.233375E-002
2.820385E+003;1.233375E-002
2.821653E+003;1.233375E-002
2.822921E+003;1.233375E-002
2.824189E+003;1.233375E-002
2.825457E+003;1.233375E-002
2.826725E+003;1.233375E-002
2.827993E+003;1.233375E-002
2.829261E+003;1.233375E-002
2.830529E+003;1.246781E-002
2.831797E+003;1.287022E-002
2.833065E+003;1.322827E-002
2.834333E+003;1.322827E-002
2.835601E+003;1.331784E-002
2.836869E+003;1.381069E-002
2.838136E+003;1.425924E-002
2.839405E+003;1.470829E-002
2.840672E+003;1.515777E-002
2.841940E+003;1.560772E-002
2.843208E+003;1.592296E-002
2.844476E+003;1.592296E-002
2.845744E+003;1.592296E-002
2.847012E+003;1.592296E-002
2.848280E+003;1.592296E-002
2.849548E+003;1.592296E-002
2.850816E+003;1.592296E-002
2.852084E+003;1.592296E-002
2.853352E+003;1.592296E-002
2.854620E+003;1.592296E-002
2.855888E+003;1.592296E-002
2.857156E+003;1.592296E-002
2.858424E+003;1.592296E-002
2.859692E+003;1.592296E-002
2.860960E+003;1.592296E-002
2.862228E+003;1.592296E-002
2.863496E+003;1.592296E-002
2.864764E+003;1.592296E-002
2.866032E+003;1.583288E-002
2.867300E+003;1.538267E-002
2.868568E+003;1.502288E-002
2.869836E+003;1.502288E-002
2.871104E+003;1.511279E-002
2.872372E+003;1.556269E-002
2.873640E+003;1.592296E-002
2.874908E+003;1.592296E-002
2.876176E+003;1.592296E-002
2.877444E+003;1.592296E-002
2.878712E+003;1.592296E-002
2.879979E+003;1.592296E-002
2.881248E+003;1.592296E-002
2.882515E+003;1.592296E-002
2.883783E+003;1.592296E-002
2.885052E+003;1.592296E-002
2.886319E+003;1.601306E-002
2.887587E+003;1.646392E-002
2.888855E+003;1.682491E-002
2.890123E+003;1.682491E-002
2.891391E+003;1.682491E-002
2.892659E+003;1.682491E-002
2.893927E+003;1.682491E-002
2.895195E+003;1.682491E-002
2.896463E+003;1.682491E-002
2.897731E+003;1.682491E-002
2.898999E+003;1.682491E-002
2.900267E+003;1.682491E-002
2.901535E+003;1.691523E-002
2.902803E+003;1.736700E-002
2.904071E+003;1.781924E-002
2.905339E+003;1.827195E-002
2.906607E+003;1.863448E-002
2.907875E+003;1.863448E-002
2.909143E+003;1.863448E-002
2.910411E+003;1.863448E-002
2.911679E+003;1.863448E-002
2.912947E+003;1.863448E-002
2.914215E+003;1.863448E-002
2.915483E+003;1.863448E-002
2.916751E+003;1.872517E-002
2.918019E+003;1.917883E-002
2.919287E+003;1.963297E-002
2.920555E+003;2.008757E-002
2.921823E+003;2.045162E-002
2.923091E+003;2.045162E-002
2.924358E+003;2.045162E-002
2.925626E+003;2.045162E-002
2.926895E+003;2.045162E-002
2.928162E+003;2.045162E-002
2.929430E+003;2.045162E-002
2.930698E+003;2.045162E-002
2.931966E+003;2.045162E-002
2.933234E+003;2.045162E-002
2.934502E+003;2.045162E-002
2.935770E+003;2.045162E-002
2.937038E+003;2.045162E-002
2.938306E+003;2.045162E-002
2.939574E+003;2.045162E-002
2.940842E+003;2.045162E-002
2.942110E+003;2.045162E-002
2.943378E+003;2.045162E-002
2.944646E+003;2.045162E-002
2.945914E+003;2.045162E-002
2.947182E+003;2.045162E-002
2.948450E+003;2.045162E-002
2.949718E+003;2.045162E-002
2.950986E+003;2.045162E-002
2.952254E+003;2.067931E-002
2.953522E+003;2.200217E-002
2.954790E+003;2.323747E-002
2.956058E+003;2.369587E-002
2.957326E+003;2.415476E-002
2.958594E+003;2.461416E-002
2.959862E+003;2.539621E-002
2.961130E+003;2.816772E-002
2.962398E+003;3.095702E-002
2.963666E+003;3.381131E-002
2.964934E+003;3.644828E-002
2.966201E+003;3.786756E-002
2.967469E+003;3.905383E-002
2.968738E+003;3.905383E-002
2.970005E+003;3.891128E-002
2.971273E+003;3.796232E-002
2.972541E+003;3.687356E-002
2.973809E+003;3.503362E-002
2.975077E+003;3.320146E-002
2.976345E+003;3.179732E-002
2.977613E+003;3.053750E-002
2.978881E+003;3.007182E-002
2.980149E+003;2.942071E-002
2.981417E+003;2.756573E-002
2.982685E+003;2.562647E-002
2.983953E+003;2.287109E-002
2.985221E+003;2.040609E-002
2.986489E+003;1.995115E-002
2.987757E+003;1.949668E-002
2.989025E+003;1.904269E-002
2.990293E+003;1.858914E-002
2.991561E+003;1.813609E-002
2.992829E+003;1.772877E-002
2.994097E+003;1.772877E-002
2.995365E+003;1.768352E-002
2.996633E+003;1.723142E-002
2.997901E+003;1.677975E-002
2.999169E+003;1.632859E-002
3.000437E+003;1.592296E-002
3.001705E+003;1.592296E-002
3.002973E+003;1.601306E-002
3.004240E+003;1.691523E-002
3.005509E+003;1.777398E-002
3.006777E+003;1.822669E-002
3.008044E+003;1.863448E-002
3.009313E+003;1.863448E-002
3.010581E+003;1.863448E-002
3.011848E+003;1.863448E-002
3.013116E+003;1.863448E-002
3.014384E+003;1.863448E-002
3.015652E+003;1.863448E-002
3.016920E+003;1.863448E-002
3.018188E+003;1.867982E-002
3.019456E+003;1.913343E-002
3.020724E+003;1.958752E-002
3.021992E+003;2.004208E-002
3.023260E+003;2.058820E-002
3.024528E+003;2.195651E-002
3.025796E+003;2.323747E-002
3.027064E+003;2.369587E-002
3.028332E+003;2.415476E-002
3.029600E+003;2.461416E-002
3.030868E+003;2.507402E-002
3.032136E+003;2.553436E-002
3.033404E+003;2.599519E-002
3.034672E+003;2.691836E-002
3.035940E+003;2.788978E-002
3.037208E+003;2.928128E-002
3.038476E+003;3.072391E-002
3.039744E+003;3.259246E-002
3.041012E+003;3.451607E-002
3.042280E+003;3.687356E-002
3.043548E+003;3.910132E-002
3.044816E+003;3.957682E-002
3.046083E+003;4.014805E-002
3.047352E+003;4.205768E-002
3.048620E+003;4.387962E-002
3.049887E+003;4.436034E-002
3.051156E+003;4.484160E-002
3.052423E+003;4.580572E-002
3.053691E+003;4.677203E-002
3.054959E+003;4.774044E-002
3.056227E+003;4.871107E-002
3.057495E+003;4.919717E-002
3.058763E+003;4.978120E-002
3.060031E+003;5.217431E-002
3.061299E+003;5.458064E-002
3.062567E+003;5.606054E-002
3.063835E+003;5.754549E-002
3.065103E+003;5.853827E-002
3.066371E+003;5.958313E-002
3.067639E+003;6.108020E-002
3.068907E+003;6.263258E-002
3.070175E+003;6.514820E-002
3.071443E+003;6.778001E-002
3.072711E+003;7.237303E-002
3.073979E+003;7.680780E-002
3.075247E+003;7.784566E-002
3.076515E+003;7.883395E-002
3.077783E+003;7.831352E-002
3.079051E+003;7.774177E-002
3.080319E+003;7.670413E-002
3.081587E+003;7.566901E-002
3.082855E+003;7.412092E-002
3.084123E+003;7.257830E-002
3.085391E+003;7.155295E-002
3.086659E+003;7.058107E-002
3.087927E+003;7.007045E-002
3.089195E+003;6.950944E-002
3.090463E+003;6.747550E-002
3.091730E+003;6.509773E-002
3.092999E+003;5.561602E-002
3.094266E+003;4.672365E-002
3.095534E+003;4.624030E-002
3.096802E+003;4.570923E-002
3.098070E+003;4.426417E-002
3.099338E+003;4.282387E-002
3.100606E+003;4.138836E-002
3.101874E+003;4.000518E-002
3.103142E+003;3.952925E-002
3.104410E+003;3.905383E-002
3.105678E+003;3.905383E-002
3.106946E+003;3.905383E-002
3.108214E+003;3.857891E-002
3.109482E+003;3.810453E-002
3.110750E+003;3.668448E-002
3.112018E+003;3.526909E-002
3.113286E+003;3.151705E-002
3.114554E+003;2.779715E-002
3.115822E+003;2.594911E-002
3.117090E+003;2.406295E-002
3.118358E+003;2.268801E-002
3.119626E+003;2.136303E-002
3.120894E+003;2.090709E-002
3.122162E+003;2.045162E-002
3.123430E+003;1.908804E-002
3.124698E+003;1.772877E-002
3.125966E+003;1.772877E-002
3.127234E+003;1.772877E-002
3.128502E+003;1.592296E-002
3.129770E+003;1.412463E-002
3.131038E+003;1.322827E-002
3.132306E+003;1.233375E-002
3.133573E+003;1.233375E-002
3.134842E+003;1.233375E-002
3.136109E+003;1.188718E-002
3.137377E+003;1.144107E-002
3.138646E+003;1.144107E-002
3.139913E+003;1.144107E-002
3.141181E+003;1.099538E-002
3.142449E+003;1.055019E-002
3.143717E+003;1.055019E-002
3.144985E+003;1.055019E-002
3.146253E+003;1.099538E-002
3.147521E+003;1.144107E-002
3.148789E+003;1.144107E-002
3.150057E+003;1.144107E-002
3.151325E+003;1.144107E-002
3.152593E+003;1.144107E-002
3.153861E+003;1.144107E-002
3.155129E+003;1.144107E-002
3.156397E+003;1.144107E-002
3.157665E+003;1.144107E-002
3.158933E+003;1.144107E-002
3.160201E+003;1.144107E-002
3.161469E+003;1.144107E-002
3.162737E+003;1.144107E-002
3.164005E+003;1.144107E-002
3.165273E+003;1.144107E-002
3.166541E+003;1.144107E-002
3.167809E+003;1.144107E-002
3.169077E+003;1.144107E-002
3.170345E+003;1.144107E-002
3.171613E+003;1.144107E-002
3.172881E+003;1.144107E-002
3.174149E+003;1.099538E-002
3.175417E+003;1.055019E-002
3.176685E+003;1.055019E-002
3.177952E+003;1.055019E-002
3.179220E+003;1.055019E-002
3.180489E+003;1.055019E-002
3.181756E+003;1.014991E-002
3.183024E+003;9.705550E-003
3.184292E+003;9.661166E-003
3.185560E+003;9.661166E-003
3.186828E+003;9.661166E-003
3.188096E+003;9.661166E-003
3.189364E+003;9.661166E-003
3.190632E+003;9.661166E-003
3.191900E+003;9.661166E-003
3.193168E+003;9.661166E-003
3.194436E+003;9.217335E-003
3.195704E+003;8.818252E-003
3.196972E+003;8.773924E-003
3.198240E+003;8.773924E-003
3.199508E+003;8.773924E-003
3.200776E+003;8.773924E-003
3.202044E+003;8.773924E-003
3.203312E+003;8.773924E-003
3.204580E+003;8.773924E-003
3.205848E+003;8.773924E-003
3.207116E+003;8.773924E-003
3.208384E+003;8.773924E-003
3.209652E+003;8.773924E-003
3.210920E+003;8.773924E-003
3.212188E+003;8.773924E-003
3.213456E+003;8.773924E-003
3.214724E+003;8.773924E-003
3.215992E+003;8.773924E-003
3.217260E+003;8.773924E-003
3.218528E+003;8.773924E-003
3.219795E+003;8.773924E-003
3.221063E+003;8.773924E-003
3.222332E+003;8.773924E-003
3.223599E+003;8.773924E-003
3.224867E+003;8.773924E-003
3.226135E+003;8.773924E-003
3.227403E+003;8.375281E-003
3.228671E+003;7.932763E-003
3.229939E+003;7.888526E-003
3.231207E+003;7.888526E-003
3.232475E+003;7.888526E-003
3.233743E+003;7.888526E-003
3.235011E+003;7.888526E-003
3.236279E+003;7.888526E-003
3.237547E+003;7.888526E-003
3.238815E+003;7.888526E-003
3.240083E+003;7.888526E-003
3.241351E+003;7.888526E-003
3.242619E+003;7.888526E-003
3.243887E+003;7.888526E-003
3.245155E+003;7.490661E-003
3.246423E+003;7.049042E-003
3.247691E+003;7.004895E-003
3.248959E+003;7.004895E-003
3.250227E+003;7.004895E-003
3.251495E+003;7.004895E-003
3.252763E+003;6.607872E-003
3.254031E+003;6.167150E-003
3.255299E+003;6.123092E-003
3.256567E+003;6.123092E-003
3.257834E+003;5.726874E-003
3.259103E+003;5.287011E-003
3.260371E+003;5.243076E-003
3.261638E+003;5.243076E-003
3.262906E+003;5.243076E-003
3.264175E+003;5.243076E-003
3.265442E+003;5.243076E-003
3.266710E+003;5.243076E-003
3.267978E+003;5.638852E-003
3.269246E+003;6.079039E-003
3.270514E+003;6.123092E-003
3.271782E+003;6.123092E-003
3.273050E+003;6.123092E-003
3.274318E+003;6.123092E-003
3.275586E+003;6.123092E-003
3.276854E+003;6.123092E-003
3.278122E+003;6.123092E-003
3.279390E+003;6.123092E-003
3.280658E+003;5.726874E-003
3.281926E+003;5.287011E-003
3.283194E+003;5.243076E-003
3.284462E+003;5.243076E-003
3.285730E+003;5.243076E-003
3.286998E+003;5.243076E-003
3.288266E+003;4.891554E-003
3.289534E+003;4.452569E-003
3.290802E+003;4.364805E-003
3.292070E+003;4.364805E-003
3.293338E+003;4.364805E-003
3.294606E+003;4.364805E-003
3.295874E+003;4.364805E-003
3.297142E+003;4.364805E-003
3.298410E+003;3.970188E-003
3.299677E+003;3.532099E-003
3.300946E+003;3.094485E-003
3.302214E+003;2.701020E-003
3.303481E+003;2.613609E-003
3.304750E+003;2.613609E-003
3.306017E+003;2.963291E-003
3.307285E+003;3.400772E-003
3.308553E+003;3.488341E-003
3.309821E+003;3.488341E-003
3.311089E+003;3.488341E-003
3.312357E+003;3.488341E-003
3.313625E+003;3.488341E-003
3.314893E+003;3.488341E-003
3.316161E+003;3.488341E-003
3.317429E+003;3.488341E-003
3.318697E+003;3.488341E-003
3.319965E+003;3.488341E-003
3.321233E+003;3.488341E-003
3.322501E+003;3.488341E-003
3.323769E+003;3.838728E-003
3.325037E+003;4.277093E-003
3.326305E+003;4.364805E-003
3.327573E+003;4.364805E-003
3.328841E+003;4.013994E-003
3.330109E+003;3.575895E-003
3.331377E+003;3.488341E-003
3.332645E+003;3.488341E-003
3.333913E+003;3.488341E-003
3.335181E+003;3.488341E-003
3.336449E+003;3.488341E-003
3.337717E+003;3.488341E-003
3.338985E+003;3.138237E-003
3.340253E+003;2.701020E-003
3.341521E+003;2.264242E-003
3.342789E+003;1.827870E-003
3.344057E+003;1.740668E-003
3.345324E+003;1.740668E-003
3.346593E+003;2.089647E-003
3.347860E+003;2.526249E-003
3.349128E+003;2.963291E-003
3.350396E+003;3.400772E-003
3.351664E+003;3.838728E-003
3.352932E+003;4.277093E-003
3.354200E+003;4.364805E-003
3.355468E+003;4.364805E-003
3.356736E+003;4.364805E-003
3.358004E+003;4.364805E-003
3.359272E+003;4.013994E-003
3.360540E+003;3.575895E-003
3.361808E+003;3.488341E-003
3.363076E+003;3.488341E-003
3.364344E+003;3.488341E-003
3.365612E+003;3.488341E-003
3.366880E+003;3.138237E-003
3.368148E+003;2.701020E-003
3.369416E+003;2.613609E-003
3.370684E+003;2.613609E-003
3.371952E+003;2.613609E-003
3.373220E+003;2.613609E-003
3.374488E+003;2.613609E-003
3.375756E+003;2.613609E-003
3.377024E+003;2.264242E-003
3.378292E+003;1.827870E-003
3.379560E+003;1.740668E-003
3.380828E+003;1.740668E-003
3.382096E+003;1.740668E-003
3.383364E+003;1.740668E-003
3.384632E+003;1.740668E-003
3.385900E+003;1.740668E-003
3.387167E+003;1.391969E-003
3.388436E+003;9.565057E-004
3.389703E+003;8.694454E-004
3.390971E+003;8.694454E-004
3.392240E+003;8.694454E-004
3.393507E+003;8.694454E-004
3.394775E+003;8.694454E-004
3.396043E+003;8.694454E-004
3.397311E+003;8.694454E-004
3.398579E+003;8.694454E-004
3.399847E+003;8.694454E-004
3.401115E+003;8.694454E-004
3.402383E+003;8.694454E-004
3.403651E+003;8.694454E-004
3.404919E+003;8.694454E-004
3.406187E+003;8.694454E-004
3.407455E+003;8.694454E-004
3.408723E+003;8.694454E-004
3.409991E+003;8.694454E-004
3.411259E+003;8.694454E-004
3.412527E+003;8.694454E-004
3.413795E+003;8.694454E-004
3.415063E+003;8.694454E-004
3.416331E+003;8.694454E-004
3.417599E+003;8.694454E-004
3.418867E+003;8.694454E-004
3.420135E+003;8.694454E-004
3.421403E+003;8.694454E-004
3.422671E+003;8.694454E-004
3.423939E+003;8.694454E-004
3.425207E+003;8.694454E-004
3.426475E+003;8.694454E-004
3.427743E+003;8.694454E-004
3.429010E+003;8.694454E-004
3.430279E+003;8.694454E-004
3.431546E+003;8.694454E-004
3.432814E+003;8.694454E-004
3.434083E+003;8.694454E-004
3.435350E+003;8.694454E-004
3.436618E+003;8.694454E-004
3.437886E+003;8.694454E-004
3.439154E+003;8.694454E-004
3.440422E+003;8.694454E-004
3.441690E+003;8.694454E-004
3.442958E+003;8.694454E-004
3.444226E+003;8.694454E-004
3.445494E+003;8.694454E-004
3.446762E+003;8.694454E-004
3.448030E+003;8.694454E-004
3.449298E+003;8.694454E-004
3.450566E+003;8.694454E-004
3.451834E+003;8.694454E-004
3.453102E+003;8.694454E-004
3.454370E+003;8.694454E-004
3.455638E+003;8.694454E-004
3.456906E+003;8.694454E-004
3.458174E+003;8.694454E-004
3.459442E+003;8.694454E-004
3.460710E+003;1.174166E-003
3.461978E+003;1.609882E-003
3.463246E+003;1.740668E-003
3.464514E+003;1.740668E-003
3.465782E+003;1.740668E-003
3.467050E+003;1.740668E-003
3.468318E+003;1.740668E-003
3.469586E+003;1.740668E-003
3.470854E+003;1.740668E-003
3.472122E+003;1.740668E-003
3.473389E+003;2.046001E-003
3.474657E+003;2.482559E-003
3.475926E+003;2.613609E-003
3.477193E+003;2.613609E-003
3.478461E+003;2.919557E-003
3.479729E+003;3.357027E-003
3.480997E+003;3.794906E-003
3.482265E+003;4.233226E-003
3.483533E+003;4.671989E-003
3.484801E+003;5.111197E-003
3.486069E+003;5.858907E-003
3.487337E+003;6.696057E-003
3.488605E+003;7.888526E-003
3.489873E+003;9.217335E-003
3.491141E+003;9.661166E-003
3.492409E+003;9.661166E-003
3.493677E+003;9.972121E-003
3.494945E+003;1.041672E-002
3.496213E+003;1.055019E-002
3.497481E+003;1.055019E-002
3.498749E+003;1.055019E-002
3.500017E+003;1.055019E-002
3.501285E+003;1.023882E-002
3.502553E+003;9.794400E-003
3.503821E+003;9.661166E-003
3.505089E+003;9.661166E-003
3.506357E+003;9.661166E-003
3.507625E+003;9.661166E-003
3.508893E+003;9.084244E-003
3.510161E+003;8.198214E-003
3.511428E+003;7.579059E-003
3.512697E+003;7.137350E-003
3.513965E+003;6.431523E-003
3.515232E+003;5.550882E-003
3.516500E+003;4.671989E-003
3.517769E+003;3.794906E-003
3.519036E+003;2.919557E-003
3.520304E+003;2.046001E-003
3.521572E+003;1.479134E-003
3.522840E+003;1.000042E-003
3.524108E+003;5.649382E-004
3.525376E+003;1.303026E-004
3.526644E+003;-0.000000E+000
3.527912E+003;-0.000000E+000
3.529180E+003;2.606443E-004
3.530448E+003;6.954436E-004
3.531716E+003;8.694454E-004
3.532984E+003;8.694454E-004
3.534252E+003;8.694454E-004
3.535520E+003;8.694454E-004
3.536788E+003;1.130645E-003
3.538056E+003;1.566284E-003
3.539324E+003;1.740668E-003
3.540592E+003;1.740668E-003
3.541860E+003;2.002360E-003
3.543128E+003;2.438874E-003
3.544396E+003;3.444554E-003
3.545664E+003;4.715900E-003
3.546932E+003;6.079039E-003
3.548200E+003;7.402315E-003
3.549468E+003;8.153949E-003
3.550736E+003;8.596693E-003
3.552004E+003;9.350433E-003
3.553271E+003;1.023882E-002
3.554540E+003;1.304921E-002
3.555808E+003;1.709588E-002
3.557075E+003;2.204786E-002
3.558344E+003;2.751945E-002
3.559611E+003;3.777278E-002
3.560879E+003;5.119593E-002
3.562147E+003;6.138022E-002
3.563415E+003;6.940753E-002
3.564683E+003;1.045775E-001
3.565951E+003;1.628536E-001
3.567219E+003;2.094334E-001
3.568487E+003;2.468001E-001
3.569755E+003;2.980868E-001
3.571023E+003;3.644157E-001
3.572291E+003;3.959901E-001
3.573559E+003;3.981572E-001
3.574827E+003;3.977229E-001
3.576095E+003;3.955579E-001
3.577363E+003;3.888080E-001
3.578631E+003;3.793435E-001
3.579899E+003;3.701828E-001
3.581167E+003;3.611116E-001
3.582435E+003;3.545777E-001
3.583703E+003;3.496925E-001
3.584971E+003;3.111354E-001
3.586239E+003;2.558636E-001
3.587507E+003;2.049547E-001
3.588775E+003;1.582652E-001
3.590043E+003;1.174185E-001
3.591311E+003;8.097421E-002
3.592579E+003;5.779345E-002
3.593847E+003;4.320749E-002
3.595115E+003;2.937423E-002
3.596383E+003;1.610321E-002
3.597651E+003;9.261674E-003
3.598918E+003;7.049042E-003
3.600187E+003;5.330984E-003
3.601454E+003;4.013994E-003
3.602722E+003;3.225720E-003
3.603990E+003;2.788414E-003
3.605258E+003;2.613609E-003
3.606526E+003;2.613609E-003
3.607794E+003;2.613609E-003
3.609062E+003;2.613609E-003
3.610330E+003;2.351549E-003
3.611598E+003;1.915123E-003
3.612866E+003;1.740668E-003
3.614134E+003;1.740668E-003
3.615402E+003;1.740668E-003
3.616670E+003;1.740668E-003
3.617938E+003;1.740668E-003
3.619206E+003;1.740668E-003
3.620474E+003;1.740668E-003
3.621742E+003;1.740668E-003
3.623010E+003;1.479134E-003
3.624278E+003;1.043550E-003
3.625546E+003;8.694454E-004
3.626814E+003;8.694454E-004
3.628082E+003;8.694454E-004
3.629350E+003;8.694454E-004
3.630618E+003;8.694454E-004
3.631886E+003;8.694454E-004
3.633154E+003;8.694454E-004
3.634422E+003;8.694454E-004
3.635690E+003;8.694454E-004
3.636958E+003;8.694454E-004
3.638226E+003;8.694454E-004
3.639494E+003;8.694454E-004
3.640761E+003;8.694454E-004
3.642030E+003;8.694454E-004
3.643297E+003;8.694454E-004
3.644565E+003;8.694454E-004
3.645833E+003;8.694454E-004
3.647101E+003;8.694454E-004
3.648369E+003;8.694454E-004
3.649637E+003;8.694454E-004
3.650905E+003;8.694454E-004
3.652173E+003;8.694454E-004
3.653441E+003;8.694454E-004
3.654709E+003;8.694454E-004
3.655977E+003;1.087096E-003
3.657245E+003;1.522690E-003
3.658513E+003;1.740668E-003
3.659781E+003;1.740668E-003
3.661049E+003;1.522690E-003
3.662317E+003;1.087096E-003
3.663585E+003;8.694454E-004
3.664853E+003;8.694454E-004
3.666121E+003;6.519374E-004
3.667389E+003;2.172148E-004
3.668657E+003;-0.000000E+000
3.669925E+003;-0.000000E+000
3.671193E+003;-0.000000E+000
3.672461E+003;-0.000000E+000
3.673729E+003;-0.000000E+000
3.674997E+003;-0.000000E+000
3.676265E+003;2.172148E-004
3.677533E+003;6.519374E-004
3.678801E+003;1.087096E-003
3.680069E+003;1.522690E-003
3.681337E+003;1.958722E-003
3.682604E+003;2.395226E-003
3.683873E+003;2.832135E-003
3.685140E+003;3.269484E-003
3.686408E+003;3.488341E-003
3.687677E+003;3.488341E-003
3.688944E+003;2.832135E-003
3.690212E+003;1.522690E-003
3.691480E+003;8.694454E-004
3.692748E+003;8.694454E-004
3.694016E+003;6.519374E-004
3.695284E+003;2.172148E-004
3.696552E+003;-8.686876E-005
3.697820E+003;-3.038985E-004
3.699088E+003;-4.341039E-004
3.700356E+003;-4.341039E-004
3.701624E+003;-4.341039E-004
3.702892E+003;-4.341039E-004
3.704160E+003;-1.302966E-004
3.705428E+003;5.214782E-004
3.706696E+003;8.694454E-004
3.707964E+003;8.694454E-004
3.709232E+003;6.519374E-004
3.710500E+003;2.172148E-004
3.711768E+003;-8.686876E-005
3.713036E+003;-3.038985E-004
3.714304E+003;-6.509603E-004
3.715572E+003;-1.084414E-003
3.716840E+003;-1.300946E-003
3.718108E+003;-1.300946E-003
3.719376E+003;-1.300946E-003
3.720644E+003;-1.300946E-003
3.721912E+003;-1.084414E-003
3.723180E+003;-6.509603E-004
3.724448E+003;-3.473046E-004
3.725716E+003;-1.302966E-004
3.726983E+003;-8.686876E-005
3.728251E+003;-3.038985E-004
3.729520E+003;-6.509603E-004
3.730787E+003;-1.084414E-003
3.732055E+003;-1.517370E-003
3.733323E+003;-1.949961E-003
3.734591E+003;-2.166062E-003
3.735859E+003;-2.166062E-003
3.737127E+003;-2.382055E-003
3.738395E+003;-2.813786E-003
3.739663E+003;-3.029457E-003
3.740931E+003;-3.029457E-003
3.742199E+003;-3.029457E-003
3.743467E+003;-3.029457E-003
3.744735E+003;-3.029457E-003
3.746003E+003;-3.029457E-003
3.747271E+003;-3.029457E-003
3.748539E+003;-3.029457E-003
3.749807E+003;-2.856942E-003
3.751075E+003;-2.382055E-003
3.752343E+003;-2.166062E-003
3.753611E+003;-2.166062E-003
3.754879E+003;-2.166062E-003
3.756147E+003;-2.166062E-003
3.757415E+003;-2.166062E-003
3.758683E+003;-2.166062E-003
3.759951E+003;-2.338852E-003
3.761219E+003;-2.770626E-003
3.762487E+003;-3.029457E-003
3.763755E+003;-3.029457E-003
3.765022E+003;-3.201970E-003
3.766291E+003;-3.632821E-003
3.767559E+003;-3.891140E-003
3.768826E+003;-3.891140E-003
3.770094E+003;-3.891140E-003
3.771363E+003;-3.891140E-003
3.772630E+003;-3.891140E-003
3.773898E+003;-3.891140E-003
3.775166E+003;-3.891140E-003
3.776434E+003;-3.891140E-003
3.777702E+003;-3.891140E-003
3.778970E+003;-3.891140E-003
3.780238E+003;-3.891140E-003
3.781506E+003;-3.891140E-003
3.782774E+003;-3.891140E-003
3.784042E+003;-3.891140E-003
3.785310E+003;-3.891140E-003
3.786578E+003;-3.891140E-003
3.787846E+003;-3.718966E-003
3.789114E+003;-3.288135E-003
3.790382E+003;-3.029457E-003
3.791650E+003;-3.029457E-003
