3.991926e+002;1.935520e-001
4.011211e+002;1.810879e-001
4.030496e+002;1.652567e-001
4.049780e+002;1.428523e-001
4.069065e+002;1.173089e-001
4.088350e+002;8.966815e-002
4.107634e+002;7.793581e-002
4.126919e+002;7.590596e-002
4.146204e+002;7.700926e-002
4.165488e+002;7.972013e-002
4.184773e+002;7.735255e-002
4.204058e+002;7.400212e-002
4.223342e+002;7.269771e-002
4.242627e+002;7.320317e-002
4.261912e+002;7.510434e-002
4.281196e+002;7.720522e-002
4.300481e+002;7.950686e-002
4.319766e+002;8.208844e-002
4.339050e+002;8.414251e-002
4.358335e+002;8.466004e-002
4.377620e+002;8.357126e-002
4.396904e+002;8.176346e-002
4.416189e+002;8.061772e-002
4.435474e+002;8.137228e-002
4.454758e+002;8.317672e-002
4.474043e+002;8.434664e-002
4.493328e+002;8.498099e-002
4.512612e+002;8.586451e-002
4.531897e+002;8.668727e-002
4.551182e+002;8.638067e-002
4.570466e+002;8.466076e-002
4.589751e+002;8.208392e-002
4.609036e+002;7.918700e-002
4.628320e+002;7.633380e-002
4.647605e+002;7.406541e-002
4.666890e+002;7.271239e-002
4.686174e+002;7.179200e-002
4.705459e+002;7.050716e-002
4.724744e+002;6.884027e-002
4.744028e+002;6.756787e-002
4.763313e+002;6.725181e-002
4.782598e+002;6.752593e-002
4.801882e+002;6.757725e-002
4.821167e+002;6.737614e-002
4.840452e+002;6.773311e-002
4.859736e+002;6.888601e-002
4.879021e+002;7.005598e-002
4.898306e+002;7.068241e-002
4.917590e+002;7.104344e-002
4.936875e+002;7.138945e-002
4.956160e+002;7.145343e-002
4.975444e+002;7.119633e-002
4.994729e+002;7.108825e-002
5.014014e+002;7.135935e-002
5.033298e+002;7.165594e-002
5.052583e+002;7.152134e-002
5.071868e+002;7.093345e-002
5.091152e+002;7.029074e-002
5.110437e+002;6.988297e-002
5.129722e+002;6.954755e-002
5.149006e+002;6.907660e-002
5.168291e+002;6.855387e-002
5.187576e+002;6.806463e-002
5.206860e+002;6.744206e-002
5.226145e+002;6.656227e-002
5.245430e+002;6.552555e-002
5.264714e+002;6.454286e-002
5.283999e+002;6.380151e-002
5.303284e+002;6.326997e-002
5.322568e+002;6.261671e-002
5.341853e+002;6.162129e-002
5.361138e+002;6.047293e-002
5.380422e+002;5.947178e-002
5.399707e+002;5.875568e-002
5.418992e+002;5.834356e-002
5.438276e+002;5.817960e-002
5.457561e+002;5.811968e-002
5.476846e+002;5.804361e-002
5.496130e+002;5.790106e-002
5.515415e+002;5.762341e-002
5.534700e+002;5.714069e-002
5.553984e+002;5.637445e-002
5.573269e+002;5.529671e-002
5.592554e+002;5.400436e-002
5.611838e+002;5.256982e-002
5.631123e+002;5.090584e-002
5.650408e+002;4.910931e-002
5.669692e+002;4.769630e-002
5.688977e+002;4.705409e-002
5.708262e+002;4.691152e-002
5.727546e+002;4.660701e-002
5.746831e+002;4.571056e-002
5.766116e+002;4.435265e-002
5.785400e+002;4.309692e-002
5.804685e+002;4.237119e-002
5.823970e+002;4.215966e-002
5.843254e+002;4.232305e-002
5.862539e+002;4.281551e-002
5.881824e+002;4.347481e-002
5.901108e+002;4.410201e-002
5.920393e+002;4.470997e-002
5.939678e+002;4.530475e-002
5.958962e+002;4.571794e-002
5.978247e+002;4.589718e-002
5.997532e+002;4.593714e-002
6.016816e+002;4.576739e-002
6.036101e+002;4.528524e-002
6.055386e+002;4.452997e-002
6.074670e+002;4.356610e-002
6.093955e+002;4.255807e-002
6.113240e+002;4.186898e-002
6.132524e+002;4.158340e-002
6.151809e+002;4.120435e-002
6.171094e+002;4.020990e-002
6.190378e+002;3.859305e-002
6.209663e+002;3.676378e-002
6.228948e+002;3.518324e-002
6.248232e+002;3.405596e-002
6.267517e+002;3.323209e-002
6.286802e+002;3.253187e-002
6.306086e+002;3.192320e-002
6.325371e+002;3.140100e-002
6.344656e+002;3.100462e-002
6.363940e+002;3.080381e-002
6.383225e+002;3.062381e-002
6.402510e+002;3.022663e-002
6.421794e+002;2.983858e-002
6.441079e+002;2.992044e-002
6.460364e+002;3.041273e-002
6.479648e+002;3.090063e-002
6.498933e+002;3.121213e-002
6.518218e+002;3.133666e-002
6.537502e+002;3.131268e-002
6.556787e+002;3.132799e-002
6.576072e+002;3.145314e-002
6.595356e+002;3.140486e-002
6.614641e+002;3.095806e-002
6.633926e+002;3.020735e-002
6.653210e+002;2.930372e-002
6.672495e+002;2.835077e-002
6.691780e+002;2.748068e-002
6.711064e+002;2.675241e-002
6.730349e+002;2.615499e-002
6.749634e+002;2.569186e-002
6.768918e+002;2.524894e-002
6.788203e+002;2.461032e-002
6.807488e+002;2.372531e-002
6.826772e+002;2.268657e-002
6.846057e+002;2.162460e-002
6.865342e+002;2.083848e-002
6.884626e+002;2.061899e-002
6.903911e+002;2.081859e-002
6.923196e+002;2.100936e-002
6.942480e+002;2.104815e-002
6.961765e+002;2.098902e-002
6.981050e+002;2.081716e-002
7.000334e+002;2.063785e-002
7.019619e+002;2.061487e-002
7.038904e+002;2.065374e-002
7.058188e+002;2.059722e-002
7.077473e+002;2.051814e-002
7.096758e+002;2.047365e-002
7.116042e+002;2.038229e-002
7.135327e+002;2.031104e-002
7.154612e+002;2.043494e-002
7.173896e+002;2.074525e-002
7.193181e+002;2.109295e-002
7.212466e+002;2.132520e-002
7.231750e+002;2.127434e-002
7.251035e+002;2.089159e-002
7.270320e+002;2.035389e-002
7.289604e+002;1.987775e-002
7.308889e+002;1.960044e-002
7.328174e+002;1.957259e-002
7.347458e+002;1.964650e-002
7.366743e+002;1.954806e-002
7.386028e+002;1.921719e-002
7.405313e+002;1.881413e-002
7.424597e+002;1.842468e-002
7.443882e+002;1.806552e-002
7.463167e+002;1.779756e-002
7.482451e+002;1.760282e-002
7.501736e+002;1.739493e-002
7.521021e+002;1.719094e-002
7.540305e+002;1.697036e-002
7.559590e+002;1.655997e-002
7.578875e+002;1.595774e-002
7.598159e+002;1.549360e-002
7.617444e+002;1.538982e-002
7.636729e+002;1.546157e-002
7.656013e+002;1.541634e-002
7.675298e+002;1.518303e-002
7.694583e+002;1.486988e-002
7.713867e+002;1.460548e-002
7.733152e+002;1.448314e-002
7.752437e+002;1.454157e-002
7.771721e+002;1.471836e-002
7.791006e+002;1.487825e-002
7.810291e+002;1.495801e-002
7.829575e+002;1.500154e-002
7.848860e+002;1.499669e-002
7.868145e+002;1.485475e-002
7.887429e+002;1.461663e-002
7.906714e+002;1.445144e-002
7.925999e+002;1.443609e-002
7.945283e+002;1.454265e-002
7.964568e+002;1.471056e-002
7.983853e+002;1.474627e-002
8.003137e+002;1.441331e-002
8.022422e+002;1.379220e-002
8.041707e+002;1.328056e-002
8.060991e+002;1.314125e-002
8.080276e+002;1.328092e-002
8.099561e+002;1.347204e-002
8.118845e+002;1.359435e-002
8.138130e+002;1.366046e-002
8.157415e+002;1.373821e-002
8.176699e+002;1.386327e-002
8.195984e+002;1.399721e-002
8.215269e+002;1.399839e-002
8.234553e+002;1.369717e-002
8.253838e+002;1.310836e-002
8.273123e+002;1.245617e-002
8.292407e+002;1.188071e-002
8.311692e+002;1.135080e-002
8.330977e+002;1.090930e-002
8.350261e+002;1.065237e-002
8.369546e+002;1.048669e-002
8.388831e+002;1.027096e-002
8.408115e+002;1.002136e-002
8.427400e+002;9.716168e-003
8.446685e+002;9.258691e-003
8.465969e+002;8.822516e-003
8.485254e+002;8.759246e-003
8.504539e+002;9.090205e-003
8.523823e+002;9.518686e-003
8.543108e+002;9.874585e-003
8.562393e+002;1.016972e-002
8.581677e+002;1.038128e-002
8.600962e+002;1.046646e-002
8.620247e+002;1.047274e-002
8.639531e+002;1.047021e-002
8.658816e+002;1.044716e-002
8.678101e+002;1.032212e-002
8.697385e+002;1.006828e-002
8.716670e+002;9.782154e-003
8.735955e+002;9.565274e-003
8.755239e+002;9.415321e-003
8.774524e+002;9.312672e-003
8.793809e+002;9.246741e-003
8.813093e+002;9.120779e-003
8.832378e+002;8.873536e-003
8.851663e+002;8.646501e-003
8.870947e+002;8.565866e-003
8.890232e+002;8.531413e-003
8.909517e+002;8.488002e-003
8.928801e+002;8.618332e-003
8.948085e+002;8.969431e-003
8.967370e+002;9.246745e-003
8.986655e+002;9.231282e-003
9.005939e+002;9.089886e-003
9.025224e+002;9.049019e-003
9.044509e+002;9.066621e-003
9.063793e+002;9.012392e-003
9.083078e+002;8.914880e-003
9.102363e+002;8.825012e-003
9.121647e+002;8.647478e-003
9.140932e+002;8.290641e-003
9.160217e+002;7.832241e-003
9.179501e+002;7.403880e-003
9.198786e+002;7.044175e-003
9.218071e+002;6.736897e-003
9.237355e+002;6.464304e-003
9.256640e+002;6.190781e-003
9.275925e+002;5.910952e-003
9.295209e+002;5.694076e-003
9.314494e+002;5.579557e-003
9.333779e+002;5.488204e-003
9.353063e+002;5.346914e-003
9.372348e+002;5.242454e-003
9.391633e+002;5.302239e-003
9.410917e+002;5.456086e-003
9.430202e+002;5.520376e-003
9.449487e+002;5.490461e-003
9.468771e+002;5.546010e-003
9.488056e+002;5.744695e-003
9.507341e+002;5.967012e-003
9.526625e+002;6.139183e-003
9.545910e+002;6.282291e-003
9.565195e+002;6.376652e-003
9.584479e+002;6.385382e-003
9.603764e+002;6.349056e-003
9.623049e+002;6.326052e-003
9.642333e+002;6.314308e-003
9.661618e+002;6.293961e-003
9.680903e+002;6.277822e-003
9.700187e+002;6.316567e-003
9.719472e+002;6.459942e-003
9.738757e+002;6.689904e-003
9.758041e+002;6.933862e-003
9.777326e+002;7.170601e-003
9.796611e+002;7.437454e-003
9.815895e+002;7.749101e-003
9.835180e+002;8.097379e-003
9.854465e+002;8.495918e-003
9.873749e+002;8.948256e-003
9.893034e+002;9.419774e-003
9.912319e+002;9.845217e-003
9.931603e+002;1.016113e-002
9.950888e+002;1.039923e-002
9.970173e+002;1.070270e-002
9.989457e+002;1.113974e-002
1.000874e+003;1.160220e-002
1.002803e+003;1.198821e-002
1.004731e+003;1.230506e-002
1.006660e+003;1.255245e-002
1.008588e+003;1.271654e-002
1.010517e+003;1.287029e-002
1.012445e+003;1.309088e-002
1.014373e+003;1.334929e-002
1.016302e+003;1.360525e-002
1.018230e+003;1.389051e-002
1.020159e+003;1.423486e-002
1.022087e+003;1.464397e-002
1.024016e+003;1.514813e-002
1.025944e+003;1.575923e-002
1.027873e+003;1.641353e-002
1.029801e+003;1.702916e-002
1.031730e+003;1.759853e-002
1.033658e+003;1.816022e-002
1.035587e+003;1.868928e-002
1.037515e+003;1.909984e-002
1.039444e+003;1.940846e-002
1.041372e+003;1.977085e-002
1.043301e+003;2.024770e-002
1.045229e+003;2.069810e-002
1.047157e+003;2.102341e-002
1.049086e+003;2.130262e-002
1.051014e+003;2.157880e-002
1.052943e+003;2.176780e-002
1.054871e+003;2.184946e-002
1.056800e+003;2.190061e-002
1.058728e+003;2.190571e-002
1.060657e+003;2.178700e-002
1.062585e+003;2.162345e-002
1.064514e+003;2.160371e-002
1.066442e+003;2.175925e-002
1.068371e+003;2.195076e-002
1.070299e+003;2.210329e-002
1.072228e+003;2.225535e-002
1.074156e+003;2.241352e-002
1.076084e+003;2.254060e-002
1.078013e+003;2.264987e-002
1.079941e+003;2.274057e-002
1.081870e+003;2.272691e-002
1.083798e+003;2.258001e-002
1.085727e+003;2.242806e-002
1.087655e+003;2.238294e-002
1.089584e+003;2.240367e-002
1.091512e+003;2.241679e-002
1.093441e+003;2.241834e-002
1.095369e+003;2.238636e-002
1.097298e+003;2.224880e-002
1.099226e+003;2.199003e-002
1.101155e+003;2.167984e-002
1.103083e+003;2.136754e-002
1.105011e+003;2.104764e-002
1.106940e+003;2.075015e-002
1.108868e+003;2.054140e-002
1.110797e+003;2.039449e-002
1.112725e+003;2.018795e-002
1.114654e+003;1.988675e-002
1.116582e+003;1.958331e-002
1.118511e+003;1.931817e-002
1.120439e+003;1.903287e-002
1.122368e+003;1.870010e-002
1.124296e+003;1.833186e-002
1.126225e+003;1.788807e-002
1.128153e+003;1.736809e-002
1.130082e+003;1.692619e-002
1.132010e+003;1.672242e-002
1.133938e+003;1.672336e-002
1.135867e+003;1.677742e-002
1.137795e+003;1.679220e-002
1.139724e+003;1.674089e-002
1.141652e+003;1.660744e-002
1.143581e+003;1.642935e-002
1.145509e+003;1.630441e-002
1.147438e+003;1.626935e-002
1.149366e+003;1.626383e-002
1.151295e+003;1.626225e-002
1.153223e+003;1.631365e-002
1.155152e+003;1.640394e-002
1.157080e+003;1.645462e-002
1.159009e+003;1.648851e-002
1.160937e+003;1.659293e-002
1.162865e+003;1.672517e-002
1.164794e+003;1.676487e-002
1.166722e+003;1.671522e-002
1.168651e+003;1.664258e-002
1.170579e+003;1.651157e-002
1.172508e+003;1.627335e-002
1.174436e+003;1.600982e-002
1.176365e+003;1.582010e-002
1.178293e+003;1.567185e-002
1.180222e+003;1.548921e-002
1.182150e+003;1.527595e-002
1.184079e+003;1.504351e-002
1.186007e+003;1.472413e-002
1.187936e+003;1.429362e-002
1.189864e+003;1.387378e-002
1.191792e+003;1.356185e-002
1.193721e+003;1.325859e-002
1.195649e+003;1.285656e-002
1.197578e+003;1.244021e-002
1.199506e+003;1.209386e-002
1.201435e+003;1.171208e-002
1.203363e+003;1.122997e-002
1.205292e+003;1.080466e-002
1.207220e+003;1.057300e-002
1.209149e+003;1.047930e-002
1.211077e+003;1.044389e-002
1.213006e+003;1.042688e-002
1.214934e+003;1.031605e-002
1.216863e+003;1.003790e-002
1.218791e+003;9.730997e-003
1.220719e+003;9.548079e-003
1.222648e+003;9.416357e-003
1.224576e+003;9.210550e-003
1.226505e+003;8.995277e-003
1.228433e+003;8.871069e-003
1.230362e+003;8.754219e-003
1.232290e+003;8.517657e-003
1.234219e+003;8.218308e-003
1.236147e+003;7.989190e-003
1.238076e+003;7.794450e-003
1.240004e+003;7.488393e-003
1.241933e+003;7.053372e-003
1.243861e+003;6.592190e-003
1.245790e+003;6.141854e-003
1.247718e+003;5.703400e-003
1.249646e+003;5.380679e-003
1.251575e+003;5.263958e-003
1.253503e+003;5.240240e-003
1.255432e+003;5.123470e-003
1.257360e+003;4.882113e-003
1.259289e+003;4.589865e-003
1.261217e+003;4.294182e-003
1.263146e+003;4.062242e-003
1.265074e+003;3.968695e-003
1.267003e+003;3.945603e-003
1.268931e+003;3.835136e-003
1.270860e+003;3.632112e-003
1.272788e+003;3.488110e-003
1.274717e+003;3.450945e-003
1.276645e+003;3.403177e-003
1.278573e+003;3.279846e-003
1.280502e+003;3.160552e-003
1.282430e+003;3.101396e-003
1.284359e+003;3.029176e-003
1.286287e+003;2.884185e-003
1.288216e+003;2.719250e-003
1.290144e+003;2.594779e-003
1.292073e+003;2.516205e-003
1.294001e+003;2.520690e-003
1.295930e+003;2.632893e-003
1.297858e+003;2.728215e-003
1.299787e+003;2.670015e-003
1.301715e+003;2.552696e-003
1.303644e+003;2.587074e-003
1.305572e+003;2.798406e-003
1.307500e+003;3.040378e-003
1.309429e+003;3.211397e-003
1.311357e+003;3.300301e-003
1.313286e+003;3.331386e-003
1.315214e+003;3.381584e-003
1.317143e+003;3.535337e-003
1.319071e+003;3.768540e-003
1.321000e+003;3.972277e-003
1.322928e+003;4.096104e-003
1.324857e+003;4.198706e-003
1.326785e+003;4.335513e-003
1.328714e+003;4.457118e-003
1.330642e+003;4.478719e-003
1.332571e+003;4.392350e-003
1.334499e+003;4.235058e-003
1.336427e+003;4.033742e-003
1.338356e+003;3.863692e-003
1.340284e+003;3.800714e-003
1.342213e+003;3.757883e-003
1.344141e+003;3.604152e-003
1.346070e+003;3.411893e-003
1.347998e+003;3.330059e-003
1.349927e+003;3.317879e-003
1.351855e+003;3.262268e-003
1.353784e+003;3.202889e-003
1.355712e+003;3.184696e-003
1.357641e+003;3.148558e-003
1.359569e+003;3.102097e-003
1.361498e+003;3.192242e-003
1.363426e+003;3.493021e-003
1.365354e+003;3.920675e-003
1.367283e+003;4.404771e-003
1.369211e+003;4.951130e-003
1.371140e+003;5.490126e-003
1.373068e+003;5.870257e-003
1.374997e+003;6.060156e-003
1.376925e+003;6.180552e-003
1.378854e+003;6.288147e-003
1.380782e+003;6.337306e-003
1.382711e+003;6.344281e-003
1.384639e+003;6.379614e-003
1.386568e+003;6.384640e-003
1.388496e+003;6.257679e-003
1.390424e+003;6.085992e-003
1.392353e+003;6.001369e-003
1.394281e+003;5.930929e-003
1.396210e+003;5.760180e-003
1.398138e+003;5.598871e-003
1.400067e+003;5.542111e-003
1.401995e+003;5.454648e-003
1.403924e+003;5.248680e-003
1.405852e+003;5.073780e-003
1.407781e+003;5.083426e-003
1.409709e+003;5.215731e-003
1.411638e+003;5.353187e-003
1.413566e+003;5.519576e-003
1.415495e+003;5.734252e-003
1.417423e+003;5.868587e-003
1.419351e+003;5.870243e-003
1.421280e+003;5.858945e-003
1.423208e+003;5.929162e-003
1.425137e+003;6.023509e-003
1.427065e+003;6.090102e-003
1.428994e+003;6.148123e-003
1.430922e+003;6.188095e-003
1.432851e+003;6.205943e-003
1.434779e+003;6.308959e-003
1.436708e+003;6.511845e-003
1.438636e+003;6.679761e-003
1.440565e+003;6.719360e-003
1.442493e+003;6.715110e-003
1.444422e+003;6.788834e-003
1.446350e+003;6.895081e-003
1.448278e+003;6.977069e-003
1.450207e+003;7.125920e-003
1.452135e+003;7.367151e-003
1.454064e+003;7.555241e-003
1.455992e+003;7.615750e-003
1.457921e+003;7.679679e-003
1.459849e+003;7.847846e-003
1.461778e+003;7.969191e-003
1.463706e+003;7.890981e-003
1.465635e+003;7.721502e-003
1.467563e+003;7.573537e-003
1.469492e+003;7.387228e-003
1.471420e+003;7.110010e-003
1.473349e+003;6.785656e-003
1.475277e+003;6.426001e-003
1.477205e+003;6.007265e-003
1.479134e+003;5.596747e-003
1.481062e+003;5.253417e-003
1.482991e+003;4.904633e-003
1.484919e+003;4.514385e-003
1.486848e+003;4.179181e-003
1.488776e+003;3.984986e-003
1.490705e+003;3.897094e-003
1.492633e+003;3.856332e-003
1.494562e+003;3.902592e-003
1.496490e+003;4.074969e-003
1.498419e+003;4.219800e-003
1.500347e+003;4.207301e-003
1.502276e+003;4.192301e-003
1.504204e+003;4.334627e-003
1.506132e+003;4.527757e-003
1.508061e+003;4.602300e-003
1.509989e+003;4.617056e-003
1.511918e+003;4.732507e-003
1.513846e+003;4.926755e-003
1.515775e+003;5.127501e-003
1.517703e+003;5.345157e-003
1.519632e+003;5.533885e-003
1.521560e+003;5.631257e-003
1.523489e+003;5.679621e-003
1.525417e+003;5.792845e-003
1.527346e+003;5.986819e-003
1.529274e+003;6.168980e-003
1.531203e+003;6.268603e-003
1.533131e+003;6.326437e-003
1.535059e+003;6.382168e-003
1.536988e+003;6.434783e-003
1.538916e+003;6.512985e-003
1.540845e+003;6.670909e-003
1.542773e+003;6.881800e-003
1.544702e+003;7.017309e-003
1.546630e+003;7.053583e-003
1.548559e+003;7.097488e-003
1.550487e+003;7.165517e-003
1.552416e+003;7.260377e-003
1.554344e+003;7.496297e-003
1.556273e+003;7.912434e-003
1.558201e+003;8.406846e-003
1.560130e+003;8.868474e-003
1.562058e+003;9.305866e-003
1.563986e+003;9.729128e-003
1.565915e+003;1.010711e-002
1.567843e+003;1.046363e-002
1.569772e+003;1.081427e-002
1.571700e+003;1.110194e-002
1.573629e+003;1.123795e-002
1.575557e+003;1.119460e-002
1.577486e+003;1.102669e-002
1.579414e+003;1.078065e-002
1.581343e+003;1.047728e-002
1.583271e+003;1.017439e-002
1.585200e+003;9.923888e-003
1.587128e+003;9.688714e-003
1.589057e+003;9.402853e-003
1.590985e+003;9.081557e-003
1.592913e+003;8.830206e-003
1.594842e+003;8.735207e-003
1.596770e+003;8.833132e-003
1.598699e+003;9.167958e-003
1.600627e+003;9.703635e-003
1.602556e+003;1.027604e-002
1.604484e+003;1.082024e-002
1.606413e+003;1.143985e-002
1.608341e+003;1.222937e-002
1.610270e+003;1.314363e-002
1.612198e+003;1.409970e-002
1.614127e+003;1.508099e-002
1.616055e+003;1.603403e-002
1.617984e+003;1.684717e-002
1.619912e+003;1.747830e-002
1.621840e+003;1.801468e-002
1.623769e+003;1.850768e-002
1.625697e+003;1.884819e-002
1.627626e+003;1.902600e-002
1.629554e+003;1.922819e-002
1.631483e+003;1.947237e-002
1.633411e+003;1.951434e-002
1.635340e+003;1.930213e-002
1.637268e+003;1.897829e-002
1.639197e+003;1.866232e-002
1.641125e+003;1.832327e-002
1.643054e+003;1.790079e-002
1.644982e+003;1.740531e-002
1.646911e+003;1.684622e-002
1.648839e+003;1.619964e-002
1.650767e+003;1.549650e-002
1.652696e+003;1.481901e-002
1.654624e+003;1.417700e-002
1.656553e+003;1.354120e-002
1.658481e+003;1.296029e-002
1.660410e+003;1.247089e-002
1.662338e+003;1.190213e-002
1.664267e+003;1.115212e-002
1.666195e+003;1.038002e-002
1.668124e+003;9.729974e-003
1.670052e+003;9.155162e-003
1.671981e+003;8.590275e-003
1.673909e+003;8.155702e-003
1.675838e+003;7.896671e-003
1.677766e+003;7.599299e-003
1.679694e+003;7.144558e-003
1.681623e+003;6.704339e-003
1.683551e+003;6.402050e-003
1.685480e+003;6.226336e-003
1.687408e+003;6.076207e-003
1.689337e+003;5.899552e-003
1.691265e+003;5.735862e-003
1.693194e+003;5.648997e-003
1.695122e+003;5.670464e-003
1.697051e+003;5.797087e-003
1.698979e+003;5.982648e-003
1.700908e+003;6.162369e-003
1.702836e+003;6.355109e-003
1.704765e+003;6.619945e-003
1.706693e+003;6.868847e-003
1.708621e+003;6.914579e-003
1.710550e+003;6.822325e-003
1.712478e+003;6.795318e-003
1.714407e+003;6.812112e-003
1.716335e+003;6.799277e-003
1.718264e+003;6.821072e-003
1.720192e+003;6.934019e-003
1.722121e+003;7.029900e-003
1.724049e+003;7.012081e-003
1.725978e+003;6.904048e-003
1.727906e+003;6.727450e-003
1.729835e+003;6.477192e-003
1.731763e+003;6.180419e-003
1.733692e+003;5.878909e-003
1.735620e+003;5.601174e-003
1.737548e+003;5.368009e-003
1.739477e+003;5.216022e-003
1.741405e+003;5.154617e-003
1.743334e+003;5.115214e-003
1.745262e+003;5.018434e-003
1.747191e+003;4.880642e-003
1.749119e+003;4.767237e-003
1.751048e+003;4.639975e-003
1.752976e+003;4.423277e-003
1.754905e+003;4.174681e-003
1.756833e+003;4.043991e-003
1.758762e+003;4.052278e-003
1.760690e+003;4.068867e-003
1.762619e+003;4.038366e-003
1.764547e+003;3.977490e-003
1.766475e+003;3.851897e-003
1.768404e+003;3.618022e-003
1.770332e+003;3.346842e-003
1.772261e+003;3.118088e-003
1.774189e+003;2.922977e-003
1.776118e+003;2.735222e-003
1.778046e+003;2.601031e-003
1.779975e+003;2.551634e-003
1.781903e+003;2.504958e-003
1.783832e+003;2.378884e-003
1.785760e+003;2.208871e-003
1.787689e+003;2.052429e-003
1.789617e+003;1.905310e-003
1.791546e+003;1.803510e-003
1.793474e+003;1.828359e-003
1.795402e+003;1.954923e-003
1.797331e+003;2.084772e-003
1.799259e+003;2.248426e-003
1.801188e+003;2.547307e-003
1.803116e+003;2.960920e-003
1.805045e+003;3.364610e-003
1.806973e+003;3.680460e-003
1.808902e+003;3.905858e-003
1.810830e+003;4.056896e-003
1.812759e+003;4.172512e-003
1.814687e+003;4.321639e-003
1.816616e+003;4.534645e-003
1.818544e+003;4.716562e-003
1.820473e+003;4.753498e-003
1.822401e+003;4.687226e-003
1.824329e+003;4.635708e-003
1.826258e+003;4.571787e-003
1.828186e+003;4.370278e-003
1.830115e+003;4.034651e-003
1.832043e+003;3.688583e-003
1.833972e+003;3.386624e-003
1.835900e+003;3.115550e-003
1.837829e+003;2.924555e-003
1.839757e+003;2.855740e-003
1.841686e+003;2.848478e-003
1.843614e+003;2.863160e-003
1.845543e+003;2.965521e-003
1.847471e+003;3.171996e-003
1.849400e+003;3.382867e-003
1.851328e+003;3.549503e-003
1.853256e+003;3.721550e-003
1.855185e+003;3.906411e-003
1.857113e+003;4.044252e-003
1.859042e+003;4.133473e-003
1.860970e+003;4.228167e-003
1.862899e+003;4.322975e-003
1.864827e+003;4.360653e-003
1.866756e+003;4.347062e-003
1.868684e+003;4.359344e-003
1.870613e+003;4.405438e-003
1.872541e+003;4.418778e-003
1.874470e+003;4.396013e-003
1.876398e+003;4.406611e-003
1.878327e+003;4.471783e-003
1.880255e+003;4.530248e-003
1.882183e+003;4.562952e-003
1.884112e+003;4.634019e-003
1.886040e+003;4.759768e-003
1.887969e+003;4.880123e-003
1.889897e+003;4.975569e-003
1.891826e+003;5.061372e-003
1.893754e+003;5.082089e-003
1.895683e+003;4.994651e-003
1.897611e+003;4.882961e-003
1.899540e+003;4.826869e-003
1.901468e+003;4.795834e-003
1.903397e+003;4.763442e-003
1.905325e+003;4.779910e-003
1.907254e+003;4.854305e-003
1.909182e+003;4.922558e-003
1.911110e+003;4.954898e-003
1.913039e+003;4.973006e-003
1.914967e+003;4.989328e-003
1.916896e+003;5.014452e-003
1.918824e+003;5.085071e-003
1.920753e+003;5.213939e-003
1.922681e+003;5.344941e-003
1.924610e+003;5.393899e-003
1.926538e+003;5.327567e-003
1.928467e+003;5.191975e-003
1.930395e+003;5.044948e-003
1.932324e+003;4.891096e-003
1.934252e+003;4.735922e-003
1.936181e+003;4.625550e-003
1.938109e+003;4.567059e-003
1.940037e+003;4.509479e-003
1.941966e+003;4.451454e-003
1.943894e+003;4.446321e-003
1.945823e+003;4.500407e-003
1.947751e+003;4.592755e-003
1.949680e+003;4.742069e-003
1.951608e+003;4.946074e-003
1.953537e+003;5.143873e-003
1.955465e+003;5.303826e-003
1.957394e+003;5.442000e-003
1.959322e+003;5.537445e-003
1.961251e+003;5.545489e-003
1.963179e+003;5.496001e-003
1.965108e+003;5.460268e-003
1.967036e+003;5.427597e-003
1.968964e+003;5.325287e-003
1.970893e+003;5.156429e-003
1.972821e+003;4.994238e-003
1.974750e+003;4.850465e-003
1.976678e+003;4.687522e-003
1.978607e+003;4.548810e-003
1.980535e+003;4.527453e-003
1.982464e+003;4.608301e-003
1.984392e+003;4.689342e-003
1.986321e+003;4.738701e-003
1.988249e+003;4.791059e-003
1.990178e+003;4.853006e-003
1.992106e+003;4.923195e-003
1.994035e+003;5.019352e-003
1.995963e+003;5.117922e-003
1.997891e+003;5.171525e-003
1.999820e+003;5.199589e-003
2.001748e+003;5.253528e-003
2.003677e+003;5.298270e-003
2.005605e+003;5.238857e-003
2.007534e+003;5.049643e-003
2.009462e+003;4.800914e-003
2.011391e+003;4.562153e-003
2.013319e+003;4.361871e-003
2.015248e+003;4.243950e-003
2.017176e+003;4.265982e-003
2.019105e+003;4.396639e-003
2.021033e+003;4.535544e-003
2.022962e+003;4.669238e-003
2.024890e+003;4.862398e-003
2.026818e+003;5.097668e-003
2.028747e+003;5.299808e-003
2.030675e+003;5.482500e-003
2.032604e+003;5.690710e-003
2.034532e+003;5.879306e-003
2.036461e+003;6.018386e-003
2.038389e+003;6.164270e-003
2.040318e+003;6.305893e-003
2.042246e+003;6.324911e-003
2.044175e+003;6.202518e-003
2.046103e+003;6.064025e-003
2.048032e+003;5.965108e-003
2.049960e+003;5.816848e-003
2.051889e+003;5.556715e-003
2.053817e+003;5.257558e-003
2.055746e+003;5.030658e-003
2.057674e+003;4.907052e-003
2.059603e+003;4.850653e-003
2.061531e+003;4.831622e-003
2.063459e+003;4.843347e-003
2.065388e+003;4.882966e-003
2.067316e+003;4.963156e-003
2.069245e+003;5.086773e-003
2.071173e+003;5.197015e-003
2.073102e+003;5.235289e-003
2.075030e+003;5.242009e-003
2.076959e+003;5.283176e-003
2.078887e+003;5.329171e-003
2.080816e+003;5.336510e-003
2.082744e+003;5.351648e-003
2.084673e+003;5.389208e-003
2.086601e+003;5.352221e-003
2.088530e+003;5.206256e-003
2.090458e+003;5.086459e-003
2.092386e+003;5.105875e-003
2.094315e+003;5.196886e-003
2.096243e+003;5.235488e-003
2.098172e+003;5.199840e-003
2.100100e+003;5.136132e-003
2.102029e+003;5.052875e-003
2.103957e+003;4.933487e-003
2.105886e+003;4.806752e-003
2.107814e+003;4.736978e-003
2.109743e+003;4.748461e-003
2.111671e+003;4.810054e-003
2.113600e+003;4.883243e-003
2.115528e+003;4.938905e-003
2.117457e+003;4.961236e-003
2.119385e+003;4.983966e-003
2.121313e+003;5.073660e-003
2.123242e+003;5.229231e-003
2.125170e+003;5.368621e-003
2.127099e+003;5.446173e-003
2.129027e+003;5.494339e-003
2.130956e+003;5.534642e-003
2.132884e+003;5.540657e-003
2.134813e+003;5.499717e-003
2.136741e+003;5.423345e-003
2.138670e+003;5.308343e-003
2.140598e+003;5.149554e-003
2.142527e+003;4.965237e-003
2.144455e+003;4.773148e-003
2.146384e+003;4.574304e-003
2.148312e+003;4.375549e-003
2.150240e+003;4.187636e-003
2.152169e+003;4.002481e-003
2.154097e+003;3.814362e-003
2.156026e+003;3.657419e-003
2.157954e+003;3.602412e-003
2.159883e+003;3.699994e-003
2.161811e+003;3.919856e-003
2.163740e+003;4.157373e-003
2.165668e+003;4.335603e-003
2.167597e+003;4.466608e-003
2.169525e+003;4.582634e-003
2.171454e+003;4.671323e-003
2.173382e+003;4.732017e-003
2.175311e+003;4.797540e-003
2.177239e+003;4.853223e-003
2.179167e+003;4.830591e-003
2.181096e+003;4.722070e-003
2.183024e+003;4.603290e-003
2.184953e+003;4.525776e-003
2.186881e+003;4.464257e-003
2.188810e+003;4.371220e-003
2.190738e+003;4.218079e-003
2.192667e+003;3.994606e-003
2.194595e+003;3.718536e-003
2.196524e+003;3.446736e-003
2.198452e+003;3.251751e-003
2.200381e+003;3.174241e-003
2.202309e+003;3.207866e-003
2.204238e+003;3.320464e-003
2.206166e+003;3.461676e-003
2.208094e+003;3.563740e-003
2.210023e+003;3.592652e-003
2.211951e+003;3.597721e-003
2.213880e+003;3.642706e-003
2.215808e+003;3.711199e-003
2.217737e+003;3.741510e-003
2.219665e+003;3.719648e-003
2.221594e+003;3.681529e-003
2.223522e+003;3.670065e-003
2.225451e+003;3.711824e-003
2.227379e+003;3.774212e-003
2.229308e+003;3.772181e-003
2.231236e+003;3.675716e-003
2.233165e+003;3.570772e-003
2.235093e+003;3.540611e-003
2.237021e+003;3.556633e-003
2.238950e+003;3.562113e-003
2.240878e+003;3.595963e-003
2.242807e+003;3.747124e-003
2.244735e+003;4.018884e-003
2.246664e+003;4.331059e-003
2.248592e+003;4.632679e-003
2.250521e+003;4.914509e-003
2.252449e+003;5.140179e-003
2.254378e+003;5.278081e-003
2.256306e+003;5.378511e-003
2.258235e+003;5.503261e-003
2.260163e+003;5.626798e-003
2.262092e+003;5.689659e-003
2.264020e+003;5.678818e-003
2.265948e+003;5.605699e-003
2.267877e+003;5.495396e-003
2.269805e+003;5.385892e-003
2.271734e+003;5.256764e-003
2.273662e+003;5.029040e-003
2.275591e+003;4.727653e-003
2.277519e+003;4.514751e-003
2.279448e+003;4.483100e-003
2.281376e+003;4.547901e-003
2.283305e+003;4.607707e-003
2.285233e+003;4.680445e-003
2.287162e+003;4.827843e-003
2.289090e+003;5.058825e-003
2.291019e+003;5.358431e-003
2.292947e+003;5.740252e-003
2.294875e+003;6.192138e-003
2.296804e+003;6.631619e-003
2.298732e+003;6.997822e-003
2.300661e+003;7.347357e-003
2.302589e+003;7.745103e-003
2.304518e+003;8.131335e-003
2.306446e+003;8.419026e-003
2.308375e+003;8.609282e-003
2.310303e+003;8.710942e-003
2.312232e+003;8.696582e-003
2.314160e+003;8.617935e-003
2.316089e+003;8.601528e-003
2.318017e+003;8.701638e-003
2.319946e+003;8.916005e-003
2.321874e+003;9.260732e-003
2.323802e+003;9.668930e-003
2.325731e+003;9.975704e-003
2.327659e+003;1.010326e-002
2.329588e+003;1.017636e-002
2.331516e+003;1.036396e-002
2.333445e+003;1.065340e-002
2.335373e+003;1.096104e-002
2.337302e+003;1.129849e-002
2.339230e+003;1.164067e-002
2.341159e+003;1.185879e-002
2.343087e+003;1.190493e-002
2.345016e+003;1.186203e-002
2.346944e+003;1.179075e-002
2.348873e+003;1.168256e-002
2.350801e+003;1.155461e-002
2.352729e+003;1.146227e-002
2.354658e+003;1.139815e-002
2.356586e+003;1.126665e-002
2.358515e+003;1.102436e-002
2.360443e+003;1.076788e-002
2.362372e+003;1.060251e-002
2.364300e+003;1.049238e-002
2.366229e+003;1.032428e-002
2.368157e+003;1.001069e-002
2.370086e+003;9.494958e-003
2.372014e+003;8.804538e-003
2.373942e+003;8.102798e-003
2.375871e+003;7.580922e-003
2.377799e+003;7.233273e-003
2.379728e+003;6.865671e-003
2.381656e+003;6.400977e-003
2.383585e+003;5.910801e-003
2.385513e+003;5.408193e-003
2.387442e+003;4.906620e-003
2.389370e+003;4.516494e-003
2.391299e+003;4.293068e-003
2.393227e+003;4.195591e-003
2.395156e+003;4.241468e-003
2.397084e+003;4.478187e-003
2.399012e+003;4.834017e-003
2.400941e+003;5.152528e-003
2.402869e+003;5.339239e-003
2.404798e+003;5.409328e-003
2.406726e+003;5.428044e-003
2.408655e+003;5.425895e-003
2.410583e+003;5.382912e-003
2.412512e+003;5.303814e-003
2.414440e+003;5.227039e-003
2.416369e+003;5.137315e-003
2.418297e+003;4.990063e-003
2.420226e+003;4.835737e-003
2.422154e+003;4.757484e-003
2.424083e+003;4.709210e-003
2.426011e+003;4.583266e-003
2.427939e+003;4.393590e-003
2.429868e+003;4.253433e-003
2.431796e+003;4.225759e-003
2.433725e+003;4.286436e-003
2.435653e+003;4.370611e-003
2.437582e+003;4.429358e-003
2.439510e+003;4.490531e-003
2.441439e+003;4.631808e-003
2.443367e+003;4.853725e-003
2.445296e+003;5.043440e-003
2.447224e+003;5.103418e-003
2.449153e+003;5.052032e-003
2.451081e+003;4.963712e-003
2.453010e+003;4.886806e-003
2.454938e+003;4.861187e-003
2.456866e+003;4.941633e-003
2.458795e+003;5.117026e-003
2.460723e+003;5.267653e-003
2.462652e+003;5.287360e-003
2.464580e+003;5.206909e-003
2.466509e+003;5.123191e-003
2.468437e+003;5.060625e-003
2.470366e+003;4.968428e-003
2.472294e+003;4.811808e-003
2.474223e+003;4.624163e-003
2.476151e+003;4.492217e-003
2.478080e+003;4.467068e-003
2.480008e+003;4.486296e-003
2.481937e+003;4.424185e-003
2.483865e+003;4.239557e-003
2.485793e+003;4.020195e-003
2.487722e+003;3.871825e-003
2.489650e+003;3.807971e-003
2.491579e+003;3.766535e-003
2.493507e+003;3.714969e-003
2.495436e+003;3.700228e-003
2.497364e+003;3.793972e-003
2.499293e+003;4.016473e-003
2.501221e+003;4.324019e-003
2.503150e+003;4.629605e-003
2.505078e+003;4.847425e-003
2.507007e+003;4.975229e-003
2.508935e+003;5.095058e-003
2.510864e+003;5.254881e-003
2.512792e+003;5.398883e-003
2.514720e+003;5.450271e-003
2.516649e+003;5.383758e-003
2.518577e+003;5.225067e-003
2.520506e+003;5.070724e-003
2.522434e+003;5.059222e-003
2.524363e+003;5.209927e-003
2.526291e+003;5.361834e-003
2.528220e+003;5.368464e-003
2.530148e+003;5.272216e-003
2.532077e+003;5.209340e-003
2.534005e+003;5.240516e-003
2.535934e+003;5.337773e-003
2.537862e+003;5.465381e-003
2.539791e+003;5.626884e-003
2.541719e+003;5.833168e-003
2.543647e+003;6.033140e-003
2.545576e+003;6.119125e-003
2.547504e+003;6.052788e-003
2.549433e+003;5.924567e-003
2.551361e+003;5.839453e-003
2.553290e+003;5.810042e-003
2.555218e+003;5.786968e-003
2.557147e+003;5.713305e-003
2.559075e+003;5.554057e-003
2.561004e+003;5.339296e-003
2.562932e+003;5.154763e-003
2.564861e+003;5.062021e-003
2.566789e+003;5.069724e-003
2.568718e+003;5.157468e-003
2.570646e+003;5.276211e-003
2.572574e+003;5.374501e-003
2.574503e+003;5.456367e-003
2.576431e+003;5.553167e-003
2.578360e+003;5.662829e-003
2.580288e+003;5.783130e-003
2.582217e+003;5.933147e-003
2.584145e+003;6.083810e-003
2.586074e+003;6.148681e-003
2.588002e+003;6.067195e-003
2.589931e+003;5.844860e-003
2.591859e+003;5.560887e-003
2.593788e+003;5.345116e-003
2.595716e+003;5.251399e-003
2.597645e+003;5.185708e-003
2.599573e+003;5.065890e-003
2.601501e+003;4.951399e-003
2.603430e+003;4.921683e-003
2.605358e+003;4.956491e-003
2.607287e+003;5.001681e-003
2.609215e+003;5.033442e-003
2.611144e+003;5.051614e-003
2.613072e+003;5.077752e-003
2.615001e+003;5.111683e-003
2.616929e+003;5.096897e-003
2.618858e+003;5.009521e-003
2.620786e+003;4.924230e-003
2.622715e+003;4.903105e-003
2.624643e+003;4.921019e-003
2.626572e+003;4.943366e-003
2.628500e+003;4.969626e-003
2.630428e+003;4.997863e-003
2.632357e+003;5.040480e-003
2.634285e+003;5.142929e-003
2.636214e+003;5.328605e-003
2.638142e+003;5.564281e-003
2.640071e+003;5.782675e-003
2.641999e+003;5.924760e-003
2.643928e+003;6.002404e-003
2.645856e+003;6.101542e-003
2.647785e+003;6.270077e-003
2.649713e+003;6.462555e-003
2.651642e+003;6.630844e-003
2.653570e+003;6.779840e-003
2.655499e+003;6.902749e-003
2.657427e+003;6.970119e-003
2.659355e+003;6.979230e-003
2.661284e+003;6.950949e-003
2.663212e+003;6.915845e-003
2.665141e+003;6.922325e-003
2.667069e+003;6.993235e-003
2.668998e+003;7.078193e-003
2.670926e+003;7.127677e-003
2.672855e+003;7.157329e-003
2.674783e+003;7.178583e-003
2.676712e+003;7.146491e-003
2.678640e+003;7.050530e-003
2.680569e+003;6.951974e-003
2.682497e+003;6.875304e-003
2.684426e+003;6.755239e-003
2.686354e+003;6.555532e-003
2.688282e+003;6.342177e-003
2.690211e+003;6.194572e-003
2.692139e+003;6.122447e-003
2.694068e+003;6.119997e-003
2.695996e+003;6.214797e-003
2.697925e+003;6.403529e-003
2.699853e+003;6.599469e-003
2.701782e+003;6.725466e-003
2.703710e+003;6.823935e-003
2.705639e+003;6.982058e-003
2.707567e+003;7.177833e-003
2.709496e+003;7.308826e-003
2.711424e+003;7.348691e-003
2.713353e+003;7.349761e-003
2.715281e+003;7.336789e-003
2.717209e+003;7.311641e-003
2.719138e+003;7.281238e-003
2.721066e+003;7.206494e-003
2.722995e+003;7.063920e-003
2.724923e+003;6.973042e-003
2.726852e+003;7.045738e-003
2.728780e+003;7.153044e-003
2.730709e+003;7.100483e-003
2.732637e+003;6.933772e-003
2.734566e+003;6.831522e-003
2.736494e+003;6.849398e-003
2.738423e+003;6.960580e-003
2.740351e+003;7.157655e-003
2.742280e+003;7.382074e-003
2.744208e+003;7.540539e-003
2.746136e+003;7.636146e-003
2.748065e+003;7.735584e-003
2.749993e+003;7.832065e-003
2.751922e+003;7.859107e-003
2.753850e+003;7.802545e-003
2.755779e+003;7.737914e-003
2.757707e+003;7.749063e-003
2.759636e+003;7.827800e-003
2.761564e+003;7.908738e-003
2.763493e+003;7.990962e-003
2.765421e+003;8.109966e-003
2.767350e+003;8.227439e-003
2.769278e+003;8.302111e-003
2.771207e+003;8.363623e-003
2.773135e+003;8.378079e-003
2.775063e+003;8.240225e-003
2.776992e+003;8.020291e-003
2.778920e+003;7.933495e-003
2.780849e+003;8.018429e-003
2.782777e+003;8.129505e-003
2.784706e+003;8.215396e-003
2.786634e+003;8.322630e-003
2.788563e+003;8.445000e-003
2.790491e+003;8.580542e-003
2.792420e+003;8.766907e-003
2.794348e+003;8.959752e-003
2.796277e+003;9.081136e-003
2.798205e+003;9.178365e-003
2.800134e+003;9.331965e-003
2.802062e+003;9.483399e-003
2.803990e+003;9.524231e-003
2.805919e+003;9.470012e-003
2.807847e+003;9.427514e-003
2.809776e+003;9.453272e-003
2.811704e+003;9.489374e-003
2.813633e+003;9.438900e-003
2.815561e+003;9.283306e-003
2.817490e+003;9.069723e-003
2.819418e+003;8.811267e-003
2.821347e+003;8.523691e-003
2.823275e+003;8.293672e-003
2.825204e+003;8.160526e-003
2.827132e+003;8.052175e-003
2.829061e+003;7.968899e-003
2.830989e+003;8.052267e-003
2.832917e+003;8.379663e-003
2.834846e+003;8.876981e-003
2.836774e+003;9.428347e-003
2.838703e+003;9.912164e-003
2.840631e+003;1.024571e-002
2.842560e+003;1.050592e-002
2.844488e+003;1.085029e-002
2.846417e+003;1.127690e-002
2.848345e+003;1.166391e-002
2.850274e+003;1.199838e-002
2.852202e+003;1.237097e-002
2.854131e+003;1.278184e-002
2.856059e+003;1.309329e-002
2.857988e+003;1.316658e-002
2.859916e+003;1.299908e-002
2.861844e+003;1.269498e-002
2.863773e+003;1.230741e-002
2.865701e+003;1.181413e-002
2.867630e+003;1.125072e-002
2.869558e+003;1.071367e-002
2.871487e+003;1.025549e-002
2.873415e+003;9.931596e-003
2.875344e+003;9.820277e-003
2.877272e+003;9.861434e-003
2.879201e+003;9.861068e-003
2.881129e+003;9.745013e-003
2.883058e+003;9.587586e-003
2.884986e+003;9.444209e-003
2.886915e+003;9.378554e-003
2.888843e+003;9.503807e-003
2.890771e+003;9.819797e-003
2.892700e+003;1.019271e-002
2.894628e+003;1.058066e-002
2.896557e+003;1.105113e-002
2.898485e+003;1.159143e-002
2.900414e+003;1.209410e-002
2.902342e+003;1.250532e-002
2.904271e+003;1.288460e-002
2.906199e+003;1.333319e-002
2.908128e+003;1.385654e-002
2.910056e+003;1.433191e-002
2.911985e+003;1.468713e-002
2.913913e+003;1.501186e-002
2.915842e+003;1.538958e-002
2.917770e+003;1.576319e-002
2.919698e+003;1.603530e-002
2.921627e+003;1.613927e-002
2.923555e+003;1.602856e-002
2.925484e+003;1.572661e-002
2.927412e+003;1.534056e-002
2.929341e+003;1.492884e-002
2.931269e+003;1.448481e-002
2.933198e+003;1.403490e-002
2.935126e+003;1.361937e-002
2.937055e+003;1.322195e-002
2.938983e+003;1.283590e-002
2.940912e+003;1.250596e-002
2.942840e+003;1.224885e-002
2.944769e+003;1.204362e-002
2.946697e+003;1.192807e-002
2.948625e+003;1.198930e-002
2.950554e+003;1.224581e-002
2.952482e+003;1.259511e-002
2.954411e+003;1.289514e-002
2.956339e+003;1.309936e-002
2.958268e+003;1.328523e-002
2.960196e+003;1.351665e-002
2.962125e+003;1.372453e-002
2.964053e+003;1.379329e-002
2.965982e+003;1.371384e-002
2.967910e+003;1.357209e-002
2.969839e+003;1.342565e-002
2.971767e+003;1.325850e-002
2.973696e+003;1.305755e-002
2.975624e+003;1.286538e-002
2.977552e+003;1.273792e-002
2.979481e+003;1.267426e-002
2.981409e+003;1.263200e-002
2.983338e+003;1.259324e-002
2.985266e+003;1.257654e-002
2.987195e+003;1.258502e-002
2.989123e+003;1.259959e-002
2.991052e+003;1.262136e-002
2.992980e+003;1.266909e-002
2.994909e+003;1.271552e-002
2.996837e+003;1.270076e-002
2.998766e+003;1.262194e-002
3.000694e+003;1.253581e-002
3.002623e+003;1.247166e-002
3.004551e+003;1.242194e-002
3.006479e+003;1.238857e-002
3.008408e+003;1.236300e-002
3.010336e+003;1.229494e-002
3.012265e+003;1.216375e-002
3.014193e+003;1.202907e-002
3.016122e+003;1.195863e-002
3.018050e+003;1.194612e-002
3.019979e+003;1.194089e-002
3.021907e+003;1.193677e-002
3.023836e+003;1.198376e-002
3.025764e+003;1.210377e-002
3.027693e+003;1.225890e-002
3.029621e+003;1.242421e-002
3.031550e+003;1.258979e-002
3.033478e+003;1.267649e-002
3.035406e+003;1.261219e-002
3.037335e+003;1.248296e-002
3.039263e+003;1.243124e-002
3.041192e+003;1.247084e-002
3.043120e+003;1.257338e-002
3.045049e+003;1.279290e-002
3.046977e+003;1.314710e-002
3.048906e+003;1.356020e-002
3.050834e+003;1.399615e-002
3.052763e+003;1.444034e-002
3.054691e+003;1.477567e-002
3.056620e+003;1.489477e-002
3.058548e+003;1.487361e-002
3.060477e+003;1.485526e-002
3.062405e+003;1.485934e-002
3.064333e+003;1.481626e-002
3.066262e+003;1.470821e-002
3.068190e+003;1.459954e-002
3.070119e+003;1.455340e-002
3.072047e+003;1.455297e-002
3.073976e+003;1.454887e-002
3.075904e+003;1.453938e-002
3.077833e+003;1.453042e-002
3.079761e+003;1.448767e-002
3.081690e+003;1.442376e-002
3.083618e+003;1.442045e-002
3.085547e+003;1.450557e-002
3.087475e+003;1.465399e-002
3.089404e+003;1.489257e-002
3.091332e+003;1.524353e-002
3.093260e+003;1.561644e-002
3.095189e+003;1.589656e-002
3.097117e+003;1.603323e-002
3.099046e+003;1.598966e-002
3.100974e+003;1.577579e-002
3.102903e+003;1.554150e-002
3.104831e+003;1.545447e-002
3.106760e+003;1.549252e-002
3.108688e+003;1.549791e-002
3.110617e+003;1.540313e-002
3.112545e+003;1.529370e-002
3.114474e+003;1.526361e-002
3.116402e+003;1.530363e-002
3.118331e+003;1.536515e-002
3.120259e+003;1.548089e-002
3.122188e+003;1.572371e-002
3.124116e+003;1.608045e-002
3.126044e+003;1.645504e-002
3.127973e+003;1.677429e-002
3.129901e+003;1.700793e-002
3.131830e+003;1.714619e-002
3.133758e+003;1.721887e-002
3.135687e+003;1.726022e-002
3.137615e+003;1.724450e-002
3.139544e+003;1.712843e-002
3.141472e+003;1.693404e-002
3.143401e+003;1.670353e-002
3.145329e+003;1.645674e-002
3.147258e+003;1.625694e-002
3.149186e+003;1.620553e-002
3.151115e+003;1.629867e-002
3.153043e+003;1.639944e-002
3.154971e+003;1.638860e-002
3.156900e+003;1.627661e-002
3.158828e+003;1.616057e-002
3.160757e+003;1.614216e-002
3.162685e+003;1.628955e-002
3.164614e+003;1.665386e-002
3.166542e+003;1.725575e-002
3.168471e+003;1.800540e-002
3.170399e+003;1.871137e-002
3.172328e+003;1.926085e-002
3.174256e+003;1.970481e-002
3.176185e+003;2.009073e-002
3.178113e+003;2.037728e-002
3.180042e+003;2.059413e-002
3.181970e+003;2.088418e-002
3.183898e+003;2.131241e-002
3.185827e+003;2.179562e-002
3.187755e+003;2.223592e-002
3.189684e+003;2.259147e-002
3.191612e+003;2.285210e-002
3.193541e+003;2.303622e-002
3.195469e+003;2.317686e-002
3.197398e+003;2.329671e-002
3.199326e+003;2.342741e-002
3.201255e+003;2.357660e-002
3.203183e+003;2.370280e-002
3.205112e+003;2.379905e-002
3.207040e+003;2.396957e-002
3.208969e+003;2.430796e-002
3.210897e+003;2.478220e-002
3.212825e+003;2.527116e-002
3.214754e+003;2.564905e-002
3.216682e+003;2.585619e-002
3.218611e+003;2.596031e-002
3.220539e+003;2.607005e-002
3.222468e+003;2.620158e-002
3.224396e+003;2.634531e-002
3.226325e+003;2.658482e-002
3.228253e+003;2.698924e-002
3.230182e+003;2.747924e-002
3.232110e+003;2.791643e-002
3.234039e+003;2.823517e-002
3.235967e+003;2.844591e-002
3.237896e+003;2.858310e-002
3.239824e+003;2.868062e-002
3.241752e+003;2.877668e-002
3.243681e+003;2.891226e-002
3.245609e+003;2.906549e-002
3.247538e+003;2.912514e-002
3.249466e+003;2.905668e-002
3.251395e+003;2.901668e-002
3.253323e+003;2.918039e-002
3.255252e+003;2.952385e-002
3.257180e+003;2.986968e-002
3.259109e+003;3.005544e-002
3.261037e+003;3.004634e-002
3.262966e+003;2.995888e-002
3.264894e+003;2.994145e-002
3.266823e+003;3.000961e-002
3.268751e+003;3.008797e-002
3.270679e+003;3.017337e-002
3.272608e+003;3.033588e-002
3.274536e+003;3.058769e-002
3.276465e+003;3.085309e-002
3.278393e+003;3.103302e-002
3.280322e+003;3.108898e-002
3.282250e+003;3.108210e-002
3.284179e+003;3.110905e-002
3.286107e+003;3.118924e-002
3.288036e+003;3.127008e-002
3.289964e+003;3.132240e-002
3.291893e+003;3.139789e-002
3.293821e+003;3.160184e-002
3.295750e+003;3.200691e-002
3.297678e+003;3.258556e-002
3.299606e+003;3.324174e-002
3.301535e+003;3.387584e-002
3.303463e+003;3.440502e-002
3.305392e+003;3.483466e-002
3.307320e+003;3.532261e-002
3.309249e+003;3.601924e-002
3.311177e+003;3.685839e-002
3.313106e+003;3.765229e-002
3.315034e+003;3.833593e-002
3.316963e+003;3.899145e-002
3.318891e+003;3.970741e-002
3.320820e+003;4.048532e-002
3.322748e+003;4.123712e-002
3.324677e+003;4.186232e-002
3.326605e+003;4.238500e-002
3.328533e+003;4.294858e-002
3.330462e+003;4.362981e-002
3.332390e+003;4.433868e-002
3.334319e+003;4.496612e-002
3.336247e+003;4.555371e-002
3.338176e+003;4.623025e-002
3.340104e+003;4.704423e-002
3.342033e+003;4.795968e-002
3.343961e+003;4.894881e-002
3.345890e+003;4.994030e-002
3.347818e+003;5.079239e-002
3.349747e+003;5.148609e-002
3.351675e+003;5.222209e-002
3.353604e+003;5.315461e-002
3.355532e+003;5.419993e-002
3.357460e+003;5.521453e-002
3.359389e+003;5.616772e-002
3.361317e+003;5.708923e-002
3.363246e+003;5.801472e-002
3.365174e+003;5.897863e-002
3.367103e+003;5.995086e-002
3.369031e+003;6.083899e-002
3.370960e+003;6.158278e-002
3.372888e+003;6.218427e-002
3.374817e+003;6.268074e-002
3.376745e+003;6.314564e-002
3.378674e+003;6.367269e-002
3.380602e+003;6.431422e-002
3.382531e+003;6.506795e-002
3.384459e+003;6.588838e-002
3.386387e+003;6.674258e-002
3.388316e+003;6.762563e-002
3.390244e+003;6.847365e-002
3.392173e+003;6.915711e-002
3.394101e+003;6.968575e-002
3.396030e+003;7.023869e-002
3.397958e+003;7.089798e-002
3.399887e+003;7.157564e-002
3.401815e+003;7.223403e-002
3.403744e+003;7.289913e-002
3.405672e+003;7.352479e-002
3.407601e+003;7.405827e-002
3.409529e+003;7.451908e-002
3.411458e+003;7.489995e-002
3.413386e+003;7.517365e-002
3.415314e+003;7.538778e-002
3.417243e+003;7.556650e-002
3.419171e+003;7.563347e-002
3.421100e+003;7.556573e-002
3.423028e+003;7.546634e-002
3.424957e+003;7.543850e-002
3.426885e+003;7.548954e-002
3.428814e+003;7.555310e-002
3.430742e+003;7.553846e-002
3.432671e+003;7.541820e-002
3.434599e+003;7.522251e-002
3.436528e+003;7.494805e-002
3.438456e+003;7.458205e-002
3.440385e+003;7.418876e-002
3.442313e+003;7.383529e-002
3.444241e+003;7.353706e-002
3.446170e+003;7.334480e-002
3.448098e+003;7.328791e-002
3.450027e+003;7.325062e-002
3.451955e+003;7.310870e-002
3.453884e+003;7.289772e-002
3.455812e+003;7.268778e-002
3.457741e+003;7.245936e-002
3.459669e+003;7.219758e-002
3.461598e+003;7.192852e-002
3.463526e+003;7.163183e-002
3.465455e+003;7.125572e-002
3.467383e+003;7.079740e-002
3.469312e+003;7.031200e-002
3.471240e+003;6.988159e-002
3.473168e+003;6.951820e-002
3.475097e+003;6.909938e-002
3.477025e+003;6.847581e-002
3.478954e+003;6.761552e-002
3.480882e+003;6.656644e-002
3.482811e+003;6.542274e-002
3.484739e+003;6.436443e-002
3.486668e+003;6.357575e-002
3.488596e+003;6.305555e-002
3.490525e+003;6.267031e-002
3.492453e+003;6.232644e-002
3.494382e+003;6.197096e-002
3.496310e+003;6.155999e-002
3.498239e+003;6.111576e-002
3.500167e+003;6.069269e-002
3.502095e+003;6.027409e-002
3.504024e+003;5.982557e-002
3.505952e+003;5.937368e-002
3.507881e+003;5.895479e-002
3.509809e+003;5.858431e-002
3.511738e+003;5.827069e-002
3.513666e+003;5.795292e-002
3.515595e+003;5.750071e-002
3.517523e+003;5.686602e-002
3.519452e+003;5.608664e-002
3.521380e+003;5.516583e-002
3.523309e+003;5.412108e-002
3.525237e+003;5.308238e-002
3.527166e+003;5.217756e-002
3.529094e+003;5.147158e-002
3.531022e+003;5.100346e-002
3.532951e+003;5.070066e-002
3.534879e+003;5.033018e-002
3.536808e+003;4.977224e-002
3.538736e+003;4.917084e-002
3.540665e+003;4.867629e-002
3.542593e+003;4.829028e-002
3.544522e+003;4.796882e-002
3.546450e+003;4.761215e-002
3.548379e+003;4.709772e-002
3.550307e+003;4.649294e-002
3.552236e+003;4.599845e-002
3.554164e+003;4.562236e-002
3.556093e+003;4.517511e-002
3.558021e+003;4.456445e-002
3.559949e+003;4.383136e-002
3.561878e+003;4.303348e-002
3.563806e+003;4.225535e-002
3.565735e+003;4.152286e-002
3.567663e+003;4.077398e-002
3.569592e+003;3.999022e-002
3.571520e+003;3.920810e-002
3.573449e+003;3.840527e-002
3.575377e+003;3.754874e-002
3.577306e+003;3.664596e-002
3.579234e+003;3.564988e-002
3.581163e+003;3.452145e-002
3.583091e+003;3.340986e-002
3.585020e+003;3.249829e-002
3.586948e+003;3.173493e-002
3.588876e+003;3.097840e-002
3.590805e+003;3.015713e-002
3.592733e+003;2.919358e-002
3.594662e+003;2.812839e-002
3.596590e+003;2.720655e-002
3.598519e+003;2.649794e-002
3.600447e+003;2.574378e-002
3.602376e+003;2.482343e-002
3.604304e+003;2.400667e-002
3.606233e+003;2.345852e-002
3.608161e+003;2.296109e-002
3.610090e+003;2.233803e-002
3.612018e+003;2.156198e-002
3.613947e+003;2.062294e-002
3.615875e+003;1.955577e-002
3.617803e+003;1.852912e-002
3.619732e+003;1.771888e-002
3.621660e+003;1.713532e-002
3.623589e+003;1.668264e-002
3.625517e+003;1.627718e-002
3.627446e+003;1.583737e-002
3.629374e+003;1.534134e-002
3.631303e+003;1.481200e-002
3.633231e+003;1.429138e-002
3.635160e+003;1.380732e-002
3.637088e+003;1.331730e-002
3.639017e+003;1.277586e-002
3.640945e+003;1.225105e-002
3.642874e+003;1.184225e-002
3.644802e+003;1.154060e-002
3.646730e+003;1.132535e-002
3.648659e+003;1.124769e-002
3.650587e+003;1.130672e-002
3.652516e+003;1.131690e-002
3.654444e+003;1.111862e-002
3.656373e+003;1.081667e-002
3.658301e+003;1.052105e-002
3.660230e+003;1.025083e-002
3.662158e+003;1.008309e-002
3.664087e+003;1.014717e-002
3.666015e+003;1.041822e-002
3.667944e+003;1.071303e-002
3.669872e+003;1.088634e-002
3.671801e+003;1.084681e-002
3.673729e+003;1.054981e-002
3.675657e+003;1.012728e-002
3.677586e+003;9.773077e-003
3.679514e+003;9.538682e-003
3.681443e+003;9.319155e-003
3.683371e+003;9.054322e-003
3.685300e+003;8.837472e-003
3.687228e+003;8.776909e-003
3.689157e+003;8.813000e-003
3.691085e+003;8.821217e-003
3.693014e+003;8.765677e-003
3.694942e+003;8.648535e-003
3.696871e+003;8.437567e-003
3.698799e+003;8.106147e-003
3.700728e+003;7.743045e-003
3.702656e+003;7.483810e-003
3.704584e+003;7.353425e-003
3.706513e+003;7.326026e-003
3.708441e+003;7.413369e-003
3.710370e+003;7.613332e-003
3.712298e+003;7.835316e-003
3.714227e+003;7.946395e-003
3.716155e+003;7.878550e-003
3.718084e+003;7.643212e-003
3.720012e+003;7.361342e-003
3.721941e+003;7.227031e-003
3.723869e+003;7.304319e-003
3.725798e+003;7.501529e-003
3.727726e+003;7.689018e-003
3.729655e+003;7.845461e-003
3.731583e+003;8.071290e-003
3.733511e+003;8.383969e-003
3.735440e+003;8.625600e-003
3.737368e+003;8.698190e-003
3.739297e+003;8.686072e-003
3.741225e+003;8.632011e-003
3.743154e+003;8.485843e-003
3.745082e+003;8.303951e-003
3.747011e+003;8.220551e-003
3.748939e+003;8.202496e-003
3.750868e+003;8.136543e-003
3.752796e+003;8.034321e-003
3.754725e+003;7.930461e-003
3.756653e+003;7.768122e-003
3.758582e+003;7.495908e-003
3.760510e+003;7.119200e-003
3.762438e+003;6.654998e-003
3.764367e+003;6.120581e-003
3.766295e+003;5.600262e-003
3.768224e+003;5.230107e-003
3.770152e+003;5.033812e-003
3.772081e+003;4.896238e-003
3.774009e+003;4.686121e-003
3.775938e+003;4.501459e-003
3.777866e+003;4.542918e-003
3.779795e+003;4.716330e-003
3.781723e+003;4.771110e-003
3.783652e+003;4.681038e-003
3.785580e+003;4.583131e-003
3.787509e+003;4.512075e-003
3.789437e+003;4.485209e-003
3.791365e+003;4.595862e-003
3.793294e+003;4.845333e-003
3.795222e+003;5.148968e-003
3.797151e+003;5.543835e-003
3.799079e+003;6.066800e-003
3.801008e+003;6.597173e-003
3.802936e+003;7.031221e-003
3.804865e+003;7.376377e-003
3.806793e+003;7.635835e-003
3.808722e+003;7.769940e-003
3.810650e+003;7.780561e-003
3.812579e+003;7.784118e-003
3.814507e+003;7.914423e-003
3.816436e+003;8.095205e-003
3.818364e+003;8.124812e-003
3.820292e+003;8.013923e-003
3.822221e+003;7.917743e-003
3.824149e+003;7.783614e-003
3.826078e+003;7.458838e-003
3.828006e+003;7.084144e-003
3.829935e+003;6.917580e-003
3.831863e+003;6.856713e-003
3.833792e+003;6.821112e-003
3.835720e+003;6.891829e-003
3.837649e+003;7.022738e-003
3.839577e+003;7.074737e-003
3.841506e+003;7.094666e-003
3.843434e+003;7.197097e-003
3.845363e+003;7.287691e-003
3.847291e+003;7.221426e-003
3.849219e+003;7.016536e-003
3.851148e+003;6.755196e-003
3.853076e+003;6.485064e-003
3.855005e+003;6.186171e-003
3.856933e+003;5.828195e-003
3.858862e+003;5.486040e-003
3.860790e+003;5.243675e-003
3.862719e+003;5.076191e-003
3.864647e+003;4.998972e-003
3.866576e+003;5.058363e-003
3.868504e+003;5.122097e-003
3.870433e+003;5.126412e-003
3.872361e+003;5.308565e-003
3.874290e+003;5.818011e-003
3.876218e+003;6.379867e-003
3.878146e+003;6.666780e-003
3.880075e+003;6.796094e-003
3.882003e+003;6.834944e-003
3.883932e+003;6.736169e-003
3.885860e+003;6.659342e-003
3.887789e+003;6.763652e-003
3.889717e+003;6.904952e-003
3.891646e+003;6.866032e-003
3.893574e+003;6.641937e-003
3.895503e+003;6.288293e-003
3.897431e+003;5.789821e-003
3.899360e+003;5.149385e-003
3.901288e+003;4.446939e-003
3.903217e+003;3.835341e-003
3.905145e+003;3.437018e-003
3.907073e+003;3.219049e-003
3.909002e+003;3.084450e-003
3.910930e+003;3.005628e-003
3.912859e+003;2.947557e-003
3.914787e+003;2.887858e-003
3.916716e+003;2.949942e-003
3.918644e+003;3.199323e-003
3.920573e+003;3.456944e-003
3.922501e+003;3.576605e-003
3.924430e+003;3.659575e-003
3.926358e+003;3.820372e-003
3.928287e+003;4.059560e-003
3.930215e+003;4.451881e-003
3.932144e+003;4.980227e-003
3.934072e+003;5.366812e-003
3.936000e+003;5.399437e-003
3.937929e+003;5.181909e-003
3.939857e+003;4.931151e-003
3.941786e+003;4.757629e-003
3.943714e+003;4.667062e-003
3.945643e+003;4.582100e-003
3.947571e+003;4.416551e-003
3.949500e+003;4.230243e-003
3.951428e+003;4.138422e-003
3.953357e+003;4.133421e-003
3.955285e+003;4.137776e-003
3.957214e+003;4.150868e-003
3.959142e+003;4.207393e-003
3.961071e+003;4.309122e-003
3.962999e+003;4.445524e-003
3.964927e+003;4.609365e-003
3.966856e+003;4.792581e-003
3.968784e+003;4.985478e-003
3.970713e+003;5.145929e-003
3.972641e+003;5.215917e-003
3.974570e+003;5.179401e-003
3.976498e+003;5.041250e-003
3.978427e+003;4.780854e-003
3.980355e+003;4.350612e-003
3.982284e+003;4.305475e-003
3.984212e+003;3.923717e-003
3.986141e+003;2.974982e-003
3.988069e+003;2.638392e-003
3.989998e+003;2.191042e-003
3.991926e+003;1.727319e-003
3.993854e+003;1.304282e-003
3.995783e+003;1.540573e-003
3.997711e+003;2.318419e-003
3.999640e+003;3.167040e-003
