CC,CCC,CCCC,CCCC_abs,CCC_abs,CC_abs,CH,CH_abs,HCC,HCCC,HCCC_abs,HCC_abs,HOC,HOCC,HOCC_abs,HOC_abs,OC,OCC,OCCC,OCCC_abs,OCC_abs,OCO,OCOC,OCOC_abs,OCO_abs,OC_abs,OH,OH_abs,sf,sigma,intensity,structure,freq
0.0,0.0,0.0,0.0,0.0,0.0,0.0,0.0,0.0,0.0,0.0,0.0,0.0,0.0,0.0,0.0,0.0,0.0,0.0,0.0,0.0,0.0,0.0,0.0,0.0,0.0,100.0,100.0,0.014124570010634541,25.668424835338033,64.9149,3_hydroxy_benzoic_acid,3663.452804
0.0,0.0,0.0,0.0,0.0,0.0,0.0,0.0,0.0,0.0,0.0,0.0,0.0,0.0,0.0,0.0,0.0,0.0,0.0,0.0,0.0,0.0,0.0,0.0,0.0,0.0,100.0,100.0,0.5308051843459368,59.415421299851985,98.3922,3_hydroxy_benzoic_acid,3607.9906220000003
0.0,0.0,0.0,0.0,0.0,0.0,99.0,99.0,0.0,0.0,0.0,0.0,0.0,0.0,0.0,0.0,0.0,0.0,0.0,0.0,0.0,0.0,0.0,0.0,0.0,0.0,0.0,0.0,0.006739769036408499,15.40394458227253,1.242,3_hydroxy_benzoic_acid,3098.347454
0.0,0.0,0.0,0.0,0.0,0.0,95.0,99.0,0.0,0.0,0.0,0.0,0.0,0.0,0.0,0.0,0.0,0.0,0.0,0.0,0.0,0.0,0.0,0.0,0.0,0.0,0.0,0.0,0.0002349402730726777,24.279249482336734,5.2013,3_hydroxy_benzoic_acid,3077.543152
0.0,0.0,0.0,0.0,0.0,0.0,67.0,99.0,0.0,0.0,0.0,0.0,0.0,0.0,0.0,0.0,0.0,0.0,0.0,0.0,0.0,0.0,0.0,0.0,0.0,0.0,0.0,0.0,0.28677083136745163,18.543968273818844,5.6522,3_hydroxy_benzoic_acid,3059.0749060000003
0.0,0.0,0.0,0.0,0.0,0.0,78.0,100.0,0.0,0.0,0.0,0.0,0.0,0.0,0.0,0.0,0.0,0.0,0.0,0.0,0.0,0.0,0.0,0.0,0.0,0.0,0.0,0.0,1.4372193569314453,34.86703516685077,7.9182,3_hydroxy_benzoic_acid,3057.705824
-3.0,-2.0,0.0,0.0,2.0,5.0,0.0,0.0,0.0,0.0,0.0,0.0,6.0,0.0,0.0,6.0,82.0,3.0,0.0,0.0,3.0,-1.0,0.0,0.0,1.0,84.0,0.0,0.0,0.31560321772985056,38.467261951177825,371.9871,3_hydroxy_benzoic_acid,1749.2414142960001
13.0,-15.0,0.0,0.0,33.0,53.0,0.0,0.0,3.0,0.0,0.0,13.0,1.0,0.0,0.0,1.0,-1.0,0.0,0.0,0.0,0.0,0.0,0.0,0.0,0.0,1.0,0.0,0.0,0.169374028320456,39.76739635857414,50.0804,3_hydroxy_benzoic_acid,1617.152462256
21.0,-6.0,0.0,0.0,22.0,57.0,0.0,0.0,12.0,0.0,0.0,12.0,-3.0,0.0,0.0,3.0,-2.0,3.0,0.0,0.0,3.0,0.0,0.0,0.0,0.0,2.0,0.0,0.0,0.6085002150047927,35.775302405570116,33.7313,3_hydroxy_benzoic_acid,1610.202987936
-3.0,5.0,0.0,0.0,13.0,25.0,0.0,0.0,-23.0,0.0,0.0,51.0,5.0,0.0,0.0,5.0,1.0,-4.0,0.0,0.0,4.0,0.0,0.0,0.0,0.0,3.0,0.0,0.0,0.015938378584063783,22.33654714069723,0.9439,3_hydroxy_benzoic_acid,1501.986948384
-5.0,21.0,0.0,0.0,33.0,25.0,0.0,0.0,28.0,0.0,0.0,28.0,4.0,0.0,0.0,4.0,-6.0,-3.0,0.0,0.0,3.0,-1.0,0.0,0.0,1.0,6.0,0.0,0.0,0.2733950972332829,61.80047025821103,165.6861,3_hydroxy_benzoic_acid,1456.74684936
2.0,1.0,0.0,0.0,7.0,72.0,0.0,0.0,-5.0,0.0,0.0,7.0,-6.0,0.0,0.0,10.0,2.0,-1.0,0.0,0.0,1.0,-2.0,0.0,0.0,2.0,2.0,0.0,0.0,0.001072224421866812,15.280672103666403,30.1519,3_hydroxy_benzoic_acid,1348.706993664
0.0,1.0,0.0,0.0,7.0,32.0,0.0,0.0,5.0,0.0,0.0,5.0,-22.0,0.0,0.0,22.0,-7.0,-1.0,0.0,0.0,1.0,8.0,0.0,0.0,8.0,23.0,0.0,0.0,0.26400867419882695,38.934162628295226,161.959,3_hydroxy_benzoic_acid,1345.535684256
3.0,3.0,0.0,0.0,7.0,5.0,0.0,0.0,7.0,0.0,0.0,65.0,-14.0,0.0,0.0,14.0,-5.0,1.0,0.0,0.0,3.0,0.0,0.0,0.0,0.0,5.0,0.0,0.0,0.00707456753818083,13.162165076032629,0.4641,3_hydroxy_benzoic_acid,1313.528950416
-12.0,-1.0,0.0,0.0,13.0,12.0,0.0,0.0,27.0,0.0,0.0,27.0,8.0,0.0,0.0,8.0,36.0,0.0,0.0,0.0,0.0,-2.0,0.0,0.0,2.0,36.0,0.0,0.0,0.6364422685248285,78.81140357975062,78.3668,3_hydroxy_benzoic_acid,1256.7292328400001
0.0,1.0,0.0,0.0,1.0,22.0,0.0,0.0,30.0,0.0,0.0,40.0,-29.0,0.0,0.0,29.0,8.0,0.0,0.0,0.0,0.0,0.0,0.0,0.0,0.0,8.0,0.0,0.0,0.5327073382316566,79.6143740794988,10.7233,3_hydroxy_benzoic_acid,1171.6226424
4.0,0.0,0.0,0.0,2.0,20.0,0.0,0.0,-11.0,0.0,0.0,29.0,46.0,0.0,0.0,48.0,-1.0,0.0,0.0,0.0,0.0,0.0,0.0,0.0,0.0,1.0,0.0,0.0,0.7702075170128555,79.97707101386197,179.6924,3_hydroxy_benzoic_acid,1161.8346503999999
4.0,-1.0,0.0,0.0,3.0,14.0,0.0,0.0,11.0,0.0,0.0,39.0,28.0,0.0,0.0,30.0,-15.0,0.0,0.0,0.0,0.0,0.0,0.0,0.0,0.0,15.0,0.0,0.0,0.17115897171399083,34.57612588236664,176.2608,3_hydroxy_benzoic_acid,1154.3174725439999
-7.0,-8.0,0.0,0.0,14.0,21.0,0.0,0.0,-22.0,0.0,0.0,28.0,-1.0,0.0,0.0,3.0,30.0,1.0,0.0,0.0,1.0,-2.0,0.0,0.0,2.0,30.0,0.0,0.0,0.0003509136897218,20.654962765270827,113.9577,3_hydroxy_benzoic_acid,1093.896197928
34.0,-3.0,0.0,0.0,5.0,50.0,0.0,0.0,40.0,0.0,0.0,40.0,2.0,0.0,0.0,2.0,0.0,1.0,0.0,0.0,1.0,0.0,0.0,0.0,0.0,0.0,0.0,0.0,0.2552496038782266,72.93103684974693,17.6683,3_hydroxy_benzoic_acid,1079.81127744
35.0,29.0,0.0,0.0,65.0,35.0,0.0,0.0,0.0,0.0,0.0,0.0,0.0,0.0,0.0,0.0,0.0,0.0,0.0,0.0,0.0,0.0,0.0,0.0,0.0,0.0,0.0,0.0,0.7056999385093817,10.519064693353307,5.6805,3_hydroxy_benzoic_acid,991.08312996
0.0,0.0,-6.0,18.0,0.0,0.0,0.0,0.0,0.0,52.0,82.0,0.0,0.0,0.0,0.0,0.0,0.0,0.0,0.0,0.0,0.0,0.0,0.0,0.0,0.0,0.0,0.0,0.0,0.048440876352820926,31.337544593394345,0.0782,3_hydroxy_benzoic_acid,971.820361704
14.0,-5.0,0.0,0.0,15.0,40.0,0.0,0.0,-6.0,0.0,0.0,6.0,0.0,0.0,0.0,0.0,5.0,1.0,0.0,0.0,1.0,0.0,0.0,0.0,0.0,37.0,0.0,0.0,0.4569236522917642,32.73483510613941,39.7109,3_hydroxy_benzoic_acid,909.823220376
0.0,0.0,3.0,9.0,0.0,0.0,0.0,0.0,0.0,87.0,87.0,0.0,0.0,0.0,0.0,0.0,0.0,0.0,-2.0,2.0,0.0,0.0,-2.0,2.0,0.0,0.0,0.0,0.0,0.15420970497111522,14.099058158454968,0.0862,3_hydroxy_benzoic_acid,905.6045958240001
0.0,0.0,1.0,17.0,0.0,0.0,0.0,0.0,0.0,62.0,72.0,0.0,0.0,0.0,0.0,0.0,0.0,0.0,8.0,8.0,0.0,0.0,-2.0,2.0,0.0,0.0,0.0,0.0,0.035326126041840565,52.81848097675328,15.8026,3_hydroxy_benzoic_acid,877.34666292
0.0,0.0,5.0,17.0,0.0,0.0,0.0,0.0,0.0,-41.0,59.0,0.0,0.0,0.0,0.0,0.0,0.0,0.0,2.0,2.0,0.0,0.0,-22.0,22.0,0.0,0.0,0.0,0.0,0.5321922472776939,79.92315755912081,2.9595,3_hydroxy_benzoic_acid,801.6659087759999
0.0,0.0,-3.0,5.0,0.0,0.0,0.0,0.0,0.0,8.0,34.0,0.0,0.0,0.0,0.0,0.0,0.0,0.0,7.0,7.0,0.0,0.0,53.0,53.0,0.0,0.0,0.0,0.0,0.33630475319481434,32.306039743026275,90.2765,3_hydroxy_benzoic_acid,752.559552912
34.0,18.0,0.0,0.0,32.0,34.0,0.0,0.0,0.0,0.0,0.0,0.0,4.0,0.0,0.0,4.0,16.0,-3.0,0.0,0.0,3.0,11.0,0.0,0.0,11.0,16.0,0.0,0.0,0.1561209358806945,29.45781701535139,36.8265,3_hydroxy_benzoic_acid,725.1335993280001
0.0,0.0,-25.0,63.0,0.0,0.0,0.0,0.0,0.0,-6.0,26.0,0.0,0.0,-4.0,4.0,0.0,0.0,0.0,4.0,4.0,0.0,0.0,1.0,1.0,0.0,0.0,0.0,0.0,0.07368897072277349,16.372856313461664,0.171,3_hydroxy_benzoic_acid,661.756351128
-3.0,10.0,0.0,0.0,20.0,5.0,0.0,0.0,0.0,0.0,0.0,0.0,7.0,0.0,0.0,7.0,8.0,0.0,0.0,0.0,4.0,54.0,0.0,0.0,54.0,8.0,0.0,0.0,0.21936834319335072,53.5316902613012,45.7232,3_hydroxy_benzoic_acid,624.2683417679999
0.0,0.0,-8.0,8.0,0.0,0.0,0.0,0.0,0.0,4.0,4.0,0.0,0.0,70.0,70.0,0.0,0.0,0.0,17.0,17.0,0.0,0.0,0.0,0.0,0.0,0.0,0.0,0.0,0.3774970012526692,58.894145277105466,95.5667,3_hydroxy_benzoic_acid,597.791823408
-7.0,-2.0,0.0,0.0,40.0,7.0,0.0,0.0,1.0,0.0,0.0,3.0,0.0,0.0,0.0,0.0,-8.0,14.0,0.0,0.0,38.0,1.0,0.0,0.0,1.0,12.0,0.0,0.0,0.010267244647079777,62.51842966411898,0.939,3_hydroxy_benzoic_acid,543.517407768
0.0,0.0,14.0,34.0,0.0,0.0,0.0,0.0,0.0,8.0,8.0,0.0,0.0,-22.0,22.0,0.0,0.0,0.0,29.0,29.0,0.0,0.0,-6.0,6.0,0.0,0.0,0.0,0.0,0.21734901744233198,10.921412454998162,9.0762,3_hydroxy_benzoic_acid,514.8679551839999
1.0,-22.0,0.0,0.0,48.0,15.0,0.0,0.0,0.0,0.0,0.0,2.0,0.0,0.0,0.0,0.0,5.0,10.0,0.0,0.0,24.0,-1.0,0.0,0.0,1.0,7.0,0.0,0.0,0.024040845805362185,51.954594195094415,0.9436,3_hydroxy_benzoic_acid,496.672078056
0.0,0.0,-9.0,73.0,0.0,0.0,0.0,0.0,0.0,-7.0,15.0,0.0,0.0,1.0,3.0,0.0,0.0,0.0,-1.0,5.0,0.0,0.0,3.0,3.0,0.0,0.0,0.0,0.0,0.015040031403864612,24.636302512982496,11.1727,3_hydroxy_benzoic_acid,425.170796496
-20.0,-6.0,0.0,0.0,24.0,20.0,0.0,0.0,0.0,0.0,0.0,0.0,1.0,0.0,0.0,1.0,-1.0,46.0,0.0,0.0,46.0,8.0,0.0,0.0,8.0,1.0,0.0,0.0,0.0053277392604600595,15.90965586714539,5.093,3_hydroxy_benzoic_acid,399.418589544
23.0,19.0,0.0,0.0,23.0,25.0,0.0,0.0,0.0,0.0,0.0,0.0,0.0,0.0,0.0,0.0,2.0,41.0,0.0,0.0,41.0,-7.0,0.0,0.0,7.0,2.0,0.0,0.0,0.44216097135038346,78.94262134644711,9.6247,3_hydroxy_benzoic_acid,350.987605128
0.0,0.0,0.0,0.0,0.0,0.0,0.0,0.0,0.0,-1.0,1.0,0.0,0.0,95.0,95.0,0.0,0.0,0.0,4.0,4.0,0.0,0.0,0.0,0.0,0.0,0.0,0.0,0.0,0.005868934436281304,10.023003086915256,115.4182,3_hydroxy_benzoic_acid,340.641697584
0.0,0.0,40.0,64.0,0.0,0.0,0.0,0.0,0.0,-2.0,4.0,0.0,0.0,-2.0,2.0,0.0,0.0,0.0,28.0,28.0,0.0,0.0,0.0,0.0,0.0,0.0,0.0,0.0,0.2619792144359959,39.049071057738345,1.3318,3_hydroxy_benzoic_acid,228.520249224
1.0,51.0,0.0,0.0,75.0,1.0,0.0,0.0,0.0,0.0,0.0,0.0,0.0,0.0,0.0,0.0,0.0,10.0,0.0,0.0,22.0,1.0,0.0,0.0,1.0,0.0,0.0,0.0,0.023020693403836157,43.457067766614315,2.7936,3_hydroxy_benzoic_acid,183.7695498
0.0,0.0,-69.0,85.0,0.0,0.0,0.0,0.0,0.0,-1.0,1.0,0.0,0.0,-1.0,1.0,0.0,0.0,0.0,-3.0,3.0,0.0,0.0,-8.0,8.0,0.0,0.0,0.0,0.0,0.9817467235614643,34.77334679408861,0.0047,3_hydroxy_benzoic_acid,151.929211824
0.0,0.0,0.0,6.0,0.0,0.0,0.0,0.0,0.0,0.0,0.0,0.0,0.0,0.0,0.0,0.0,0.0,0.0,91.0,91.0,0.0,0.0,-1.0,1.0,0.0,0.0,0.0,0.0,1.793199812364877,42.01934255424844,1.4479,3_hydroxy_benzoic_acid,61.135798032
0.0,0.0,0.0,0.0,0.0,0.0,-100.0,100.0,0.0,0.0,0.0,0.0,,,,,0.0,0.0,0.0,0.0,0.0,,,,,0.0,,,inf,79.98619773799122,0.0,quinone,3079.036696
0.0,0.0,0.0,0.0,0.0,0.0,0.0,100.0,0.0,0.0,0.0,0.0,,,,,0.0,0.0,0.0,0.0,0.0,,,,,0.0,,,0.149788798625427,54.44512836191662,4.4585,quinone,3076.872972
0.0,0.0,0.0,0.0,0.0,0.0,0.0,100.0,0.0,0.0,0.0,0.0,,,,,0.0,0.0,0.0,0.0,0.0,,,,,0.0,,,inf,12.72488780097471,0.0,quinone,3061.7556259999997
0.0,0.0,0.0,0.0,0.0,0.0,0.0,100.0,0.0,0.0,0.0,0.0,,,,,0.0,0.0,0.0,0.0,0.0,,,,,0.0,,,0.0013225720269464524,11.96071697481081,1.597,quinone,3061.468406
9.0,-4.0,0.0,0.0,10.0,23.0,0.0,0.0,-3.0,0.0,0.0,9.0,,,,,62.0,0.0,0.0,0.0,0.0,,,,,62.0,,,inf,46.77587837444916,0.0,quinone,1700.5559420880002
0.0,4.0,0.0,0.0,6.0,2.0,0.0,0.0,-2.0,0.0,0.0,4.0,,,,,0.0,0.0,0.0,0.0,0.0,,,,,88.0,,,0.014196021572901353,36.9270688439298,447.6792,quinone,1698.520039752
-60.0,-1.0,0.0,0.0,1.0,64.0,0.0,0.0,2.0,0.0,0.0,4.0,,,,,30.0,0.0,0.0,0.0,0.0,,,,,30.0,,,inf,55.427405167055014,0.0,quinone,1644.2456241119999
-1.0,-1.0,0.0,0.0,3.0,87.0,0.0,0.0,-4.0,0.0,0.0,8.0,,,,,0.0,-2.0,0.0,0.0,2.0,,,,,0.0,,,0.15418250104370973,50.5629902888386,16.9079,quinone,1613.6581491119998
-3.0,-6.0,0.0,0.0,18.0,29.0,0.0,0.0,23.0,0.0,0.0,51.0,,,,,0.0,0.0,0.0,0.0,2.0,,,,,0.0,,,inf,74.02732960974238,0.0,quinone,1368.89962116
0.0,-4.0,0.0,0.0,8.0,0.0,0.0,0.0,41.0,0.0,0.0,87.0,,,,,0.0,0.0,0.0,0.0,0.0,,,,,4.0,,,0.0040086735993373175,22.357977490099305,4.7543,quinone,1356.4003553759999
0.0,-6.0,0.0,0.0,10.0,44.0,0.0,0.0,-16.0,0.0,0.0,30.0,,,,,0.0,-16.0,0.0,0.0,16.0,,,,,0.0,,,0.02978601739372413,49.67870511996435,79.1325,quinone,1293.522294768
-2.0,-8.0,0.0,0.0,16.0,34.0,0.0,0.0,-20.0,0.0,0.0,36.0,,,,,0.0,0.0,0.0,0.0,14.0,,,,,0.0,,,inf,46.74816907074457,0.0,quinone,1211.587013736
-10.0,-1.0,0.0,0.0,1.0,14.0,0.0,0.0,-43.0,0.0,0.0,83.0,,,,,-2.0,0.0,0.0,0.0,0.0,,,,,2.0,,,inf,10.028571488598695,0.0,quinone,1143.87368508
-1.0,1.0,0.0,0.0,7.0,27.0,0.0,0.0,29.0,0.0,0.0,61.0,,,,,0.0,-6.0,0.0,0.0,6.0,,,,,0.0,,,0.024274533635865125,34.87756241777491,44.576,quinone,1063.0444471439998
0.0,0.0,-20.0,32.0,0.0,0.0,0.0,0.0,0.0,35.0,69.0,0.0,,,,,0.0,0.0,0.0,0.0,0.0,,,,,0.0,,,inf,79.93317463864604,0.0,quinone,995.14514664
0.0,0.0,-1.0,17.0,0.0,0.0,0.0,0.0,0.0,32.0,82.0,0.0,,,,,0.0,0.0,0.0,0.0,0.0,,,,,0.0,,,inf,50.55834033716568,0.0,quinone,995.017902744
0.0,34.0,0.0,0.0,84.0,4.0,0.0,0.0,4.0,0.0,0.0,8.0,,,,,0.0,0.0,0.0,0.0,0.0,,,,,2.0,,,0.006524515367174307,68.68503903799515,19.3646,quinone,928.116977424
0.0,0.0,1.0,1.0,0.0,0.0,0.0,0.0,0.0,26.0,60.0,0.0,,,,,0.0,0.0,0.0,38.0,0.0,,,,,0.0,,,0.025279778903196007,39.483205949741674,82.8756,quinone,882.5147226959999
0.0,0.0,-17.0,25.0,0.0,0.0,0.0,0.0,0.0,-5.0,9.0,0.0,,,,,0.0,0.0,66.0,66.0,0.0,,,,,0.0,,,inf,65.83405939137978,0.0,quinone,767.691788544
79.0,4.0,0.0,0.0,20.0,79.0,0.0,0.0,0.0,0.0,0.0,0.0,,,,,2.0,0.0,0.0,0.0,0.0,,,,,2.0,,,inf,33.65908360668834,0.0,quinone,758.7064118879999
0.0,0.0,0.0,0.0,0.0,0.0,0.0,0.0,0.0,51.0,101.0,0.0,,,,,0.0,0.0,0.0,0.0,0.0,,,,,0.0,,,inf,10.007421168879711,0.0,quinone,741.313150104
0.0,37.0,0.0,0.0,59.0,28.0,0.0,0.0,3.0,0.0,0.0,7.0,,,,,0.0,0.0,0.0,0.0,0.0,,,,,4.0,,,0.02803654170525348,10.853210885619362,0.4973,quinone,739.6589794559999
-3.0,-4.0,0.0,0.0,34.0,35.0,0.0,0.0,0.0,0.0,0.0,4.0,,,,,0.0,0.0,0.0,0.0,28.0,,,,,0.0,,,inf,79.99542360374703,0.0,quinone,588.8847506879999
0.0,0.0,1.0,5.0,0.0,0.0,0.0,0.0,0.0,22.0,36.0,0.0,,,,,0.0,0.0,0.0,58.0,0.0,,,,,0.0,,,0.06451590900341893,42.77691695172968,4.287,quinone,502.701481128
0.0,36.0,0.0,0.0,36.0,0.0,0.0,0.0,2.0,0.0,0.0,6.0,,,,,0.0,0.0,0.0,0.0,58.0,,,,,0.0,,,inf,48.692408426043535,0.0,quinone,446.391163152
16.0,21.0,0.0,0.0,75.0,16.0,0.0,0.0,-3.0,0.0,0.0,3.0,,,,,6.0,0.0,0.0,0.0,0.0,,,,,6.0,,,inf,69.8825023185079,0.0,quinone,444.58038463199995
0.0,-8.0,0.0,0.0,12.0,12.0,0.0,0.0,0.0,0.0,0.0,0.0,,,,,0.0,76.0,0.0,0.0,76.0,,,,,0.0,,,0.00709818410295547,26.959761172363002,25.2168,quinone,403.206542448
0.0,0.0,-35.0,71.0,0.0,0.0,0.0,0.0,0.0,26.0,28.0,0.0,,,,,0.0,0.0,0.0,0.0,0.0,,,,,0.0,,,inf,10.424649093782639,0.0,quinone,331.568229
0.0,0.0,48.0,70.0,0.0,0.0,0.0,0.0,0.0,2.0,4.0,0.0,,,,,0.0,0.0,24.0,24.0,0.0,,,,,0.0,,,inf,27.46975845766872,0.0,quinone,226.406042952
0.0,0.0,-28.0,82.0,0.0,0.0,0.0,0.0,0.0,0.0,4.0,0.0,,,,,0.0,0.0,0.0,12.0,0.0,,,,,0.0,,,0.0439157172903539,77.75953950328983,15.3832,quinone,92.281188576
0.0,0.0,0.0,0.0,0.0,0.0,99.0,99.0,0.0,0.0,0.0,0.0,,,,,0.0,0.0,0.0,0.0,0.0,,,,,0.0,,,0.0001581333279502468,35.68815730647003,2.0632,benzil,3088.505382
0.0,0.0,0.0,0.0,0.0,0.0,27.0,99.0,0.0,0.0,0.0,0.0,,,,,0.0,0.0,0.0,0.0,0.0,,,,,0.0,,,0.007023293609878004,22.089828224294152,4.1392,benzil,3088.438364
0.0,0.0,0.0,0.0,0.0,0.0,98.0,98.0,0.0,0.0,0.0,0.0,,,,,0.0,0.0,0.0,0.0,0.0,,,,,0.0,,,0.00012267521415330684,14.554848141042187,0.1508,benzil,3080.329186
0.0,0.0,0.0,0.0,0.0,0.0,10.0,98.0,0.0,0.0,0.0,0.0,,,,,0.0,0.0,0.0,0.0,0.0,,,,,0.0,,,0.0017703677237609716,12.005737735881764,17.5404,benzil,3080.19515
0.0,0.0,0.0,0.0,0.0,0.0,71.0,99.0,0.0,0.0,0.0,0.0,,,,,0.0,0.0,0.0,0.0,0.0,,,,,0.0,,,0.00034710613466783913,36.618072623287944,4.9214,benzil,3069.28079
0.0,0.0,0.0,0.0,0.0,0.0,36.0,100.0,0.0,0.0,0.0,0.0,,,,,0.0,0.0,0.0,0.0,0.0,,,,,0.0,,,0.006537144928330073,39.7663273135938,27.4661,benzil,3069.213772
0.0,0.0,0.0,0.0,0.0,0.0,0.0,100.0,0.0,0.0,0.0,0.0,,,,,0.0,0.0,0.0,0.0,0.0,,,,,0.0,,,0.06693349659435806,34.647339961644846,19.9132,benzil,3060.28123
0.0,0.0,0.0,0.0,0.0,0.0,0.0,100.0,0.0,0.0,0.0,0.0,,,,,0.0,0.0,0.0,0.0,0.0,,,,,0.0,,,0.0007479027039607811,44.579162887871625,1.621,benzil,3060.2620819999997
0.0,0.0,0.0,0.0,0.0,0.0,8.0,100.0,0.0,0.0,0.0,0.0,,,,,0.0,0.0,0.0,0.0,0.0,,,,,0.0,,,3.1451631849676314e-05,37.89898641637325,0.2769,benzil,3049.07965
0.0,0.0,0.0,0.0,0.0,0.0,0.0,100.0,0.0,0.0,0.0,0.0,,,,,0.0,0.0,0.0,0.0,0.0,,,,,0.0,,,0.008778200961507138,49.01917532974388,0.4273,benzil,3049.070076
-2.0,3.0,0.0,0.0,7.0,2.0,0.0,0.0,0.0,0.0,0.0,0.0,,,,,85.0,0.0,0.0,0.0,0.0,,,,,85.0,,,0.00754461271323142,30.01060940898008,123.4677,benzil,1695.81855396
0.0,0.0,0.0,0.0,4.0,2.0,0.0,0.0,0.0,0.0,0.0,0.0,,,,,-3.0,0.0,0.0,0.0,0.0,,,,,91.0,,,0.01335801665560054,30.601299400808188,291.2412,benzil,1694.242687248
2.0,-1.0,0.0,0.0,15.0,64.0,0.0,0.0,-9.0,0.0,0.0,19.0,,,,,0.0,0.0,0.0,0.0,0.0,,,,,2.0,,,0.020095161306316764,51.78398187325179,71.8869,benzil,1610.51620368
22.0,-6.0,0.0,0.0,14.0,66.0,0.0,0.0,-8.0,0.0,0.0,18.0,,,,,-2.0,0.0,0.0,0.0,0.0,,,,,2.0,,,2.697325727792784e-09,24.534108702187847,21.2213,benzil,1609.889772192
3.0,7.0,0.0,0.0,27.0,53.0,0.0,0.0,0.0,0.0,0.0,16.0,,,,,2.0,0.0,0.0,0.0,0.0,,,,,2.0,,,0.008965271987167905,41.31792290377715,5.2055,benzil,1590.372516144
1.0,1.0,0.0,0.0,27.0,53.0,0.0,0.0,9.0,0.0,0.0,17.0,,,,,0.0,0.0,0.0,0.0,0.0,,,,,2.0,,,0.0016014099976940624,12.138752835604464,20.6525,benzil,1590.284424216
0.0,2.0,0.0,0.0,14.0,18.0,0.0,0.0,-27.0,0.0,0.0,71.0,,,,,0.0,0.0,0.0,0.0,0.0,,,,,0.0,,,7.270523283255393e-05,23.999819614499454,1.3987,benzil,1494.2446467119998
-6.0,10.0,0.0,0.0,12.0,20.0,0.0,0.0,41.0,0.0,0.0,67.0,,,,,0.0,0.0,0.0,0.0,0.0,,,,,0.0,,,0.0011468606225241405,10.083846596001308,0.8336,benzil,1494.156554784
-9.0,7.0,0.0,0.0,13.0,31.0,0.0,0.0,-1.0,0.0,0.0,53.0,,,,,2.0,0.0,0.0,0.0,0.0,,,,,2.0,,,0.00037990718399375845,47.22461838080928,0.5221,benzil,1452.009461232
0.0,-1.0,0.0,0.0,13.0,32.0,0.0,0.0,-30.0,0.0,0.0,56.0,,,,,0.0,0.0,0.0,0.0,0.0,,,,,0.0,,,0.0011019179112203002,10.383887738703407,33.2729,benzil,1451.206845888
0.0,0.0,0.0,0.0,0.0,60.0,0.0,0.0,10.0,0.0,0.0,38.0,,,,,0.0,0.0,0.0,0.0,0.0,,,,,0.0,,,0.002784020984064301,18.079601909876136,10.1832,benzil,1338.2632062
0.0,0.0,0.0,0.0,0.0,66.0,0.0,0.0,-4.0,0.0,0.0,34.0,,,,,0.0,0.0,0.0,0.0,0.0,,,,,0.0,,,0.0018553753304525497,30.780477984484726,1.9898,benzil,1338.1849022640001
8.0,-3.0,0.0,0.0,11.0,32.0,0.0,0.0,6.0,0.0,0.0,52.0,,,,,0.0,4.0,0.0,0.0,4.0,,,,,0.0,,,0.00058665949852257,31.881540086186675,11.0309,benzil,1321.9759875119998
0.0,0.0,0.0,0.0,8.0,40.0,0.0,0.0,-2.0,0.0,0.0,54.0,,,,,0.0,0.0,0.0,0.0,0.0,,,,,0.0,,,0.0019838886486192495,43.26503722149512,8.8722,benzil,1316.788351752
0.0,1.0,0.0,0.0,5.0,64.0,0.0,0.0,12.0,0.0,0.0,16.0,,,,,0.0,8.0,0.0,2.0,8.0,,,,,0.0,,,0.001072770926386905,18.332598036774076,24.3988,benzil,1291.290632592
-1.0,-1.0,0.0,0.0,15.0,61.0,0.0,0.0,-22.0,0.0,0.0,22.0,,,,,0.0,0.0,0.0,0.0,2.0,,,,,0.0,,,0.02388970841267533,50.78046222108643,205.3908,benzil,1203.5902242720001
10.0,2.0,0.0,0.0,2.0,22.0,0.0,0.0,35.0,0.0,0.0,71.0,,,,,0.0,0.0,0.0,0.0,0.0,,,,,0.0,,,0.003148278250305736,30.786473128953983,1.339,benzil,1181.9489739599999
0.0,-1.0,0.0,0.0,11.0,22.0,0.0,0.0,22.0,0.0,0.0,70.0,,,,,0.0,0.0,0.0,0.0,0.0,,,,,0.0,,,0.007883958045987963,33.381413494945605,140.7073,benzil,1174.382856144
-2.0,0.0,0.0,0.0,0.0,18.0,0.0,0.0,7.0,0.0,0.0,81.0,,,,,0.0,0.0,0.0,0.0,0.0,,,,,0.0,,,0.0015949445901177492,15.267225497272706,0.4571,benzil,1161.6878305199998
0.0,-1.0,0.0,0.0,1.0,18.0,0.0,0.0,51.0,0.0,0.0,81.0,,,,,0.0,0.0,0.0,0.0,0.0,,,,,0.0,,,0.0039980476916700374,36.631844735282044,16.4881,benzil,1160.865639192
13.0,-4.0,0.0,0.0,4.0,49.0,0.0,0.0,-13.0,0.0,0.0,43.0,,,,,0.0,0.0,0.0,0.0,0.0,,,,,0.0,,,0.0015245270691751948,22.14958240228652,0.212,benzil,1086.349656096
-1.0,0.0,0.0,0.0,2.0,49.0,0.0,0.0,12.0,0.0,0.0,46.0,,,,,0.0,0.0,0.0,0.0,0.0,,,,,0.0,,,0.0036305634420686667,19.040941361121277,8.0391,benzil,1085.899408464
16.0,-25.0,0.0,0.0,37.0,24.0,0.0,0.0,14.0,0.0,0.0,26.0,,,,,0.0,-10.0,0.0,2.0,10.0,,,,,0.0,,,0.019454572895816702,33.62734836781366,0.7759,benzil,1046.845320384
0.0,-2.0,0.0,0.0,24.0,52.0,0.0,0.0,-16.0,0.0,0.0,24.0,,,,,0.0,0.0,0.0,0.0,0.0,,,,,0.0,,,0.0049936508007710975,52.12112657217552,5.0744,benzil,1027.2497604
-46.0,-8.0,0.0,0.0,28.0,58.0,0.0,0.0,-4.0,0.0,0.0,6.0,,,,,0.0,-4.0,0.0,0.0,4.0,,,,,0.0,,,0.016496154297285872,57.658115569161275,0.7304,benzil,1019.360638848
-29.0,-20.0,2.0,2.0,58.0,29.0,0.0,0.0,0.0,3.0,7.0,0.0,,,,,0.0,0.0,0.0,0.0,0.0,,,,,0.0,,,0.0006901821738960234,17.181310135689955,2.7538,benzil,993.588855912
-31.0,-25.0,1.0,1.0,61.0,31.0,0.0,0.0,0.0,-1.0,5.0,0.0,,,,,0.0,0.0,0.0,0.0,0.0,,,,,0.0,,,0.00825565816044671,25.303422777702778,0.2646,benzil,993.53012796
0.0,1.0,1.0,23.0,9.0,4.0,0.0,0.0,0.0,36.0,62.0,0.0,,,,,0.0,0.0,0.0,0.0,0.0,,,,,0.0,,,0.0046368070756294495,37.39913150530056,0.2886,benzil,992.267476992
0.0,2.0,17.0,25.0,4.0,0.0,0.0,0.0,0.0,12.0,68.0,0.0,,,,,0.0,0.0,0.0,0.0,0.0,,,,,0.0,,,0.00015255970114471865,29.68020025688039,0.0017,benzil,992.003201208
0.0,0.0,-6.0,12.0,0.0,0.0,0.0,0.0,0.0,-39.0,87.0,0.0,,,,,0.0,0.0,0.0,0.0,0.0,,,,,0.0,,,0.0005505783476275059,19.956892103193873,0.3456,benzil,976.0291982639999
0.0,0.0,1.0,11.0,0.0,0.0,0.0,0.0,0.0,35.0,87.0,0.0,,,,,0.0,0.0,0.0,0.0,0.0,,,,,0.0,,,0.006741619764498156,38.32554870485466,0.3035,benzil,975.833438424
0.0,0.0,6.0,8.0,0.0,0.0,0.0,0.0,0.0,33.0,85.0,0.0,,,,,0.0,0.0,4.0,4.0,2.0,,,,,0.0,,,0.010702047768330641,46.379675333190164,1.1703,benzil,940.107267624
0.0,0.0,-2.0,8.0,0.0,0.0,0.0,0.0,0.0,13.0,89.0,0.0,,,,,0.0,0.0,0.0,0.0,0.0,,,,,0.0,,,0.0029968466776184653,29.616205652338238,1.3809,benzil,935.8886430719999
0.0,0.0,-3.0,3.0,36.0,14.0,0.0,0.0,0.0,6.0,8.0,0.0,,,,,0.0,0.0,-18.0,18.0,18.0,,,,,0.0,,,0.019489728435728992,36.02418048798142,90.2973,benzil,865.2976447679999
0.0,0.0,0.0,0.0,0.0,0.0,0.0,0.0,0.0,55.0,99.0,0.0,,,,,0.0,0.0,0.0,0.0,0.0,,,,,0.0,,,0.02007729101737308,43.983198342452155,0.3696,benzil,844.4590098
0.0,0.0,0.0,0.0,0.0,0.0,0.0,0.0,0.0,-43.0,99.0,0.0,,,,,0.0,0.0,0.0,0.0,0.0,,,,,0.0,,,0.015025480180375566,34.29068553605248,0.3571,benzil,844.1653700400001
0.0,0.0,8.0,14.0,34.0,10.0,0.0,0.0,0.0,-8.0,16.0,0.0,,,,,0.0,0.0,22.0,22.0,0.0,,,,,0.0,,,0.032717426798206044,49.78516982387508,42.9598,benzil,801.215661144
-4.0,6.0,-6.0,30.0,6.0,4.0,0.0,0.0,0.0,-1.0,39.0,0.0,,,,,-2.0,-2.0,0.0,16.0,2.0,,,,,2.0,,,0.001612562376884466,43.08704948451021,18.9633,benzil,780.592362
1.0,0.0,-6.0,16.0,6.0,1.0,0.0,0.0,0.0,11.0,53.0,0.0,,,,,0.0,0.0,19.0,19.0,2.0,,,,,0.0,,,0.0030947205673443347,34.4874811852344,38.2857,benzil,717.2444777759999
27.0,-4.0,-2.0,4.0,30.0,27.0,0.0,0.0,1.0,-2.0,24.0,1.0,,,,,4.0,0.0,-1.0,7.0,0.0,,,,,4.0,,,0.018440658845521717,38.26450073730461,42.4521,benzil,715.11069552
-10.0,-12.0,3.0,5.0,36.0,10.0,0.0,0.0,0.0,-1.0,25.0,0.0,,,,,0.0,6.0,0.0,14.0,6.0,,,,,0.0,,,0.037885947323158725,68.29037367617651,50.2165,benzil,687.968593704
0.0,0.0,-24.0,72.0,0.0,0.0,0.0,0.0,0.0,10.0,26.0,0.0,,,,,0.0,0.0,0.0,0.0,0.0,,,,,0.0,,,0.07692013906863691,48.76562319788505,8.6937,benzil,679.92286428
0.0,-3.0,-37.0,69.0,3.0,0.0,0.0,0.0,0.0,-7.0,23.0,0.0,,,,,0.0,2.0,0.0,2.0,2.0,,,,,0.0,,,0.000667729418312734,33.07991041181506,12.627,benzil,679.67816448
0.0,1.0,0.0,0.0,53.0,8.0,0.0,0.0,1.0,0.0,0.0,3.0,,,,,0.0,0.0,4.0,4.0,28.0,,,,,2.0,,,0.004258485150171556,24.036829413927748,105.5486,benzil,641.2798718639999
0.0,-9.0,0.0,0.0,83.0,12.0,0.0,0.0,1.0,0.0,0.0,3.0,,,,,0.0,0.0,0.0,0.0,0.0,,,,,0.0,,,2.669414367610943e-06,29.608564158740574,0.8614,benzil,615.038265312
0.0,10.0,0.0,0.0,84.0,12.0,0.0,0.0,1.0,0.0,0.0,1.0,,,,,0.0,0.0,0.0,0.0,0.0,,,,,0.0,,,0.017373204470827835,60.33593125687587,0.5157,benzil,615.008901336
-12.0,3.0,4.0,48.0,25.0,12.0,0.0,0.0,0.0,1.0,7.0,0.0,,,,,-2.0,0.0,0.0,4.0,0.0,,,,,2.0,,,0.00029675605366668195,57.79301919733049,6.4307,benzil,477.448461768
0.0,0.0,11.0,39.0,28.0,16.0,0.0,0.0,0.0,-2.0,6.0,0.0,,,,,0.0,0.0,0.0,0.0,4.0,,,,,0.0,,,0.005823086219479955,53.24632759798744,2.6185,benzil,450.923003448
0.0,-1.0,5.0,35.0,23.0,28.0,0.0,0.0,0.0,-3.0,5.0,0.0,,,,,0.0,0.0,-2.0,2.0,4.0,,,,,0.0,,,0.001867259244866506,31.302527151725737,0.417,benzil,425.444860272
-16.0,-5.0,-19.0,33.0,21.0,20.0,0.0,0.0,0.0,1.0,7.0,0.0,,,,,0.0,6.0,0.0,10.0,6.0,,,,,0.0,,,4.352558212680145e-05,29.91520817598903,0.0034,benzil,413.83630176
0.0,0.0,3.0,67.0,0.0,0.0,0.0,0.0,0.0,10.0,30.0,0.0,,,,,0.0,0.0,0.0,0.0,0.0,,,,,0.0,,,0.005950173028999429,68.83563357089054,0.0139,benzil,402.72693083999997
5.0,0.0,25.0,63.0,4.0,7.0,0.0,0.0,0.0,-16.0,20.0,0.0,,,,,0.0,-4.0,0.0,2.0,4.0,,,,,0.0,,,0.009220485188229462,37.644268493598446,0.0013,benzil,400.59314858399995
21.0,-2.0,-2.0,18.0,2.0,21.0,0.0,0.0,0.0,0.0,0.0,0.0,,,,,0.0,44.0,0.0,10.0,44.0,,,,,0.0,,,0.002820440826056728,39.126083053807754,3.7277,benzil,329.982574296
0.0,0.0,-2.0,2.0,52.0,0.0,0.0,0.0,0.0,0.0,0.0,0.0,,,,,0.0,0.0,-6.0,6.0,36.0,,,,,0.0,,,0.009032225546226071,24.862757720107766,31.937,benzil,273.40798053599997
-28.0,12.0,-1.0,1.0,64.0,28.0,0.0,0.0,0.0,0.0,0.0,0.0,,,,,0.0,4.0,0.0,2.0,4.0,,,,,0.0,,,0.0012452532166352414,48.225646440723125,0.1827,benzil,261.270870456
9.0,61.0,2.0,22.0,61.0,9.0,0.0,0.0,0.0,0.0,0.0,0.0,,,,,0.0,-4.0,0.0,4.0,4.0,,,,,0.0,,,0.0025415717112707466,26.974402250852613,0.2963,benzil,157.077695616
0.0,0.0,-50.0,76.0,22.0,0.0,0.0,0.0,0.0,0.0,0.0,0.0,,,,,0.0,0.0,0.0,0.0,0.0,,,,,0.0,,,3.2767591856530446e-05,35.73030596564254,0.0081,benzil,153.6714744
0.0,6.0,-16.0,68.0,6.0,0.0,0.0,0.0,0.0,0.0,0.0,0.0,,,,,0.0,0.0,0.0,24.0,0.0,,,,,0.0,,,0.0033403608976523454,33.60547044701592,2.5902,benzil,146.61433216799998
0.0,0.0,13.0,35.0,50.0,0.0,0.0,0.0,0.0,0.0,0.0,0.0,,,,,0.0,0.0,-13.0,13.0,0.0,,,,,0.0,,,0.00042440662381531077,53.51504160398897,1.4807,benzil,128.36951508
0.0,0.0,2.0,80.0,16.0,0.0,0.0,0.0,0.0,0.0,0.0,0.0,,,,,0.0,0.0,-2.0,2.0,0.0,,,,,0.0,,,0.0072690905000191205,45.96764162722042,0.7267,benzil,40.003523304
0.0,0.0,93.0,97.0,0.0,0.0,0.0,0.0,0.0,0.0,0.0,0.0,,,,,0.0,0.0,0.0,0.0,0.0,,,,,0.0,,,0.0005952965444598302,10.981855753659605,0.0325,benzil,37.693557192
0.0,4.0,76.0,92.0,4.0,0.0,0.0,0.0,0.0,0.0,0.0,0.0,,,,,0.0,0.0,-1.0,3.0,0.0,,,,,0.0,,,0.00023177412248915483,11.12260193276815,2.3969,benzil,25.752206951999998
0.0,0.0,0.0,0.0,0.0,0.0,0.0,0.0,0.0,0.0,0.0,0.0,0.0,0.0,0.0,0.0,0.0,0.0,0.0,0.0,0.0,0.0,0.0,0.0,0.0,0.0,100.0,100.0,0.5535154381795648,46.68283837525838,95.6349,benzoic_acid,3607.43533
0.0,0.0,0.0,0.0,0.0,0.0,100.0,100.0,0.0,0.0,0.0,0.0,0.0,0.0,0.0,0.0,0.0,0.0,0.0,0.0,0.0,0.0,0.0,0.0,0.0,0.0,0.0,0.0,4.2943711926239345,60.503179817072755,2.6478,benzoic_acid,3089.24258
0.0,0.0,0.0,0.0,0.0,0.0,96.0,100.0,0.0,0.0,0.0,0.0,0.0,0.0,0.0,0.0,0.0,0.0,0.0,0.0,0.0,0.0,0.0,0.0,0.0,0.0,0.0,0.0,2.6240315069853986,48.10375050992654,4.5141,benzoic_acid,3083.64179
0.0,0.0,0.0,0.0,0.0,0.0,-77.0,99.0,0.0,0.0,0.0,0.0,0.0,0.0,0.0,0.0,0.0,0.0,0.0,0.0,0.0,0.0,0.0,0.0,0.0,0.0,0.0,0.0,0.2113834847929145,41.51694216567911,15.2144,benzoic_acid,3069.606306
0.0,0.0,0.0,0.0,0.0,0.0,1.0,99.0,0.0,0.0,0.0,0.0,0.0,0.0,0.0,0.0,0.0,0.0,0.0,0.0,0.0,0.0,0.0,0.0,0.0,0.0,0.0,0.0,0.2953567122245234,18.5798672558074,12.142,benzoic_acid,3060.367396
0.0,0.0,0.0,0.0,0.0,0.0,8.0,100.0,0.0,0.0,0.0,0.0,0.0,0.0,0.0,0.0,0.0,0.0,0.0,0.0,0.0,0.0,0.0,0.0,0.0,0.0,0.0,0.0,0.6244292951420227,64.64447055227728,0.4111,benzoic_acid,3049.108372
-4.0,-1.0,0.0,0.0,3.0,4.0,0.0,0.0,0.0,0.0,0.0,0.0,6.0,0.0,0.0,6.0,82.0,3.0,0.0,0.0,3.0,-1.0,0.0,0.0,1.0,84.0,0.0,0.0,0.5383528641498941,37.818302925384515,383.6615,benzoic_acid,1752.19738788
21.0,-6.0,0.0,0.0,18.0,63.0,0.0,0.0,4.0,0.0,0.0,20.0,0.0,0.0,0.0,0.0,0.0,0.0,0.0,0.0,0.0,0.0,0.0,0.0,0.0,0.0,0.0,0.0,0.07765728835153532,22.318181154951777,19.479,benzoic_acid,1616.065995144
0.0,-11.0,0.0,0.0,31.0,52.0,0.0,0.0,1.0,0.0,0.0,13.0,0.0,0.0,0.0,0.0,1.0,-1.0,0.0,0.0,1.0,0.0,0.0,0.0,0.0,1.0,0.0,0.0,2.8590646667340853,53.43981213705316,5.3175,benzoic_acid,1595.599303872
-4.0,7.0,0.0,0.0,11.0,24.0,0.0,0.0,-1.0,0.0,0.0,65.0,0.0,0.0,0.0,0.0,0.0,0.0,0.0,0.0,0.0,0.0,0.0,0.0,0.0,0.0,0.0,0.0,0.007859386899105206,37.713171996578254,2.4432,benzoic_acid,1496.809100616
9.0,-3.0,0.0,0.0,17.0,25.0,0.0,0.0,-47.0,0.0,0.0,57.0,0.0,0.0,0.0,0.0,0.0,-1.0,0.0,0.0,1.0,0.0,0.0,0.0,0.0,0.0,0.0,0.0,0.6868163689572925,59.14674095746048,15.6172,benzoic_acid,1453.996423608
9.0,-2.0,0.0,0.0,2.0,27.0,0.0,0.0,2.0,0.0,0.0,8.0,-25.0,0.0,0.0,25.0,-15.0,0.0,0.0,0.0,0.0,12.0,0.0,0.0,12.0,23.0,0.0,0.0,0.47498171838823106,50.11298106151515,131.4379,benzoic_acid,1341.894551232
6.0,0.0,0.0,0.0,2.0,68.0,0.0,0.0,22.0,0.0,0.0,22.0,3.0,0.0,0.0,3.0,1.0,1.0,0.0,0.0,1.0,-1.0,0.0,0.0,1.0,3.0,0.0,0.0,1.087552332244269,79.9453852681596,20.5296,benzoic_acid,1334.553557232
13.0,1.0,0.0,0.0,7.0,21.0,0.0,0.0,70.0,0.0,0.0,70.0,-1.0,0.0,0.0,1.0,1.0,-2.0,0.0,0.0,2.0,0.0,0.0,0.0,0.0,1.0,0.0,0.0,1.220610376826784,42.83688844143662,1.4888,benzoic_acid,1316.426196048
-10.0,0.0,0.0,0.0,4.0,28.0,0.0,0.0,9.0,0.0,0.0,41.0,24.0,0.0,0.0,24.0,-3.0,0.0,0.0,0.0,0.0,0.0,0.0,0.0,0.0,3.0,0.0,0.0,0.6325766413492552,26.69792859596187,65.8785,benzoic_acid,1185.071343408
6.0,-7.0,0.0,0.0,15.0,16.0,0.0,0.0,9.0,0.0,0.0,39.0,26.0,0.0,0.0,26.0,-5.0,0.0,0.0,0.0,0.0,0.0,0.0,0.0,0.0,5.0,0.0,0.0,0.7020175821486658,77.66053964231139,160.5488,benzoic_acid,1165.6617552720002
2.0,0.0,0.0,0.0,0.0,18.0,0.0,0.0,8.0,0.0,0.0,80.0,0.0,0.0,0.0,0.0,0.0,0.0,0.0,0.0,0.0,0.0,0.0,0.0,0.0,0.0,0.0,0.0,0.06470759360321161,19.48150134700299,1.2013,benzoic_acid,1161.1788549359999
-10.0,-17.0,0.0,0.0,23.0,20.0,0.0,0.0,-5.0,0.0,0.0,21.0,-2.0,0.0,0.0,2.0,31.0,-1.0,0.0,0.0,1.0,-2.0,0.0,0.0,2.0,31.0,0.0,0.0,0.4563009866988585,54.357933297904225,54.9105,benzoic_acid,1096.1082841199998
-11.0,-1.0,0.0,0.0,7.0,41.0,0.0,0.0,2.0,0.0,0.0,30.0,-2.0,0.0,0.0,2.0,20.0,0.0,0.0,0.0,0.0,-1.0,0.0,0.0,1.0,20.0,0.0,0.0,0.675152240886715,32.59223867953733,87.5316,benzoic_acid,1071.971095848
48.0,-17.0,0.0,0.0,21.0,52.0,0.0,0.0,-1.0,0.0,0.0,23.0,0.0,0.0,0.0,0.0,-3.0,0.0,0.0,0.0,0.0,0.0,0.0,0.0,0.0,3.0,0.0,0.0,0.7646941958095614,61.02705409437301,16.9465,benzoic_acid,1024.9104303119998
36.0,21.0,0.0,0.0,63.0,36.0,0.0,0.0,0.0,0.0,0.0,0.0,0.0,0.0,0.0,0.0,0.0,0.0,0.0,0.0,0.0,0.0,0.0,0.0,0.0,0.0,0.0,0.0,0.6422010533859642,16.61228073228716,0.6853,benzoic_acid,994.8612948719999
0.0,0.0,19.0,23.0,0.0,0.0,0.0,0.0,0.0,-3.0,79.0,0.0,0.0,0.0,0.0,0.0,0.0,0.0,0.0,0.0,0.0,0.0,0.0,0.0,0.0,0.0,0.0,0.0,0.009938706686640113,24.46654983797776,0.0383,benzoic_acid,992.766664584
0.0,0.0,6.0,14.0,0.0,0.0,0.0,0.0,0.0,53.0,87.0,0.0,0.0,0.0,0.0,0.0,0.0,0.0,0.0,0.0,0.0,0.0,0.0,0.0,0.0,0.0,0.0,0.0,0.001026950093555953,11.292228867713188,0.0555,benzoic_acid,977.52676104
0.0,0.0,11.0,13.0,0.0,0.0,0.0,0.0,0.0,81.0,83.0,0.0,0.0,0.0,0.0,0.0,0.0,0.0,0.0,0.0,0.0,0.0,-2.0,2.0,0.0,0.0,0.0,0.0,0.1309583434272903,19.919115859731868,1.5922,benzoic_acid,940.273663488
0.0,0.0,0.0,0.0,0.0,0.0,0.0,0.0,0.0,58.0,100.0,0.0,0.0,0.0,0.0,0.0,0.0,0.0,0.0,0.0,0.0,0.0,0.0,0.0,0.0,0.0,0.0,0.0,0.4309951055965675,14.379080148940771,0.0632,benzoic_acid,848.139294792
0.0,0.0,21.0,23.0,0.0,0.0,0.0,0.0,0.0,-10.0,30.0,0.0,0.0,-1.0,1.0,0.0,0.0,0.0,0.0,0.0,0.0,0.0,-46.0,46.0,0.0,0.0,0.0,0.0,0.6732307509699668,26.877761375240564,0.2487,benzoic_acid,801.988912512
25.0,14.0,0.0,0.0,50.0,25.0,0.0,0.0,1.0,0.0,0.0,1.0,3.0,0.0,0.0,3.0,12.0,-1.0,0.0,0.0,1.0,6.0,0.0,0.0,6.0,12.0,0.0,0.0,0.4394226576476637,75.37725771508289,8.543,benzoic_acid,758.6183199599999
0.0,0.0,8.0,18.0,0.0,0.0,0.0,0.0,0.0,2.0,46.0,0.0,0.0,-3.0,3.0,0.0,0.0,0.0,-1.0,1.0,0.0,0.0,33.0,33.0,0.0,0.0,0.0,0.0,0.5616446635504991,40.87262652768693,141.5745,benzoic_acid,712.066630008
0.0,0.0,44.0,68.0,0.0,0.0,0.0,0.0,0.0,-4.0,28.0,0.0,0.0,-2.0,2.0,0.0,0.0,0.0,0.0,0.0,0.0,0.0,1.0,1.0,0.0,0.0,0.0,0.0,1.6356386433447154,77.69122642876012,5.0006,benzoic_acid,683.358449472
-2.0,-9.0,0.0,0.0,23.0,4.0,0.0,0.0,0.0,0.0,0.0,0.0,6.0,0.0,0.0,6.0,7.0,-4.0,0.0,0.0,4.0,54.0,0.0,0.0,54.0,7.0,0.0,0.0,0.4804722374275696,71.32071270105587,49.6621,benzoic_acid,621.743039832
1.0,12.0,0.0,0.0,76.0,15.0,0.0,0.0,-1.0,0.0,0.0,3.0,0.0,0.0,0.0,0.0,-1.0,2.0,0.0,0.0,2.0,-2.0,0.0,0.0,2.0,1.0,0.0,0.0,0.13939753686147896,10.0067094928651,0.6596,benzoic_acid,616.2030363599999
0.0,0.0,2.0,14.0,0.0,0.0,0.0,0.0,0.0,-1.0,3.0,0.0,0.0,82.0,82.0,0.0,0.0,0.0,0.0,0.0,0.0,0.0,1.0,1.0,0.0,0.0,0.0,0.0,0.6474952579007065,51.027433732669486,71.1377,benzoic_acid,582.600859824
5.0,-23.0,0.0,0.0,29.0,9.0,0.0,0.0,0.0,0.0,0.0,0.0,-1.0,0.0,0.0,1.0,2.0,53.0,0.0,0.0,53.0,-3.0,0.0,0.0,3.0,6.0,0.0,0.0,0.4323855840911559,46.72954377706522,6.0523,benzoic_acid,486.10104669599997
0.0,0.0,40.0,56.0,0.0,0.0,0.0,0.0,0.0,-12.0,26.0,0.0,0.0,9.0,9.0,0.0,0.0,0.0,-2.0,2.0,0.0,0.0,9.0,9.0,0.0,0.0,0.0,0.0,0.7752035096322416,72.16988807690049,10.3879,benzoic_acid,426.198535656
0.0,0.0,45.0,81.0,0.0,0.0,0.0,0.0,0.0,-5.0,17.0,0.0,0.0,1.0,1.0,0.0,0.0,0.0,2.0,2.0,0.0,0.0,0.0,0.0,0.0,0.0,0.0,0.0,0.08099514823069354,10.17602895986834,0.4567,benzoic_acid,406.133152056
44.0,28.0,0.0,0.0,32.0,44.0,0.0,0.0,0.0,0.0,0.0,0.0,0.0,0.0,0.0,0.0,0.0,3.0,0.0,0.0,3.0,-18.0,0.0,0.0,18.0,0.0,0.0,0.0,0.3258853532793582,11.099635227477345,5.2117,benzoic_acid,374.478785928
1.0,67.0,0.0,0.0,67.0,5.0,0.0,0.0,0.0,0.0,0.0,0.0,0.0,0.0,0.0,0.0,0.0,27.0,0.0,0.0,27.0,0.0,0.0,0.0,0.0,0.0,0.0,0.0,0.17436643908479485,70.43579847501155,1.5474,benzoic_acid,210.950803584
0.0,0.0,-37.0,89.0,0.0,0.0,0.0,0.0,0.0,0.0,2.0,0.0,0.0,-1.0,1.0,0.0,0.0,0.0,1.0,1.0,0.0,0.0,-7.0,7.0,0.0,0.0,0.0,0.0,0.08377716419353082,10.262068192921422,0.7067,benzoic_acid,156.725327904
0.0,0.0,2.0,4.0,0.0,0.0,0.0,0.0,0.0,0.0,0.0,0.0,0.0,0.0,0.0,0.0,0.0,0.0,95.0,95.0,0.0,0.0,-1.0,1.0,0.0,0.0,0.0,0.0,0.8687894302505977,39.599053045852585,1.0169,benzoic_acid,66.65622551999999
0.0,0.0,0.0,0.0,0.0,0.0,0.0,0.0,0.0,0.0,0.0,0.0,0.0,0.0,0.0,0.0,0.0,0.0,0.0,0.0,0.0,0.0,0.0,0.0,0.0,0.0,100.0,100.0,0.07653452653382574,20.082816572391884,100.9997,2_benzoyl_benzoic_acid,3606.880038
0.0,0.0,0.0,0.0,0.0,0.0,99.0,99.0,0.0,0.0,0.0,0.0,0.0,0.0,0.0,0.0,0.0,0.0,0.0,0.0,0.0,0.0,0.0,0.0,0.0,0.0,0.0,0.0,0.04156207508784356,16.997190325950683,2.9031,2_benzoyl_benzoic_acid,3092.478592
0.0,0.0,0.0,0.0,0.0,0.0,99.0,99.0,0.0,0.0,0.0,0.0,0.0,0.0,0.0,0.0,0.0,0.0,0.0,0.0,0.0,0.0,0.0,0.0,0.0,0.0,0.0,0.0,0.006743190209992608,18.845057145624114,6.3326,2_benzoyl_benzoic_acid,3082.4929100000004
0.0,0.0,0.0,0.0,0.0,0.0,-90.0,98.0,0.0,0.0,0.0,0.0,0.0,0.0,0.0,0.0,0.0,0.0,0.0,0.0,0.0,0.0,0.0,0.0,0.0,0.0,0.0,0.0,0.13536945904557574,67.86774087547471,13.2051,2_benzoyl_benzoic_acid,3072.851892
0.0,0.0,0.0,0.0,0.0,0.0,91.0,99.0,0.0,0.0,0.0,0.0,0.0,0.0,0.0,0.0,0.0,0.0,0.0,0.0,0.0,0.0,0.0,0.0,0.0,0.0,0.0,0.0,0.0031510016762660055,10.200090214844751,11.9713,2_benzoyl_benzoic_acid,3072.114694
0.0,0.0,0.0,0.0,0.0,0.0,-14.0,100.0,0.0,0.0,0.0,0.0,0.0,0.0,0.0,0.0,0.0,0.0,0.0,0.0,0.0,0.0,0.0,0.0,0.0,0.0,0.0,0.0,0.008016437061507939,18.478321193259006,11.0031,2_benzoyl_benzoic_acid,3064.4267720000003
0.0,0.0,0.0,0.0,0.0,0.0,-7.0,101.0,0.0,0.0,0.0,0.0,0.0,0.0,0.0,0.0,0.0,0.0,0.0,0.0,0.0,0.0,0.0,0.0,0.0,0.0,0.0,0.0,0.05217430021075202,17.230452036255805,19.0925,2_benzoyl_benzoic_acid,3064.283162
0.0,0.0,0.0,0.0,0.0,0.0,17.0,101.0,0.0,0.0,0.0,0.0,0.0,0.0,0.0,0.0,0.0,0.0,0.0,0.0,0.0,0.0,0.0,0.0,0.0,0.0,0.0,0.0,0.5279093743643959,31.427036850579107,8.0978,2_benzoyl_benzoic_acid,3055.618692
0.0,0.0,0.0,0.0,0.0,0.0,14.0,100.0,0.0,0.0,0.0,0.0,0.0,0.0,0.0,0.0,0.0,0.0,0.0,0.0,0.0,0.0,0.0,0.0,0.0,0.0,0.0,0.0,0.2227625645360871,32.261460891991554,1.2587,2_benzoyl_benzoic_acid,3052.3922540000003
0.0,0.0,0.0,0.0,0.0,0.0,0.0,100.0,0.0,0.0,0.0,0.0,0.0,0.0,0.0,0.0,0.0,0.0,0.0,0.0,0.0,0.0,0.0,0.0,0.0,0.0,0.0,0.0,0.010496979460635948,34.20456632458282,0.1139,2_benzoyl_benzoic_acid,3045.901082
-3.0,-2.0,0.0,0.0,2.0,5.0,0.0,0.0,0.0,0.0,0.0,0.0,5.0,0.0,0.0,5.0,82.0,3.0,0.0,0.0,3.0,-1.0,0.0,0.0,1.0,84.0,0.0,0.0,0.46515724592976665,52.95113275181301,355.4577,2_benzoyl_benzoic_acid,1753.538342784
-2.0,3.0,0.0,0.0,5.0,4.0,0.0,0.0,0.0,0.0,0.0,0.0,0.0,0.0,0.0,0.0,89.0,-1.0,0.0,0.0,1.0,0.0,0.0,0.0,0.0,89.0,0.0,0.0,0.5850426220249292,77.13237708653025,197.3576,2_benzoyl_benzoic_acid,1700.9083097999999
21.0,-6.0,0.0,0.0,16.0,63.0,0.0,0.0,0.0,0.0,0.0,18.0,0.0,0.0,0.0,0.0,-1.0,0.0,0.0,0.0,0.0,0.0,0.0,0.0,0.0,1.0,0.0,0.0,0.00015398151415057146,75.97076089774124,22.7008,2_benzoyl_benzoic_acid,1611.680974728
-7.0,5.0,0.0,0.0,5.0,69.0,0.0,0.0,-4.0,0.0,0.0,22.0,0.0,0.0,0.0,0.0,0.0,0.0,0.0,0.0,0.0,0.0,0.0,0.0,0.0,0.0,0.0,0.0,0.1640534400345114,55.51971945510086,9.9869,2_benzoyl_benzoic_acid,1608.685849176
2.0,8.0,0.0,0.0,28.0,54.0,0.0,0.0,7.0,0.0,0.0,15.0,0.0,0.0,0.0,0.0,2.0,0.0,0.0,0.0,0.0,0.0,0.0,0.0,0.0,2.0,0.0,0.0,0.017738014910661182,35.965826403193304,10.3294,2_benzoyl_benzoic_acid,1593.0740019359998
17.0,12.0,0.0,0.0,38.0,51.0,0.0,0.0,-11.0,0.0,0.0,11.0,0.0,0.0,0.0,0.0,0.0,0.0,0.0,0.0,0.0,0.0,0.0,0.0,0.0,0.0,0.0,0.0,0.0007552195978861654,28.659768763760866,19.8301,2_benzoyl_benzoic_acid,1581.504595392
-4.0,8.0,0.0,0.0,14.0,20.0,0.0,0.0,63.0,0.0,0.0,67.0,0.0,0.0,0.0,0.0,0.0,0.0,0.0,0.0,0.0,0.0,0.0,0.0,0.0,0.0,0.0,0.0,0.241885080797197,25.73878845532711,2.135,2_benzoyl_benzoic_acid,1494.2544347039998
-12.0,27.0,0.0,0.0,27.0,14.0,0.0,0.0,54.0,0.0,0.0,54.0,0.0,0.0,0.0,0.0,0.0,0.0,0.0,0.0,0.0,-1.0,0.0,0.0,1.0,0.0,0.0,0.0,0.2698230296325416,48.356106233957334,10.3409,2_benzoyl_benzoic_acid,1486.120613352
-8.0,3.0,0.0,0.0,15.0,26.0,0.0,0.0,-30.0,0.0,0.0,54.0,0.0,0.0,0.0,0.0,1.0,1.0,0.0,0.0,1.0,0.0,0.0,0.0,0.0,1.0,0.0,0.0,0.10863235645538935,39.35719398144876,16.5826,2_benzoyl_benzoic_acid,1451.774549424
-2.0,-1.0,0.0,0.0,5.0,36.0,0.0,0.0,1.0,0.0,0.0,57.0,0.0,0.0,0.0,0.0,-1.0,0.0,0.0,0.0,0.0,0.0,0.0,0.0,0.0,1.0,0.0,0.0,0.04802317973504272,10.054236265939824,0.7697,2_benzoyl_benzoic_acid,1443.650516064
-7.0,2.0,0.0,0.0,4.0,27.0,0.0,0.0,-7.0,0.0,0.0,7.0,26.0,0.0,0.0,26.0,15.0,0.0,0.0,0.0,0.0,-13.0,0.0,0.0,13.0,23.0,0.0,0.0,0.14612303207451008,16.71070854837246,123.3955,2_benzoyl_benzoic_acid,1344.204517344
-2.0,-1.0,0.0,0.0,1.0,66.0,0.0,0.0,-10.0,0.0,0.0,32.0,0.0,0.0,0.0,0.0,0.0,0.0,0.0,0.0,0.0,0.0,0.0,0.0,0.0,0.0,0.0,0.0,0.6763452540605323,24.443825228857207,3.0843,2_benzoyl_benzoic_acid,1334.8863489599999
12.0,-3.0,0.0,0.0,5.0,72.0,0.0,0.0,-3.0,0.0,0.0,13.0,4.0,0.0,0.0,4.0,0.0,2.0,0.0,0.0,2.0,0.0,0.0,0.0,0.0,2.0,0.0,0.0,0.2132711963394401,28.864458196161266,20.4386,2_benzoyl_benzoic_acid,1318.236974568
-16.0,0.0,0.0,0.0,8.0,32.0,0.0,0.0,-4.0,0.0,0.0,54.0,0.0,0.0,0.0,0.0,0.0,3.0,0.0,0.0,3.0,0.0,0.0,0.0,0.0,0.0,0.0,0.0,0.14489101607408347,33.826580767946226,12.9347,2_benzoyl_benzoic_acid,1316.43598404
-15.0,2.0,0.0,0.0,4.0,41.0,0.0,0.0,13.0,0.0,0.0,49.0,0.0,0.0,0.0,0.0,0.0,1.0,-1.0,1.0,1.0,0.0,0.0,0.0,0.0,0.0,0.0,0.0,0.1648202654821381,33.98646184684498,56.1565,2_benzoyl_benzoic_acid,1278.820730784
8.0,2.0,0.0,0.0,10.0,56.0,0.0,0.0,-6.0,0.0,0.0,24.0,0.0,0.0,0.0,0.0,-1.0,-2.0,0.0,0.0,4.0,0.0,0.0,0.0,0.0,1.0,0.0,0.0,1.4569314598276455,79.83150847770048,174.0438,2_benzoyl_benzoic_acid,1252.6476401759999
9.0,1.0,0.0,0.0,5.0,29.0,0.0,0.0,-11.0,0.0,0.0,47.0,-17.0,0.0,0.0,17.0,1.0,0.0,0.0,0.0,0.0,0.0,0.0,0.0,0.0,1.0,0.0,0.0,0.10570880149064521,10.246365251728214,65.4326,2_benzoyl_benzoic_acid,1178.415508848
4.0,1.0,0.0,0.0,5.0,30.0,0.0,0.0,9.0,0.0,0.0,35.0,26.0,0.0,0.0,26.0,-3.0,0.0,0.0,0.0,0.0,0.0,0.0,0.0,0.0,3.0,0.0,0.0,0.050848081809961525,31.597182092069072,119.8351,2_benzoyl_benzoic_acid,1176.07617876
3.0,1.0,0.0,0.0,3.0,17.0,0.0,0.0,34.0,0.0,0.0,78.0,-3.0,0.0,0.0,3.0,0.0,0.0,0.0,0.0,0.0,0.0,0.0,0.0,0.0,0.0,0.0,0.0,0.27412012086220877,60.69924555458993,18.8982,2_benzoyl_benzoic_acid,1166.121790896
-1.0,0.0,0.0,0.0,2.0,17.0,0.0,0.0,43.0,0.0,0.0,79.0,0.0,0.0,0.0,0.0,0.0,0.0,0.0,0.0,0.0,0.0,0.0,0.0,0.0,0.0,0.0,0.0,0.005014392607349523,14.377635285343286,0.1372,2_benzoyl_benzoic_acid,1160.17069176
-1.0,13.0,0.0,0.0,25.0,43.0,0.0,0.0,-24.0,0.0,0.0,28.0,0.0,0.0,0.0,0.0,0.0,0.0,0.0,0.0,0.0,0.0,0.0,0.0,0.0,0.0,0.0,0.0,0.03198147544514143,16.42988317856919,21.0021,2_benzoyl_benzoic_acid,1148.52298128
-11.0,-4.0,0.0,0.0,18.0,27.0,0.0,0.0,16.0,0.0,0.0,26.0,-7.0,0.0,0.0,7.0,20.0,-1.0,0.0,0.0,1.0,-1.0,0.0,0.0,1.0,20.0,0.0,0.0,0.2595393400370398,18.504704450968486,108.1989,2_benzoyl_benzoic_acid,1128.300989808
-10.0,-3.0,0.0,0.0,5.0,46.0,0.0,0.0,20.0,0.0,0.0,46.0,0.0,0.0,0.0,0.0,0.0,0.0,0.0,0.0,0.0,0.0,0.0,0.0,0.0,0.0,0.0,0.0,0.22448052743297178,26.089376798301846,7.6471,2_benzoyl_benzoic_acid,1082.7085230720002
2.0,15.0,0.0,0.0,41.0,8.0,0.0,0.0,-11.0,0.0,0.0,17.0,2.0,0.0,0.0,2.0,-30.0,0.0,0.0,0.0,0.0,1.0,0.0,0.0,1.0,30.0,0.0,0.0,0.8095432186757482,48.216074533119325,88.1408,2_benzoyl_benzoic_acid,1059.618649944
67.0,-1.0,0.0,0.0,5.0,71.0,0.0,0.0,18.0,0.0,0.0,18.0,0.0,0.0,0.0,0.0,-2.0,0.0,1.0,1.0,0.0,0.0,0.0,0.0,0.0,2.0,0.0,0.0,0.06090009016661332,27.301505593516243,6.2665,2_benzoyl_benzoic_acid,1044.1731985679999
50.0,-15.0,0.0,0.0,19.0,52.0,0.0,0.0,28.0,0.0,0.0,28.0,0.0,0.0,0.0,0.0,0.0,0.0,0.0,0.0,0.0,0.0,0.0,0.0,0.0,0.0,0.0,0.0,0.4093701499758639,37.169457415901746,2.4399,2_benzoyl_benzoic_acid,1026.721208832
-33.0,-21.0,0.0,0.0,65.0,33.0,0.0,0.0,0.0,0.0,0.0,0.0,0.0,0.0,0.0,0.0,0.0,0.0,0.0,0.0,0.0,0.0,0.0,0.0,0.0,0.0,0.0,0.0,0.03565087222225569,38.02793663053734,1.1639,2_benzoyl_benzoic_acid,993.4224600480001
0.0,0.0,-17.0,23.0,0.0,0.0,0.0,0.0,0.0,30.0,76.0,0.0,0.0,0.0,0.0,0.0,0.0,0.0,0.0,0.0,0.0,0.0,0.0,0.0,0.0,0.0,0.0,0.0,0.012828891741283027,25.09182713405417,0.2548,2_benzoyl_benzoic_acid,990.525214416
0.0,0.0,10.0,20.0,0.0,0.0,0.0,0.0,0.0,-47.0,79.0,0.0,0.0,0.0,0.0,0.0,0.0,0.0,0.0,0.0,0.0,0.0,0.0,0.0,0.0,0.0,0.0,0.0,0.012996620117169084,23.433054996304413,0.0867,2_benzoyl_benzoic_acid,987.207085128
0.0,0.0,-4.0,8.0,0.0,0.0,0.0,0.0,0.0,-6.0,90.0,0.0,0.0,0.0,0.0,0.0,0.0,0.0,0.0,0.0,0.0,0.0,0.0,0.0,0.0,0.0,0.0,0.0,0.40207515160188795,18.91587956042551,0.3473,2_benzoyl_benzoic_acid,975.216794928
0.0,0.0,3.0,7.0,0.0,0.0,0.0,0.0,0.0,17.0,89.0,0.0,0.0,0.0,0.0,0.0,0.0,0.0,0.0,0.0,0.0,0.0,0.0,0.0,0.0,0.0,0.0,0.0,0.0020233842572749197,13.074891952051573,1.343,2_benzoyl_benzoic_acid,960.387987048
0.0,1.0,8.0,10.0,5.0,0.0,0.0,0.0,0.0,20.0,80.0,0.0,0.0,0.0,0.0,0.0,0.0,-1.0,-1.0,1.0,1.0,0.0,0.0,0.0,0.0,0.0,0.0,0.0,0.045654763738549306,34.42302358460867,4.7005,2_benzoyl_benzoic_acid,934.2148964400001
3.0,-2.0,0.0,2.0,50.0,21.0,0.0,0.0,0.0,6.0,10.0,0.0,0.0,0.0,0.0,0.0,0.0,13.0,0.0,0.0,13.0,0.0,0.0,0.0,0.0,0.0,0.0,0.0,0.7970052614095976,32.68106163695757,58.9053,2_benzoyl_benzoic_acid,925.435067616
-1.0,-1.0,0.0,6.0,9.0,3.0,0.0,0.0,0.0,79.0,79.0,0.0,0.0,0.0,0.0,0.0,0.0,-1.0,0.0,0.0,1.0,0.0,-2.0,2.0,0.0,0.0,0.0,0.0,0.1013137315861281,15.416292584845127,6.9455,2_benzoyl_benzoic_acid,880.126452648
0.0,0.0,0.0,0.0,0.0,0.0,0.0,0.0,0.0,99.0,99.0,0.0,0.0,0.0,0.0,0.0,0.0,0.0,0.0,0.0,0.0,0.0,0.0,0.0,0.0,0.0,0.0,0.0,0.00785214652340163,10.450992337527719,0.4101,2_benzoyl_benzoic_acid,846.2306363519999
2.0,1.0,7.0,27.0,5.0,2.0,0.0,0.0,0.0,0.0,22.0,0.0,0.0,0.0,0.0,0.0,1.0,0.0,-20.0,20.0,0.0,0.0,19.0,19.0,0.0,1.0,0.0,0.0,0.42385581938070366,58.58622796307909,1.0719,2_benzoyl_benzoic_acid,798.35756748
-2.0,-1.0,-16.0,24.0,3.0,2.0,0.0,0.0,0.0,13.0,27.0,0.0,0.0,0.0,0.0,0.0,-1.0,0.0,13.0,13.0,0.0,0.0,26.0,26.0,0.0,1.0,0.0,0.0,4.5001970725320215e-06,11.986779198381917,1.3162,2_benzoyl_benzoic_acid,796.6642448639999
4.0,18.0,-8.0,12.0,30.0,20.0,0.0,0.0,0.0,-6.0,20.0,0.0,1.0,0.0,0.0,1.0,7.0,-1.0,1.0,1.0,1.0,4.0,0.0,0.0,4.0,9.0,0.0,0.0,0.01597746235340217,51.40302704994916,9.685,2_benzoyl_benzoic_acid,780.122538384
-5.0,2.0,-2.0,22.0,20.0,7.0,0.0,0.0,0.0,-11.0,41.0,0.0,-1.0,0.0,0.0,1.0,-3.0,0.0,0.0,0.0,0.0,-2.0,-2.0,2.0,2.0,3.0,0.0,0.0,1.2730594372458226,60.015927046631234,56.1618,2_benzoyl_benzoic_acid,755.006550912
-10.0,-4.0,1.0,13.0,18.0,10.0,0.0,0.0,0.0,-5.0,29.0,0.0,0.0,-1.0,1.0,0.0,-1.0,0.0,10.0,10.0,0.0,-1.0,15.0,15.0,1.0,1.0,0.0,0.0,0.19260320947592516,35.86563534250217,83.0534,2_benzoyl_benzoic_acid,712.6147575599999
-11.0,-10.0,15.0,35.0,26.0,11.0,0.0,0.0,0.0,2.0,8.0,0.0,0.0,2.0,2.0,0.0,0.0,-1.0,1.0,1.0,1.0,-1.0,-15.0,15.0,1.0,0.0,0.0,0.0,0.11572146196692643,27.401716315686087,33.0461,2_benzoyl_benzoic_acid,704.6473320719999
-5.0,0.0,-2.0,10.0,22.0,5.0,0.0,0.0,0.0,14.0,42.0,0.0,0.0,0.0,0.0,0.0,-1.0,1.0,-12.0,12.0,1.0,-1.0,2.0,2.0,1.0,1.0,0.0,0.0,0.16707397511239397,35.22606692212949,34.3049,2_benzoyl_benzoic_acid,696.2100829679999
0.0,-1.0,49.0,77.0,5.0,0.0,0.0,0.0,0.0,5.0,11.0,0.0,0.0,0.0,0.0,0.0,0.0,0.0,3.0,3.0,0.0,0.0,0.0,0.0,0.0,0.0,0.0,0.0,0.02648417825739672,34.12066483583347,3.1109,2_benzoyl_benzoic_acid,682.017494568
2.0,12.0,-4.0,12.0,52.0,6.0,0.0,0.0,0.0,0.0,4.0,0.0,0.0,-1.0,1.0,0.0,0.0,-20.0,0.0,0.0,20.0,1.0,0.0,0.0,1.0,0.0,0.0,0.0,1.8070972253561315,70.69690515449446,29.5237,2_benzoyl_benzoic_acid,635.671352448
-1.0,1.0,0.0,0.0,27.0,3.0,0.0,0.0,0.0,0.0,0.0,0.0,5.0,0.0,0.0,5.0,6.0,-4.0,1.0,1.0,4.0,51.0,0.0,0.0,51.0,6.0,0.0,0.0,0.705376793218235,32.489697946349324,41.7966,2_benzoyl_benzoic_acid,626.372760048
-1.0,7.0,0.0,0.0,79.0,15.0,0.0,0.0,2.0,0.0,0.0,4.0,0.0,0.0,0.0,0.0,0.0,1.0,0.0,0.0,1.0,0.0,0.0,0.0,0.0,0.0,0.0,0.0,0.06116655901756357,32.417649580863184,0.3781,2_benzoyl_benzoic_acid,615.968124552
-1.0,10.0,-4.0,6.0,14.0,1.0,0.0,0.0,0.0,-1.0,5.0,0.0,0.0,67.0,67.0,0.0,-1.0,0.0,0.0,0.0,0.0,0.0,1.0,1.0,0.0,1.0,0.0,0.0,0.09295263107783296,25.625200673400123,46.6042,2_benzoyl_benzoic_acid,582.992379504
-4.0,14.0,6.0,34.0,26.0,4.0,0.0,0.0,0.0,-5.0,13.0,0.0,0.0,-18.0,18.0,0.0,-1.0,-1.0,0.0,0.0,1.0,0.0,0.0,0.0,0.0,1.0,0.0,0.0,0.06807788297505558,17.124039878207114,27.6623,2_benzoyl_benzoic_acid,572.920535736
-10.0,-17.0,-2.0,10.0,27.0,10.0,0.0,0.0,0.0,1.0,3.0,0.0,0.0,0.0,0.0,0.0,2.0,39.0,1.0,1.0,39.0,-2.0,0.0,0.0,2.0,4.0,0.0,0.0,0.2488695278486405,16.846377094432025,12.5372,2_benzoyl_benzoic_acid,506.97883363200003
-15.0,-7.0,22.0,46.0,13.0,15.0,0.0,0.0,0.0,0.0,12.0,0.0,0.0,-1.0,1.0,0.0,0.0,0.0,4.0,4.0,2.0,1.0,-1.0,1.0,1.0,0.0,0.0,0.0,0.5283114131877917,56.28285520271864,4.2553,2_benzoyl_benzoic_acid,447.64402612799995
12.0,-5.0,17.0,39.0,19.0,20.0,0.0,0.0,0.0,-4.0,8.0,0.0,0.0,1.0,1.0,0.0,1.0,9.0,-1.0,1.0,9.0,1.0,1.0,1.0,1.0,1.0,0.0,0.0,0.11448220752056673,70.21691235562895,1.1749,2_benzoyl_benzoic_acid,434.459600904
-4.0,0.0,5.0,59.0,2.0,4.0,0.0,0.0,0.0,6.0,14.0,0.0,0.0,6.0,6.0,0.0,0.0,0.0,0.0,2.0,4.0,0.0,7.0,7.0,0.0,0.0,0.0,0.0,0.07475179978769259,55.91799171007981,6.9189,2_benzoyl_benzoic_acid,415.735172208
0.0,0.0,-58.0,70.0,0.0,0.0,0.0,0.0,0.0,17.0,25.0,0.0,0.0,-1.0,1.0,0.0,0.0,0.0,0.0,0.0,0.0,0.0,-1.0,1.0,0.0,0.0,0.0,0.0,0.07743372255016873,54.560186104297834,0.7184,2_benzoyl_benzoic_acid,406.142940048
30.0,15.0,-2.0,10.0,27.0,30.0,0.0,0.0,0.0,0.0,0.0,0.0,0.0,0.0,0.0,0.0,1.0,8.0,4.0,4.0,12.0,-11.0,0.0,0.0,11.0,1.0,0.0,0.0,2.844303005814246,58.43967478639925,7.8539,2_benzoyl_benzoic_acid,387.927486936
2.0,11.0,7.0,21.0,25.0,18.0,0.0,0.0,0.0,0.0,2.0,0.0,0.0,0.0,0.0,0.0,0.0,21.0,1.0,1.0,29.0,-2.0,0.0,0.0,2.0,0.0,0.0,0.0,0.00041984191972937573,27.082027228128798,7.9284,2_benzoyl_benzoic_acid,337.93042379999997
28.0,39.0,-3.0,5.0,47.0,32.0,0.0,0.0,0.0,0.0,0.0,0.0,0.0,0.0,0.0,0.0,0.0,8.0,-1.0,1.0,8.0,1.0,0.0,0.0,1.0,0.0,0.0,0.0,0.13116159437485014,26.83264986669709,1.0595,2_benzoyl_benzoic_acid,266.174654448
-4.0,-3.0,1.0,9.0,57.0,8.0,0.0,0.0,0.0,0.0,0.0,0.0,0.0,0.0,0.0,0.0,0.0,17.0,-7.0,7.0,17.0,0.0,0.0,0.0,0.0,0.0,0.0,0.0,0.02444797033817841,31.385074818904787,1.7255,2_benzoyl_benzoic_acid,239.551316208
-1.0,37.0,33.0,39.0,45.0,3.0,0.0,0.0,0.0,0.0,0.0,0.0,0.0,0.0,0.0,0.0,0.0,8.0,0.0,0.0,8.0,0.0,2.0,2.0,0.0,0.0,0.0,0.0,0.5269612746478276,61.16562818971762,2.7627,2_benzoyl_benzoic_acid,220.86603948
0.0,17.0,-18.0,60.0,29.0,0.0,0.0,0.0,0.0,-1.0,1.0,0.0,0.0,0.0,0.0,0.0,0.0,3.0,-2.0,2.0,3.0,0.0,-1.0,1.0,0.0,0.0,0.0,0.0,0.015242330874711153,27.92399351779767,2.0233,2_benzoyl_benzoic_acid,163.89992604
1.0,20.0,22.0,46.0,36.0,1.0,0.0,0.0,0.0,0.0,0.0,0.0,0.0,0.0,0.0,0.0,0.0,3.0,5.0,7.0,3.0,0.0,3.0,3.0,0.0,0.0,0.0,0.0,0.0024477424243327713,41.01425891680368,0.5259,2_benzoyl_benzoic_acid,137.5212876
0.0,-14.0,2.0,52.0,26.0,0.0,0.0,0.0,0.0,0.0,0.0,0.0,0.0,0.0,0.0,0.0,0.0,-1.0,-17.0,17.0,1.0,0.0,1.0,1.0,0.0,0.0,0.0,0.0,0.06834151797504834,12.348850762680831,1.1483,2_benzoyl_benzoic_acid,115.79194536
0.0,7.0,18.0,38.0,11.0,0.0,0.0,0.0,0.0,0.0,0.0,0.0,0.0,0.0,0.0,0.0,0.0,0.0,48.0,48.0,0.0,0.0,0.0,0.0,0.0,0.0,0.0,0.0,0.36703241333916,34.249406890261625,0.6143,2_benzoyl_benzoic_acid,81.93528103199999
0.0,16.0,27.0,61.0,24.0,0.0,0.0,0.0,0.0,0.0,0.0,0.0,0.0,0.0,0.0,0.0,0.0,0.0,-12.0,14.0,0.0,0.0,0.0,0.0,0.0,0.0,0.0,0.0,0.06837582811575274,48.24743611324118,2.1316,2_benzoyl_benzoic_acid,58.101520512
0.0,5.0,84.0,88.0,9.0,0.0,0.0,0.0,0.0,0.0,0.0,0.0,0.0,0.0,0.0,0.0,0.0,0.0,-1.0,1.0,0.0,0.0,0.0,0.0,0.0,0.0,0.0,0.0,0.019324494218041173,10.114575123949821,0.1927,2_benzoyl_benzoic_acid,44.271087816
0.0,2.0,65.0,75.0,2.0,0.0,0.0,0.0,0.0,0.0,0.0,0.0,0.0,0.0,0.0,0.0,0.0,0.0,-21.0,21.0,0.0,0.0,0.0,0.0,0.0,0.0,0.0,0.0,0.061148239606359886,33.05001867187666,0.9637,2_benzoyl_benzoic_acid,17.305169856
