460.0;0.000100785836910251
461.0;0.0001030686937576405
462.0;0.0001055078357382263
463.0;0.00010853355597328556
464.0;0.00011168167589814976
465.0;0.00011461688769369394
466.0;0.00011772334558800255
467.0;0.00012075944754439025
468.0;0.00012501522791032635
469.0;0.0001302323777590348
470.0;0.00014174268375751628
471.0;0.0001494555739311906
472.0;0.00016285155295186037
473.0;0.0001793369484283101
474.0;0.00018758436552163797
475.0;0.0001937796071904595
476.0;0.0002000873269828625
477.0;0.0002056942628501816
478.0;0.00021107409978149435
479.0;0.00021550336169017382
480.0;0.00021966275994059304
481.0;0.00022189286197295017
482.0;0.00022347571475862056
483.0;0.0002242698535855627
484.0;0.0002242698535855627
485.0;0.0002242698535855627
486.0;0.0002237402260660466
487.0;0.0002229472955152807
488.0;0.00022038269830514985
489.0;0.00021299293153023783
490.0;0.00020821557714822598
491.0;0.0001814390861149245
492.0;0.0001565248652161073
493.0;0.00013338028856754922
494.0;0.00011153795900446757
495.0;9.30254384288323e-05
496.0;8.286721882150164e-05
497.0;7.377004551150707e-05
498.0;7.043504874185043e-05
499.0;6.856779546724075e-05
500.0;6.751130987082621e-05
501.0;6.650009716905334e-05
502.0;6.549181906691257e-05
503.0;6.356742679801621e-05
504.0;6.457012759649389e-05
505.0;6.415198386384322e-05
506.0;6.398486717686816e-05
507.0;6.402663881329028e-05
508.0;6.415198386384322e-05
509.0;6.436099282492157e-05
510.0;6.461196966139933e-05
511.0;6.511446788401448e-05
512.0;6.578559804179491e-05
513.0;6.641596214369425e-05
514.0;6.708961351425979e-05
515.0;6.806028143588119e-05
516.0;6.911844021667409e-05
517.0;7.000979093414104e-05
518.0;7.073303921513938e-05
519.0;7.073303921513938e-05
520.0;7.132978800585318e-05
521.0;7.107391300801872e-05
522.0;7.077563015426996e-05
523.0;7.047760316477367e-05
524.0;7.017983160095011e-05
525.0;6.975488587096612e-05
526.0;6.928804509459554e-05
527.0;6.882183075922313e-05
528.0;6.83562411858931e-05
529.0;6.789127470239046e-05
530.0;6.768013183018414e-05
531.0;6.759571059649876e-05
532.0;6.751130987082621e-05
533.0;6.742692964320499e-05
534.0;6.776457358185089e-05
535.0;6.69210781796319e-05
536.0;7.150047608863904e-05
537.0;7.553597741180598e-05
538.0;7.739774648483321e-05
539.0;7.822357737654825e-05
540.0;0.0001016226954092452
541.0;0.00013470891575272087
542.0;0.00013547774896206042
543.0;0.00012801555385732587
544.0;0.00010972267201364906
545.0;9.243560314360962e-05
546.0;7.596805753903078e-05
547.0;7.077563015426996e-05
548.0;6.85254743044474e-05
549.0;6.91608336747857e-05
550.0;6.92456361124834e-05
551.0;6.941530310915157e-05
552.0;6.975488587096612e-05
553.0;7.017983160095011e-05
554.0;7.060529771525462e-05
555.0;7.115918373749881e-05
556.0;7.175666554514498e-05
557.0;7.244076241498673e-05
558.0;7.325488082719491e-05
559.0;7.407091138033104e-05
560.0;7.488886307773526e-05
561.0;7.562235046023653e-05
562.0;7.644396713847227e-05
563.0;7.718074842299024e-05
564.0;7.791909546677494e-05
565.0;7.874616797724e-05
566.0;7.944418043808165e-05
567.0;8.009984318319146e-05
568.0;8.066908681822489e-05
569.0;8.128316325599285e-05
570.0;8.189832696764684e-05
571.0;8.216230235240278e-05
572.0;8.238243515170929e-05
573.0;8.260270751407553e-05
574.0;8.299955003068952e-05
575.0;8.198629647957971e-05
576.0;8.115148404823031e-05
577.0;8.014359805832298e-05
578.0;7.892053966748616e-05
579.0;7.748458367236912e-05
580.0;7.575195030713158e-05
581.0;7.45442276267637e-05
582.0;7.355530072098633e-05
583.0;7.36841316669737e-05
584.0;7.316909426243247e-05
585.0;7.385598060606403e-05
586.0;8.954630927405043e-05
587.0;0.00010896116905559986
588.0;0.00011182545226499467
589.0;0.00010036816234319185
590.0;8.406001811236526e-05
591.0;7.631410894764167e-05
592.0;7.536329570570516e-05
593.0;8.058145014591694e-05
594.0;8.295543402713553e-05
595.0;8.48574987659145e-05
596.0;8.663625900865385e-05
597.0;8.820017978876983e-05
598.0;8.91868311400438e-05
599.0;8.968120952250221e-05
600.0;8.972618791411432e-05
601.0;8.972618791411432e-05
602.0;8.896234603465538e-05
603.0;8.77526264800412e-05
604.0;8.636886372696672e-05
605.0;8.556791043430567e-05
606.0;8.507934641122912e-05
607.0;8.445852962864965e-05
608.0;8.441422799192751e-05
609.0;8.441422799192751e-05
610.0;8.445852962864965e-05
611.0;8.454714985244923e-05
612.0;8.525692657636399e-05
613.0;8.708237564098317e-05
614.0;8.986115803644206e-05
615.0;9.334345729361979e-05
616.0;9.759642378557989e-05
617.0;0.00010227498180136574
618.0;0.00011860206469338888
619.0;0.0001356830588132248
620.0;0.00015370149439733434
621.0;0.0001726486356952313
622.0;0.0001926889469750668
623.0;0.0002151159590272637
624.0;0.00022813399005333393
625.0;0.00023688563709396436
626.0;0.00024040732378223642
627.0;0.00024207702143960987
628.0;0.00024214676661409325
629.0;0.00024221652579222596
630.0;0.00024110205623832174
631.0;0.0002395754744171266
632.0;0.00023757335621305128
633.0;0.00023258403121933534
634.0;0.000222683386968203
635.0;0.00021751185271972752
636.0;0.00021069160185054295
637.0;0.00019347630242608804
638.0;0.00017713173770963017
639.0;0.00016146635222724862
640.0;0.00014658287013332282
641.0;0.00013220918487692713
642.0;0.000118455457087786
643.0;9.778052000688152e-05
644.0;9.778052000688152e-05
645.0;9.911814289776508e-05
646.0;0.00013558038872219324
647.0;0.00017626509823428162
648.0;0.00019051784442689358
649.0;0.00015009719107664457
650.0;0.00019021737257082043
651.0;8.743968184089992e-05
652.0;8.77526264800412e-05
653.0;9.741242505996468e-05
654.0;0.00011597254665929272
655.0;0.0001281662524437365
656.0;0.0001258127848413843
657.0;0.00011660376234710517
658.0;0.00011091587184539193
659.0;0.0001108202649142651
660.0;0.00011626373448373168
661.0;0.0001219912278374015
662.0;0.00012786492060739524
663.0;0.00013231086342185025
664.0;0.0001166523649331147
665.0;8.450283691500984e-05
666.0;8.255864186806267e-05
667.0;8.097598936813954e-05
668.0;8.001234996048719e-05
669.0;7.935685215170443e-05
670.0;7.922590086470056e-05
671.0;7.922590086470056e-05
672.0;7.918226140153668e-05
673.0;7.909499891570245e-05
674.0;7.905137589027976e-05
675.0;7.878975269604802e-05
676.0;7.848477442094342e-05
677.0;7.804955504106805e-05
678.0;7.748458367236912e-05
679.0;7.674715846839775e-05
680.0;7.579516100123897e-05
681.0;7.488886307773526e-05
682.0;7.389895612538689e-05
683.0;7.295472047546063e-05
684.0;7.175666554514498e-05
685.0;7.034995552919812e-05
686.0;6.894891809302667e-05
687.0;6.751130987082621e-05
688.0;6.61216498977827e-05
689.0;6.477938833011177e-05
690.0;6.3442292424064e-05
691.0;6.215186942848325e-05
692.0;6.082482809962297e-05
693.0;5.9544072365299006e-05
694.0;5.822693552698819e-05
695.0;5.69966382586774e-05
696.0;5.593389328610304e-05
697.0;5.483370344879595e-05
698.0;5.373698647932268e-05
699.0;5.280546893500616e-05
700.0;5.1876442227065266e-05
701.0;5.0949893070245444e-05
702.0;5.034695038605747e-05
703.0;4.9865348480795935e-05
704.0;4.954465102129141e-05
705.0;4.9304322038554936e-05
706.0;4.906415918185667e-05
707.0;4.898414177350602e-05
708.0;4.894413997903175e-05
709.0;4.890414278961066e-05
710.0;4.886415020418261e-05
711.0;4.88241622216878e-05
712.0;4.88241622216878e-05
713.0;4.88241622216878e-05
714.0;4.88241622216878e-05
715.0;4.88241622216878e-05
716.0;4.88241622216878e-05
717.0;4.8704225881210464e-05
718.0;4.850442394027208e-05
719.0;4.830473683464148e-05
720.0;4.806526370475461e-05
721.0;4.774622274062557e-05
722.0;4.675110381114337e-05
723.0;4.556071119327454e-05
724.0;4.437438320641513e-05
725.0;4.437438320641513e-05
726.0;4.4334908618458955e-05
727.0;4.528353879283642e-05
728.0;4.5085693798296794e-05
729.0;4.5957055732632065e-05
730.0;4.758681205394622e-05
731.0;4.8704225881210464e-05
732.0;4.938441322967092e-05
733.0;4.9865348480795935e-05
734.0;5.0146201790004605e-05
735.0;5.038711402814863e-05
736.0;5.050763281950193e-05
737.0;5.0628193431037034e-05
738.0;5.078900601688538e-05
739.0;5.0949893070245444e-05
740.0;5.115110671200922e-05
741.0;5.1312161569695644e-05
742.0;5.147329111949269e-05
743.0;5.1674808198120834e-05
744.0;5.183610605873495e-05
745.0;5.203783374571353e-05
746.0;5.2239678627660013e-05
747.0;5.244164084082395e-05
748.0;5.264372052169247e-05
749.0;5.284591780699115e-05
750.0;5.304823283368424e-05
751.0;5.329116647755648e-05
752.0;5.345321666030889e-05
753.0;5.369643374096062e-05
754.0;5.385867310207941e-05
755.0;5.406157889860896e-05
756.0;5.430522237670208e-05
757.0;5.454903683268855e-05
758.0;5.479302250670598e-05
759.0;5.5037179639398045e-05
760.0;5.5322246654002354e-05
761.0;5.552600924592138e-05
762.0;5.5770682203584276e-05
763.0;5.601552758758824e-05
764.0;5.626054564112973e-05
765.0;5.6464859428565817e-05
766.0;5.6710194676271466e-05
767.0;5.69557032853726e-05
768.0;5.7201385501047374e-05
769.0;5.748823449990417e-05
770.0;5.769327173543448e-05
771.0;5.7980527299977e-05
772.0;5.822693552698819e-05
773.0;5.8473518635651373e-05
774.0;5.872027687437801e-05
775.0;5.900838316331026e-05
776.0;5.9255521705222914e-05
777.0;5.9544072365299006e-05
778.0;5.975032680028041e-05
779.0;5.9997993855217947e-05
780.0;6.028716206626969e-05
781.0;6.0535212233057296e-05
782.0;6.078343962074593e-05
783.0;6.099043133703979e-05
784.0;6.123898428827884e-05
785.0;6.148771517983947e-05
786.0;6.169512703336519e-05
787.0;6.194418481143015e-05
788.0;6.215186942848325e-05
789.0;6.240125495338322e-05
790.0;6.265081961311835e-05
791.0;6.285892718778758e-05
792.0;6.310882093065549e-05
793.0;6.315048736777713e-05
794.0;6.315048736777713e-05
795.0;6.310882093065549e-05
796.0;6.310882093065549e-05
797.0;6.306715948980904e-05
798.0;6.306715948980904e-05
799.0;6.302550304403975e-05
800.0;6.302550304403975e-05
801.0;6.302550304403975e-05
802.0;6.302550304403975e-05
803.0;6.298385159214991e-05
804.0;6.298385159214991e-05
805.0;6.306715948980904e-05
806.0;6.315048736777713e-05
807.0;6.327551666878068e-05
808.0;6.335889453947663e-05
809.0;6.3442292424064e-05
810.0;6.356742679801621e-05
811.0;6.360914827336175e-05
812.0;6.377608429364126e-05
813.0;6.398486717686816e-05
814.0;6.415198386384322e-05
815.0;6.431918097271121e-05
816.0;6.452829057006936e-05
817.0;6.469566891150848e-05
818.0;6.49887751776007e-05
819.0;6.532405683018007e-05
820.0;6.570163584092168e-05
821.0;6.607962563579949e-05
822.0;6.637390227008529e-05
823.0;6.675262455910882e-05
824.0;6.708961351425979e-05
825.0;6.742692964320499e-05
826.0;6.789127470239046e-05
827.0;6.839854173814874e-05
828.0;6.886418803882725e-05
829.0;6.937287859166524e-05
830.0;6.988231502534627e-05
831.0;7.034995552919812e-05
832.0;7.081822631511809e-05
833.0;7.132978800585318e-05
834.0;7.175666554514498e-05
835.0;7.209854560768575e-05
836.0;7.239796687566766e-05
837.0;7.269764640859138e-05
838.0;7.295472047546063e-05
839.0;7.2997584652373e-05
840.0;7.286900798322313e-05
841.0;7.278331663107516e-05
842.0;7.274047887927652e-05
843.0;7.274047887927652e-05
844.0;7.274047887927652e-05
845.0;7.278331663107516e-05
846.0;7.291186158617879e-05
847.0;7.308332887430931e-05
848.0;7.321198489708018e-05
849.0;7.355530072098633e-05
850.0;7.385598060606403e-05
851.0;7.415692093282445e-05
852.0;7.45442276267637e-05
853.0;7.484576494637409e-05
854.0;7.510443396355073e-05
855.0;7.544962583051827e-05
856.0;7.575195030713158e-05
857.0;7.609778642927627e-05
858.0;7.644396713847227e-05
859.0;7.679049312208941e-05
860.0;7.718074842299024e-05
861.0;7.752801040644511e-05
862.0;7.787561982565926e-05
863.0;7.822357737654825e-05
864.0;7.861544661662502e-05
865.0;7.892053966748616e-05
866.0;7.922590086470056e-05
867.0;7.957521403779531e-05
868.0;7.992487876528133e-05
869.0;8.027489575549152e-05
870.0;8.058145014591694e-05
871.0;8.097598936813954e-05
872.0;8.141489238952258e-05
873.0;8.216230235240278e-05
874.0;8.295543402713553e-05
875.0;8.366196316847367e-05
876.0;8.441422799192751e-05
877.0;8.521252302521112e-05
878.0;8.645797262345998e-05
879.0;8.80658532510353e-05
880.0;8.968120952250221e-05
881.0;9.134930027160883e-05
882.0;9.352531313944804e-05
883.0;9.571504046461099e-05
884.0;9.791865621658245e-05
885.0;0.0001001363376962225
886.0;0.00010236826562137103
887.0;0.00010475550503847364
888.0;0.00010749048984029707
889.0;0.00011019946032166003
890.0;0.00011297781015564048
891.0;0.00011481022970509546
892.0;0.00011650657756730434
893.0;0.0001182600764637575
894.0;0.00012007155335880315
895.0;0.00012179384928613498
896.0;0.00012288082157226006
897.0;0.00012372309007087316
898.0;0.0001244182594034549
899.0;0.00012461713495869764
900.0;0.00012461713495869764
901.0;0.0001244182594034549
902.0;0.00012426917740780867
903.0;0.00012407050087028754
904.0;0.00012392156798859456
905.0;0.00012377269892160678
906.0;0.0001252144455680338
907.0;0.00012661217682020522
908.0;0.0001280657794570552
909.0;0.00012987875372288602
910.0;0.000131853544120765
911.0;0.0001339417801230561
912.0;0.0001359912512511057
913.0;0.00013805288367937658
914.0;0.00014028286822531847
915.0;0.00014242254588636577
916.0;0.00014462816009409274
917.0;0.00014721919922241163
918.0;0.00014999017256801388
919.0;0.00015278342361306192
920.0;0.00015559931347327986
921.0;0.0001584930342998083
922.0;0.00016168761355332085
923.0;0.00016491183892586433
924.0;0.00016822264481526256
925.0;0.00017145146537527896
926.0;0.0001747680251152466
927.0;0.00017823259348345212
928.0;0.0001816734440229826
929.0;0.00018520791586300396
930.0;0.00018871889881901704
931.0;0.00019232615308322013
932.0;0.00019584913151334
933.0;0.000198915120219685
934.0;0.00020194626980989997
935.0;0.0002050667828430297
936.0;0.00020815232078291287
937.0;0.00021132933254634095
938.0;0.00021434244720010671
939.0;0.00021725203922059614
940.0;0.00022018620348295172
941.0;0.00022241967873123722
942.0;0.0002242698535855627
943.0;0.0002252650865362755
944.0;0.00022579704543142755
945.0;0.0002258635975981903
946.0;0.00022672993785944603
947.0;0.00022519864890618057
948.0;0.0002246676047286293
949.0;0.00022413737099653223
950.0;0.00022354182370859117
951.0;0.00022202449129277523
952.0;0.00022057930431936877
953.0;0.00021894431031137975
954.0;0.00021679783258224793
955.0;0.00021466453453709099
956.0;0.00021241616845953817
957.0;0.00020967366130028895
958.0;0.00020695263288034445
959.0;0.00020425274937849086
960.0;0.00019965500107183828
961.0;0.0001948737019608335
962.0;0.00019015730936978529
963.0;0.0001848528462505748
964.0;0.00017951164159491143
965.0;0.00017430868201674313
966.0;0.00016912595526371243
967.0;0.0001646327069228028
968.0;0.00016025192727271966
969.0;0.00015587127872045275
970.0;0.00015143771124230657
971.0;0.00014695392045444814
972.0;0.00014247489811814156
973.0;0.00013841493047040505
974.0;0.0001357857592530866
975.0;0.0001330744024857021
976.0;0.00013048518689885304
977.0;0.00012786492060739524
978.0;0.00012536393381079431
979.0;0.00012352472547198058
980.0;0.00012159658280218538
981.0;0.00011977715798557027
982.0;0.00011796721138416093
983.0;0.00011606958215371556
984.0;0.00011485858202380441
985.0;0.00011394103668200341
986.0;0.00011307401272735378
987.0;0.00011211318361520575
988.0;0.00011134642890836984
989.0;0.00010967502914960148
990.0;0.0001107246842849078
991.0;0.00011053360187364407
992.0;0.00011091587184539193
993.0;0.00011149006658099624
994.0;0.00011211318361520575
995.0;0.00011297781015564048
996.0;0.00011389281187999349
997.0;0.00011481022970509546
998.0;0.00011582704421330935
999.0;0.00011670097431906634
1000.0;0.00011777210505556175
1001.0;0.0001189443898810039
1002.0;0.00012007155335880315
1003.0;0.00012120238552770668
1004.0;0.00012253459774139413
1005.0;0.00012392156798859456
1006.0;0.00012546362838408172
1007.0;0.00012686236447811248
1008.0;0.0001283672856248249
1009.0;0.0001298282653720709
1010.0;0.00013109268042770013
1011.0;0.00013241257173215578
1012.0;0.00013271787542976508
1013.0;0.0001327687854724267
1014.0;0.0001330744024857021
1015.0;0.0001325651900458432
1016.0;0.0001322600204298048
1017.0;0.00013154899866472255
1018.0;0.00013068756674178086
1019.0;0.00012977778435701334
1020.0;0.00012876970128935532
1021.0;0.0001270125635951672
1022.0;0.0001252144455680338
1023.0;0.00012253459774139413
1024.0;0.00011933603212117525
1025.0;0.00011563313569117114
1026.0;0.00011134642890836984
1027.0;0.00010706468189298343
1028.0;0.0001029284951201112
1029.0;9.893333673089575e-05
1030.0;9.530341397406125e-05
1031.0;9.261698429391685e-05
1032.0;9.004119980003703e-05
1033.0;8.761847283186338e-05
1034.0;8.570127448898749e-05
1035.0;8.379459748408435e-05
1036.0;8.216230235240278e-05
1037.0;8.097598936813954e-05
1038.0;7.975000241301869e-05
1039.0;7.878975269604802e-05
1040.0;7.804955504106805e-05
1041.0;7.748458367236912e-05
1042.0;7.739774648483321e-05
1043.0;7.735433602866096e-05
1044.0;7.661718692793722e-05
1045.0;7.765832318618972e-05
1046.0;7.804955504106805e-05
1047.0;7.861544661662502e-05
1048.0;7.909499891570245e-05
1049.0;7.975000241301869e-05
1050.0;8.049383557338794e-05
1051.0;8.13709771287016e-05
1052.0;8.233839743246374e-05
1053.0;8.335267986469525e-05
1054.0;8.436993200340286e-05
1055.0;8.539017128960692e-05
1056.0;8.627977767890874e-05
1057.0;8.721632240824883e-05
1058.0;8.77526264800412e-05
1059.0;8.828975967466579e-05
1060.0;8.873800587994886e-05
1061.0;8.887259258917495e-05
1062.0;8.900723145368591e-05
1063.0;8.914192251392002e-05
1064.0;8.914192251392002e-05
1065.0;8.909701969181906e-05
1066.0;8.833455828030102e-05
1067.0;8.896234603465538e-05
1068.0;8.891746641365096e-05
1069.0;8.88277245597302e-05
1070.0;8.864831036234141e-05
1071.0;8.842417282439406e-05
1072.0;8.820017978876983e-05
1073.0;8.793157862693984e-05
1074.0;8.77526264800412e-05
1075.0;8.743968184089992e-05
1076.0;8.703773819176362e-05
1077.0;8.654710438011163e-05
1078.0;8.610167408125096e-05
1079.0;8.565681411583544e-05
1080.0;8.521252302521112e-05
1081.0;8.454714985244923e-05
1082.0;8.375038041937013e-05
1083.0;8.295543402713553e-05
1084.0;8.211829252454958e-05
1085.0;8.128316325599285e-05
1086.0;8.049383557338794e-05
1087.0;7.96625972338099e-05
1088.0;7.878975269604802e-05
1089.0;7.791909546677494e-05
1090.0;7.705061461079801e-05
1091.0;7.614104015924469e-05
1092.0;7.532013868614497e-05
1093.0;7.44581221528353e-05
1094.0;7.355530072098633e-05
1095.0;7.269764640859138e-05
1096.0;7.162854720350911e-05
1097.0;7.060529771525462e-05
1098.0;6.95850530016318e-05
1099.0;6.856779546724075e-05
1100.0;6.755350767078363e-05
1101.0;6.654217232327039e-05
1102.0;6.565966234820709e-05
1103.0;6.477938833011177e-05
1104.0;6.390133896742087e-05
1105.0;6.306715948980904e-05
1106.0;6.219342125362671e-05
1107.0;6.136332747559687e-05
1108.0;6.049385823842148e-05
1109.0;5.983286287039716e-05
1110.0;5.909074314604097e-05
1111.0;5.8391304819479123e-05
1112.0;5.777532052210048e-05
1113.0;5.703757805552233e-05
1114.0;5.634225673876006e-05
1115.0;5.601552758758824e-05
1116.0;5.589308332710587e-05
1117.0;5.581147778697203e-05
1118.0;5.572989140981596e-05
1119.0;5.572989140981596e-05
1120.0;5.572989140981596e-05
1121.0;5.560754775498433e-05
1122.0;5.6219697297596385e-05
1123.0;5.675110073218763e-05
1124.0;5.728331819462896e-05
1125.0;5.781635218267639e-05
1126.0;5.835020520559994e-05
1127.0;5.888487978425424e-05
1128.0;5.9544072365299006e-05
1129.0;6.024583758385136e-05
1130.0;6.090761985159887e-05
1131.0;6.161214743289371e-05
1132.0;6.23181065539143e-05
1133.0;6.306715948980904e-05
1134.0;6.38595823919818e-05
1135.0;6.461196966139933e-05
1136.0;6.5407927822868e-05
1137.0;6.616367924344848e-05
1138.0;6.69632043494953e-05
1139.0;6.776457358185089e-05
1140.0;6.85254743044474e-05
1141.0;6.933045925390142e-05
1142.0;7.030741673691694e-05
1143.0;7.158585158618686e-05
1144.0;7.286900798322313e-05
1145.0;7.415692093282445e-05
1146.0;7.549279893843622e-05
1147.0;7.679049312208941e-05
1148.0;7.857188375712058e-05
1149.0;8.027489575549152e-05
1150.0;8.203028958954955e-05
1151.0;8.38388201768854e-05
1152.0;8.565681411583544e-05
1153.0;8.761847283186338e-05
1154.0;8.99961806116977e-05
1155.0;9.239027264768484e-05
1156.0;9.480097630801372e-05
1157.0;9.718256359903476e-05
1158.0;9.981204283986805e-05
1159.0;0.00010302195459223436
1160.0;0.0001063089761344183
1161.0;0.00010962739281778996
1162.0;0.00011292971885713162
1163.0;0.00011743093239734642
1164.0;0.00012194187268631025
1165.0;0.00012656216090051577
1166.0;0.00013038404116727325
1167.0;0.0001340950718023673
1168.0;0.00013784616906044355
1169.0;0.00014158598124316057
1170.0;0.00014573624020351554
1171.0;0.00014993667567276268
1172.0;0.00015424267143124217
1173.0;0.0001586575527712855
1174.0;0.0001631292570554652
1175.0;0.00016765926608711148
1176.0;0.0001719640333347647
1177.0;0.00017626509823428162
1178.0;0.00017869715726388
1179.0;0.00018032803978816443
1180.0;0.00018079541579343235
1181.0;0.00018079541579343235
1182.0;0.00018079541579343235
1183.0;0.0001806200761048648
1184.0;0.00018056164920057807
1185.0;0.00018003624873588918
1186.0;0.0001788133953330547
1187.0;0.00017707389444211578
1188.0;0.00017042859245141367
1189.0;0.0001679408412589562
1190.0;0.00016681590718399932
1191.0;0.00016625480308025693
1192.0;0.00016569460369168237
1193.0;0.00016519119536571368
1194.0;0.00016390801149570935
1195.0;0.00015997651260469254
1196.0;0.0001586575527712855
1197.0;0.00015816423088202902
1198.0;0.00015778101976641944
1199.0;0.00015750755608797846
1200.0;0.0001572343074812689
1201.0;0.000156743000891471
1202.0;0.00015559931347327986
1203.0;0.00015251386383111534
1204.0;0.00014769721202726558
1205.0;0.00014278917727618146
1206.0;0.00013836318639621266
1207.0;0.0001339417801230561
1208.0;0.00012937420006824918
1209.0;0.00012471661544198934
1210.0;0.00012007155335880315
1211.0;0.00011355542555970853
1212.0;0.0001064977485300009
1213.0;9.791865621658245e-05
1214.0;8.833455828030102e-05
1215.0;8.410427460379795e-05
1216.0;7.992487876528133e-05
1217.0;7.644396713847227e-05
1218.0;7.321198489708018e-05
1219.0;7.005229329954025e-05
1220.0;6.848315829617111e-05
1221.0;6.69210781796319e-05
1222.0;6.536598979571554e-05
1223.0;6.452829057006936e-05
1224.0;6.398486717686816e-05
1225.0;6.335889453947663e-05
1226.0;6.277566919900607e-05
1227.0;6.26924311570357e-05
1228.0;6.26924311570357e-05
1229.0;6.26924311570357e-05
1230.0;6.294220513294242e-05
1231.0;6.310882093065549e-05
1232.0;6.327551666878068e-05
1233.0;6.360914827336175e-05
1234.0;6.402663881329028e-05
1235.0;6.444463162781045e-05
1236.0;6.49887751776007e-05
1237.0;6.565966234820709e-05
1238.0;6.637390227008529e-05
1239.0;6.730039771384681e-05
1240.0;6.831394578313557e-05
1241.0;6.933045925390142e-05
1242.0;7.034995552919812e-05
1243.0;7.145779620583579e-05
1244.0;7.274047887927652e-05
1245.0;7.402791458731502e-05
1246.0;7.532013868614497e-05
1247.0;7.687717864786911e-05
1248.0;7.878975269604802e-05
1249.0;8.075674560146334e-05
1250.0;8.295543402713553e-05
1251.0;8.619071446757187e-05
1252.0;8.954630927405043e-05
1253.0;9.284384397257614e-05
1254.0;9.68151012850109e-05
1255.0;0.00010129701087268717
1256.0;0.0001057903802798395
1257.0;0.00011053360187364407
1258.0;0.00011519723680222315
1259.0;0.00012007155335880315
1260.0;0.00012451768295128536
1261.0;0.00012892072741019578
1262.0;0.000133431295773913
1263.0;0.00013820800039548363
1264.0;0.0001517602071678649
1265.0;0.0001586575527712855
1266.0;0.00016575058300148242
1267.0;0.00017276286735350935
1268.0;0.0001793369484283101
1269.0;0.00018740556686316448
1270.0;0.00020033461210755264
1271.0;0.00021376344136853672
1272.0;0.00022773225296614976
1273.0;0.0002422862989796324
1274.0;0.0002574767695916501
1275.0;0.00027336187975344816
1276.0;0.0002900082163899914
1277.0;0.00033544244823005055
1278.0;0.0003887870556794805
1279.0;0.00043369448261280615
1280.0;0.0004696285824026698
1281.0;0.000506562893370616
1282.0;0.0005771800282103859
1283.0;0.0006109717780415772
1284.0;0.0006463923258770639
1285.0;0.0006843406339123068
1286.0;0.0007255429548991491
1287.0;0.000760005714463886
1288.0;0.0007887197427843035
1289.0;0.0008203906458101373
1290.0;0.0008519974788370763
1291.0;0.0008858791728981597
1292.0;0.0009050844492841394
1293.0;0.0009185043194161868
1294.0;0.000929929249411591
1295.0;0.000933482310469772
1296.0;0.0009339928698350108
1297.0;0.0009345041805755986
1298.0;0.0009412206166637592
1299.0;0.0009274134123105545
1300.0;0.0009151004446061597
1301.0;0.0009018089380218649
1302.0;0.0008788333428831102
1303.0;0.000829347590891111
1304.0;0.0007897302202358622
1305.0;0.0007502353529442299
1306.0;0.0007136895798537611
1307.0;0.000680132242627372
1308.0;0.0005864504710726615
1309.0;0.0005128910364753048
1310.0;0.0004519618869280284
1311.0;0.00040025033390527696
1312.0;0.0003552476497451911
1313.0;0.00031541128489860274
1314.0;0.0002795985640973065
1315.0;0.0002472055743201044
1316.0;0.00021757683646358528
1317.0;0.00019469111340332157
1318.0;0.00018752475574444402
1319.0;0.00015170643705469985
1320.0;0.00013266697284590397
1321.0;0.00012616229253754782
1322.0;0.00011982620656128843
1323.0;0.00011341093165638958
1324.0;0.00010626179905708019
1325.0;9.879479658729525e-05
1326.0;9.04466352132677e-05
1327.0;8.601265650824989e-05
1328.0;8.330851900216067e-05
1329.0;8.049383557338794e-05
1330.0;7.909499891570245e-05
1331.0;7.831062124159644e-05
1332.0;7.752801040644511e-05
1333.0;7.718074842299024e-05
1334.0;7.709398713260985e-05
1335.0;7.705061461079801e-05
1336.0;7.705061461079801e-05
1337.0;7.709398713260985e-05
1338.0;7.735433602866096e-05
1339.0;7.770177164313655e-05
1340.0;7.839768691941645e-05
1341.0;7.909499891570245e-05
1342.0;7.979371324977798e-05
1343.0;8.075674560146334e-05
1344.0;8.163455199443856e-05
1345.0;8.286721882150164e-05
1346.0;8.423707791261604e-05
1347.0;8.565681411583544e-05
1348.0;8.699310647668875e-05
1349.0;8.837936266304704e-05
1350.0;8.981616216957575e-05
1351.0;9.193729268062074e-05
1352.0;9.580657928361572e-05
1353.0;9.990466762994543e-05
1354.0;0.00010442687193530683
1355.0;0.0001090562656992817
1356.0;0.00011384459377076025
1357.0;0.00011865094764605799
1358.0;0.00012387193787844337
1359.0;0.00013038404116727325
1360.0;0.00013696900145203752
1361.0;0.00014305129391292364
1362.0;0.0001503648816558186
1363.0;0.0001597013160869204
1364.0;0.00016586256868674615
1365.0;0.00017190704398246397
1366.0;0.00017730532531530098
1367.0;0.00018231874457839048
1368.0;0.00018585982077763197
1369.0;0.0001885395154992128
1370.0;0.00018985714901805103
1371.0;0.0001899171603465572
1372.0;0.0001899171603465572
1373.0;0.00018961720730580555
1374.0;0.0001884199780524728
1375.0;0.00018704824535187208
1376.0;0.00018663183419019265
1377.0;0.00018639410884015677
1378.0;0.00018639410884015677
1379.0;0.00018639410884015677
1380.0;0.00018639410884015677
1381.0;0.0001865129511828659
1382.0;0.00018657238760171285
1383.0;0.0001872864188559876
1384.0;0.00018871889881901704
1385.0;0.00019081857636423863
1386.0;0.00019299156487201635
1387.0;0.00019329444658025972
1388.0;0.00019329444658025972
1389.0;0.0001925679735805568
1390.0;0.00019111956883348618
1391.0;0.00018961720730580555
1392.0;0.0001885395154992128
1393.0;0.00018752475574444402
1394.0;0.0001867507578899752
1395.0;0.0001867507578899752
1396.0;0.00018681023500824475
1397.0;0.00018836022474842622
1398.0;0.00019087875400109516
1399.0;0.00019438701221495953
1400.0;0.00019817681163190504
1401.0;0.0002023814580386977
1402.0;0.00020670059399695032
1403.0;0.00021145701927527635
1404.0;0.00021634421895842408
1405.0;0.00022261744114176934
1406.0;0.0002301496730549077
1407.0;0.0002377799376791648
1408.0;0.00024431584085314503
1409.0;0.0002508339916247106
1410.0;0.00026291359724520667
1411.0;0.00027812555594982816
1412.0;0.00029403416625222063
1413.0;0.00031070631155653123
1414.0;0.00032821899499661046
1415.0;0.00034666148991510675
1416.0;0.00036613809378082047
1417.0;0.00038687748124207743
1418.0;0.00040870850449686445
1419.0;0.0004321242860894338
1420.0;0.0004820651661189218
1421.0;0.0005425556129139687
1422.0;0.0005676161493354615
1423.0;0.0005849504770081756
1424.0;0.0005959750693235588
1425.0;0.0006055695610509645
1426.0;0.0006115772424739608
1427.0;0.0006168692752042495
1428.0;0.0006174851139218065
1429.0;0.0006172797130375963
1430.0;0.0006191327072193409
1431.0;0.0006133999923671197
1432.0;0.0006085604166984859
1433.0;0.0005969420490335414
1434.0;0.0005819697780998101
1435.0;0.0005400804023581493
1436.0;0.0005028501460767192
1437.0;0.0004690920022411555
1438.0;0.0004384481045079176
1439.0;0.00041017614684554494
1440.0;0.0003842425862721175
1441.0;0.00035981731755592477
1442.0;0.0003371803157800054
1443.0;0.00031584218608929777
1444.0;0.00029582047139805413
1445.0;0.00027681287410074483
1446.0;0.00025886461462531194
1447.0;0.00024431584085314503
1448.0;0.00021992438313482473
1449.0;0.0001916620132614304
1450.0;0.00018378980946352538
1451.0;0.00017609202944588465
1452.0;0.0001681098959628947
1453.0;0.00016003157807521317
1454.0;0.0001530531926968246
1455.0;0.00014892179661691655
1456.0;0.00014489166832479212
1457.0;0.00014085563589954887
1458.0;0.00013681443679366156
1459.0;0.00013246343705477392
1460.0;0.0001281662524437365
1461.0;0.00012387193787844337
1462.0;0.00011977715798557027
1463.0;0.00011616664475681159
1464.0;0.00011254522792230706
1465.0;0.00010896116905559986
1466.0;0.00010715926079258002
1467.0;0.00010541370526202805
1468.0;0.00010372370313523222
1469.0;0.0001019486855274787
1470.0;0.00010106456583456442
1471.0;0.00010027541392151918
1472.0;9.958058884055301e-05
1473.0;9.8840970497327e-05
1474.0;9.833339467947954e-05
1475.0;9.824118778256816e-05
1476.0;9.814900535020926e-05
1477.0;9.80568473694242e-05
1478.0;9.791865621658245e-05
1479.0;9.796471382724479e-05
1480.0;9.796471382724479e-05
1481.0;9.695285411263561e-05
1482.0;9.833339467947954e-05
1483.0;9.85178819189252e-05
1484.0;9.874862881292355e-05
1485.0;9.897952905769684e-05
1486.0;9.930304741810737e-05
1487.0;9.958058884055301e-05
1488.0;9.990466762994543e-05
1489.0;0.00010018269025256136
1490.0;0.00010050733141596092
1491.0;0.00010083227620531749
1492.0;0.00010129701087268717
1493.0;0.0001016226954092452
1494.0;0.0001020418817687893
1495.0;0.00010241491692530452
1496.0;0.00010283506078163695
1497.0;0.00010320894899153975
1498.0;0.00010363005472886399
1499.0;0.00010423922106089767
1500.0;0.0001049904334303598
1501.0;0.0001057903802798395
1502.0;0.00010659217320391342
1503.0;0.00010739582074283872
1504.0;0.00010886609843371163
1505.0;0.00011039035899982672
1506.0;0.00011192133624118556
1507.0;0.00011345908961412454
1508.0;0.00011500367936795658
1509.0;0.00011650657756730434
1510.0;0.00011777210505556175
1511.0;0.00011904225906067148
1512.0;0.00012041533020481106
1513.0;0.00012164588892382105
1514.0;0.0001220405900006617
1515.0;0.00012238632165171664
1516.0;0.00012263348363519459
1517.0;0.00012263348363519459
1518.0;0.00012238632165171664
1519.0;0.0001219912278374015
1520.0;0.00012392156798859456
1521.0;0.00012085782941833731
1522.0;0.00011943401170037023
1523.0;0.00011796721138416093
1524.0;0.00011640941996445566
1525.0;0.00011456856899734699
1526.0;0.00011249719645951924
1527.0;0.00011048584768684322
1528.0;0.0001082013314962729
1529.0;0.00010597887104020534
1530.0;0.00010377053680592692
1531.0;0.00010157615035116461
1532.0;9.925681206165845e-05
1533.0;9.68151012850109e-05
1534.0;9.448162114159098e-05
1535.0;9.211841380320168e-05
1536.0;9.031143750009303e-05
1537.0;8.878286232382016e-05
1538.0;8.721632240824883e-05
1539.0;8.565681411583544e-05
1540.0;8.432564166163563e-05
1541.0;8.330851900216067e-05
1542.0;8.233839743246374e-05
1543.0;8.141489238952258e-05
1544.0;8.040624308949464e-05
1545.0;7.957521403779531e-05
1546.0;7.892053966748616e-05
1547.0;7.8136555313345e-05
1548.0;7.739774648483321e-05
1549.0;7.670382921904029e-05
1550.0;7.596805753903078e-05
1551.0;7.523384072605833e-05
1552.0;7.493196655592748e-05
1553.0;7.471650262001575e-05
1554.0;7.441507741691671e-05
1555.0;7.415692093282445e-05
1556.0;7.415692093282445e-05
1557.0;7.415692093282445e-05
1558.0;7.415692093282445e-05
1559.0;7.415692093282445e-05
1560.0;7.42859751974876e-05
1561.0;7.42859751974876e-05
1562.0;7.42859751974876e-05
1563.0;7.42859751974876e-05
1564.0;7.424295178271866e-05
1565.0;7.415692093282445e-05
1566.0;7.415692093282445e-05
1567.0;7.415692093282445e-05
1568.0;7.407091138033104e-05
1569.0;7.402791458731502e-05
1570.0;7.398492311469658e-05
1571.0;7.398492311469658e-05
1572.0;7.394193696115921e-05
1573.0;7.394193696115921e-05
1574.0;7.394193696115921e-05
1575.0;7.394193696115921e-05
1576.0;7.394193696115921e-05
1577.0;7.394193696115921e-05
1578.0;7.394193696115921e-05
1579.0;7.394193696115921e-05
1580.0;7.394193696115921e-05
1581.0;7.394193696115921e-05
1582.0;7.394193696115921e-05
1583.0;7.389895612538689e-05
1584.0;7.385598060606403e-05
1585.0;7.381301040187563e-05
1586.0;7.377004551150707e-05
1587.0;7.377004551150707e-05
1588.0;7.37270859336443e-05
1589.0;7.36841316669737e-05
1590.0;7.364118271018213e-05
1591.0;7.359823906195707e-05
1592.0;7.355530072098633e-05
1593.0;7.351236768595826e-05
1594.0;7.342651752848597e-05
1595.0;7.334068857905676e-05
1596.0;7.325488082719491e-05
1597.0;7.316909426243247e-05
1598.0;7.308332887430931e-05
1599.0;7.304045411822079e-05
1600.0;7.295472047546063e-05
1601.0;7.286900798322313e-05
1602.0;7.278331663107516e-05
1603.0;7.274047887927652e-05
1604.0;7.256918067019947e-05
1605.0;7.256918067019947e-05
1606.0;7.248356322631559e-05
1607.0;7.244076241498673e-05
1608.0;7.239796687566766e-05
1609.0;7.23123916078649e-05
1610.0;7.23123916078649e-05
1611.0;7.23123916078649e-05
1612.0;7.226961187678547e-05
1613.0;7.218406821378468e-05
1614.0;7.214130427927041e-05
1615.0;7.214130427927041e-05
1616.0;7.214130427927041e-05
1617.0;7.209854560768575e-05
1618.0;7.209854560768575e-05
1619.0;7.214130427927041e-05
1620.0;7.226961187678547e-05
1621.0;7.23123916078649e-05
1622.0;7.244076241498673e-05
1623.0;7.248356322631559e-05
1624.0;7.256918067019947e-05
1625.0;7.269764640859138e-05
1626.0;7.274047887927652e-05
1627.0;7.286900798322313e-05
1628.0;7.291186158617879e-05
1629.0;7.2997584652373e-05
1630.0;7.329778205408433e-05
1631.0;7.36841316669737e-05
1632.0;7.407091138033104e-05
1633.0;7.44581221528353e-05
1634.0;7.488886307773526e-05
1635.0;7.523384072605833e-05
1636.0;7.562235046023653e-05
1637.0;7.601129512050933e-05
1638.0;7.644396713847227e-05
1639.0;7.679049312208941e-05
1640.0;7.718074842299024e-05
1641.0;7.757144256920216e-05
1642.0;7.800606307311704e-05
1643.0;7.848477442094342e-05
1644.0;7.892053966748616e-05
1645.0;7.935685215170443e-05
1646.0;7.970629707482375e-05
1647.0;8.014359805832298e-05
1648.0;8.058145014591694e-05
1649.0;8.106372562757611e-05
1650.0;8.145881320185873e-05
1651.0;8.185435056286405e-05
1652.0;8.229436529432452e-05
1653.0;8.273493799541381e-05
1654.0;8.317607008301833e-05
1655.0;8.36177629794283e-05
1656.0;8.406001811236526e-05
1657.0;8.445852962864965e-05
1658.0;8.490185696393487e-05
1659.0;8.539017128960692e-05
1660.0;8.583468975546756e-05
1661.0;8.632431784761565e-05
1662.0;8.677003386194844e-05
1663.0;8.730564895084722e-05
1664.0;8.77526264800412e-05
1665.0;8.820017978876983e-05
1666.0;8.864831036234141e-05
1667.0;8.914192251392002e-05
1668.0;8.96362369529588e-05
1669.0;9.013125568066636e-05
1670.0;9.053679625841434e-05
1671.0;9.1033100666002e-05
1672.0;9.148490253138885e-05
1673.0;9.198256411016196e-05
1674.0;9.257163012825978e-05
1675.0;9.30708518771059e-05
1676.0;9.366176751792101e-05
1677.0;9.420812158494126e-05
1678.0;9.480097630801372e-05
1679.0;9.534912617536692e-05
1680.0;9.589814222670002e-05
1681.0;9.649389026052594e-05
1682.0;9.709066157878657e-05
1683.0;9.759642378557989e-05
1684.0;9.819509350913107e-05
1685.0;9.879479658729525e-05
1686.0;9.96731519383491e-05
1687.0;0.00010064655625674306
1688.0;0.0001016226954092452
1689.0;0.00010260158480650279
1690.0;0.00010363005472886399
1691.0;0.00010461462421521905
1692.0;0.00010583749338392181
1693.0;0.00010848607587952904
1694.0;0.00011120285059424337
1695.0;0.00011394103668200341
1696.0;0.00011723612690554666
1697.0;0.00012056276733221883
1698.0;0.00012387193787844337
1699.0;0.00012726303984098258
1700.0;0.00013139682598449327
1701.0;0.00013547774896206042
1702.0;0.0001397110432378933
1703.0;0.00014394397255013933
1704.0;0.00015063277864304706
1705.0;0.00015821900984714412
1706.0;0.00016563863339989437
1707.0;0.00017304861092214686
1708.0;0.0001813805213300369
1709.0;0.00019597125298578277
1710.0;0.00020935616554071612
1711.0;0.00022209032465830104
1712.0;0.0002506909845901653
1713.0;0.0002845279209389419
1714.0;0.00032210715978717776
1715.0;0.00036424958215785803
1716.0;0.0004122185565610705
1717.0;0.0004678877182433018
1718.0;0.0005340492320675158
1719.0;0.0006174851139218065
1720.0;0.0006740345854926195
1721.0;0.00077037769619538
1722.0;0.0009314475428060595
1723.0;0.0010972888559597506
1724.0;0.0013151793142455019
1725.0;0.0014757311700279506
1726.0;0.0016070191394460043
1727.0;0.0018014495783950397
1728.0;0.0019014005676816798
1729.0;0.001974816866366196
1730.0;0.001974816866366196
1731.0;0.0019647455645197794
1732.0;0.0028183029962242697
1733.0;0.001936173122706552
1734.0;0.001936173122706552
1735.0;0.001936173122706552
1736.0;0.0018697937346547407
1737.0;0.0017953001154620068
1738.0;0.0017189933210247394
1739.0;0.0016564648594285657
1740.0;0.0015830485607440496
1741.0;0.0015061829634753887
1742.0;0.0014136031116862768
1743.0;0.00131825398551091
1744.0;0.0012336944826128059
1745.0;0.0011607973903793695
1746.0;0.001070549851570191
1747.0;0.0009594263373740919
1748.0;0.000861819633605392
1749.0;0.0008130989703003722
1750.0;0.0007469392597103697
1751.0;0.0006423962175815633
1752.0;0.0005619666657454721
1753.0;0.0004968458411092501
1754.0;0.0004540093953835948
1755.0;0.00042793176995405374
1756.0;0.00039457957071468535
1757.0;0.000377278049637106
1758.0;0.000347983257323765
1759.0;0.0003362645651562237
1760.0;0.000329203359194232
1761.0;0.00032448595969965856
1762.0;0.00032149308334940985
1763.0;0.000319570164508425
1764.0;0.00032131783210457285
1765.0;0.00032149308334940985
1766.0;0.000322019368103698
1767.0;0.00032395592819255684
1768.0;0.0003285766230112261
1769.0;0.0003368137258377676
1770.0;0.0003455325349476847
1771.0;0.00035592444113734473
1772.0;0.00036613809378082047
1773.0;0.0003766611173906216
1774.0;0.0003915639918347103
1775.0;0.00040691064493258186
1776.0;0.00042960271037755513
1777.0;0.00044614163540354043
1778.0;0.00045710346186244883
1779.0;0.0004653589669442036
1780.0;0.0004690920022411555
1781.0;0.0004690920022411555
1782.0;0.0004690920022411555
1783.0;0.0004724593050628453
1784.0;0.0004484075276882532
1785.0;0.00043236539337566964
1786.0;0.0004183029962242701
1787.0;0.00040657457953266734
1788.0;0.0003917785244661161
1789.0;0.0003764557165064113
1790.0;0.0003561180525023564
1791.0;0.0003291137562058507
1792.0;0.00030397448389896207
1793.0;0.0003028097083354958
1794.0;0.000311642222846303
1795.0;0.00032830836749498694
1796.0;0.0003458144299615448
1797.0;0.00034694430278015096
1798.0;0.0003417956278766243
1799.0;0.00033235411157946017
1800.0;0.00032316239396364864
1801.0;0.00031420759693460585
1802.0;0.000307408249104676
1803.0;0.0003010698341150363
1804.0;0.0002926601025899199
1805.0;0.0002865828234768326
1806.0;0.00028185894940730333
1807.0;0.0002732092949527863
1808.0;0.00024214676661409325
1809.0;0.0002261965497899603
1810.0;0.00020544313484103892
1811.0;0.00018865909408773542
1812.0;0.00018085388202588386
1813.0;0.00017322016993420283
1814.0;0.0001661987424773886
1815.0;0.00015805469885542115
1816.0;0.0001463710191599769
1817.0;0.00013914015783933882
1818.0;0.0001325651900458432
1819.0;0.00012721293014369766
1820.0;0.0001230293088964901
1821.0;0.00011943401170037023
1822.0;0.00011587553825840485
1823.0;0.00011225713869724139
1824.0;0.00010962739281778996
1825.0;0.00010701740209628225
1826.0;0.00010442687193530683
1827.0;0.00010222834928193158
1828.0;0.00010008999132311001
1829.0;9.801077754431891e-05
1830.0;9.621880268833823e-05
1831.0;9.498359685651397e-05
1832.0;9.370726422269669e-05
1833.0;9.243560314360962e-05
1834.0;9.11685795468462e-05
1835.0;9.013125568066636e-05
1836.0;8.936652371478768e-05
1837.0;8.860347128561628e-05
1838.0;8.788683194833815e-05
1839.0;8.708237564098317e-05
1840.0;8.636886372696672e-05
1841.0;8.583468975546756e-05
1842.0;8.521252302521112e-05
1843.0;8.463579268633295e-05
1844.0;8.406001811236526e-05
1845.0;8.36177629794283e-05
1846.0;8.335267986469525e-05
1847.0;8.31319316613719e-05
1848.0;8.286721882150164e-05
1849.0;8.255864186806267e-05
1850.0;8.242647845347618e-05
1851.0;8.233839743246374e-05
1852.0;8.225033873587714e-05
1853.0;8.216230235240278e-05
1854.0;8.207428827073577e-05
1855.0;8.198629647957971e-05
1856.0;8.189832696764684e-05
1857.0;8.185435056286405e-05
1858.0;8.176641444862024e-05
1859.0;8.172245473634263e-05
1860.0;8.163455199443856e-05
1861.0;8.159060896199869e-05
1862.0;8.159060896199869e-05
1863.0;8.159060896199869e-05
1864.0;8.159060896199869e-05
1865.0;8.159060896199869e-05
1866.0;8.159060896199869e-05
1867.0;8.159060896199869e-05
1868.0;8.145881320185873e-05
1869.0;8.13709771287016e-05
1870.0;8.123926464130023e-05
1871.0;8.110760206705136e-05
1872.0;8.097598936813954e-05
1873.0;8.080058328816873e-05
1874.0;8.066908681822489e-05
1875.0;8.053764009787673e-05
1876.0;8.040624308949464e-05
1877.0;8.027489575549152e-05
1878.0;8.014359805832298e-05
1879.0;8.001234996048719e-05
1880.0;7.996861161014018e-05
1881.0;8.001234996048719e-05
1882.0;8.005609381770865e-05
1883.0;8.014359805832298e-05
1884.0;8.027489575549152e-05
1885.0;8.036245512730642e-05
1886.0;8.049383557338794e-05
1887.0;8.066908681822489e-05
1888.0;8.080058328816873e-05
1889.0;8.09321295453807e-05
1890.0;8.106372562757611e-05
1891.0;8.115148404823031e-05
1892.0;8.123926464130023e-05
1893.0;8.123926464130023e-05
1894.0;8.123926464130023e-05
1895.0;8.123926464130023e-05
1896.0;8.128316325599285e-05
1897.0;8.128316325599285e-05
1898.0;8.128316325599285e-05
1899.0;8.13709771287016e-05
1900.0;8.13709771287016e-05
1901.0;8.13709771287016e-05
1902.0;8.13709771287016e-05
1903.0;8.123926464130023e-05
1904.0;8.110760206705136e-05
1905.0;8.097598936813954e-05
1906.0;8.084442650679244e-05
1907.0;8.075674560146334e-05
1908.0;8.066908681822489e-05
1909.0;8.049383557338794e-05
1910.0;8.014359805832298e-05
1911.0;7.975000241301869e-05
1912.0;7.935685215170443e-05
1913.0;7.905137589027976e-05
1914.0;7.861544661662502e-05
1915.0;7.822357737654825e-05
1916.0;7.783214962409833e-05
1917.0;7.748458367236912e-05
1918.0;7.709398713260985e-05
1919.0;7.674715846839775e-05
1920.0;7.640067568174406e-05
1921.0;7.596805753903078e-05
1922.0;7.570874498648616e-05
1923.0;7.544962583051827e-05
1924.0;7.519069978286978e-05
1925.0;7.493196655592748e-05
1926.0;7.471650262001575e-05
1927.0;7.44581221528353e-05
1928.0;7.424295178271866e-05
1929.0;7.407091138033104e-05
1930.0;7.398492311469658e-05
1931.0;7.394193696115921e-05
1932.0;7.389895612538689e-05
1933.0;7.385598060606403e-05
1934.0;7.381301040187563e-05
1935.0;7.37270859336443e-05
1936.0;7.37270859336443e-05
1937.0;7.36841316669737e-05
1938.0;7.36841316669737e-05
1939.0;7.364118271018213e-05
1940.0;7.359823906195707e-05
1941.0;7.359823906195707e-05
1942.0;7.355530072098633e-05
1943.0;7.351236768595826e-05
1944.0;7.351236768595826e-05
1945.0;7.346943995556168e-05
1946.0;7.342651752848597e-05
1947.0;7.342651752848597e-05
1948.0;7.33836004034209e-05
1949.0;7.316909426243247e-05
1950.0;7.291186158617879e-05
1951.0;7.261199730535409e-05
1952.0;7.239796687566766e-05
1953.0;7.201304404812478e-05
1954.0;7.167124806824945e-05
1955.0;7.132978800585318e-05
1956.0;7.103128548995742e-05
1957.0;7.060529771525462e-05
1958.0;7.030741673691694e-05
1959.0;7.000979093414104e-05
1960.0;6.975488587096612e-05
1961.0;6.950016768835282e-05
1962.0;6.92456361124834e-05
1963.0;6.903366881561365e-05
1964.0;6.877947864293704e-05
1965.0;6.856779546724075e-05
1966.0;6.831394578313557e-05
1967.0;6.81025459679597e-05
1968.0;6.780680215504448e-05
1969.0;6.751130987082621e-05
1970.0;6.725823064230738e-05
1971.0;6.69632043494953e-05
1972.0;6.67105239125232e-05
1973.0;6.641596214369425e-05
1974.0;6.616367924344848e-05
1975.0;6.586958053810003e-05
1976.0;6.565966234820709e-05
1977.0;6.532405683018007e-05
1978.0;6.50725652625414e-05
1979.0;6.477938833011177e-05
1980.0;6.452829057006936e-05
1981.0;6.427737415170866e-05
1982.0;6.398486717686816e-05
1983.0;6.373434276832851e-05
1984.0;6.3442292424064e-05
1985.0;6.319215880237254e-05
1986.0;6.294220513294242e-05
1987.0;6.265081961311835e-05
1988.0;6.240125495338322e-05
1989.0;6.211032257216796e-05
1990.0;6.190266278144078e-05
1991.0;6.161214743289371e-05
1992.0;6.132187480173958e-05
1993.0;6.107326256535501e-05
1994.0;6.078343962074593e-05
1995.0;6.0535212233057296e-05
1996.0;6.028716206626969e-05
1997.0;5.9997993855217947e-05
1998.0;5.983286287039716e-05
1999.0;5.962655944676969e-05
2000.0;5.9544072365299006e-05
2001.0;5.942037845114993e-05
2002.0;5.921431973831747e-05
2003.0;5.9173122656924254e-05
2004.0;5.909074314604097e-05
2005.0;5.90495607142352e-05
2006.0;5.8967210492109304e-05
2007.0;5.8967210492109304e-05
2008.0;5.8926042699475965e-05
2009.0;5.90495607142352e-05
2010.0;5.913193045988477e-05
2011.0;5.9255521705222914e-05
2012.0;5.933794030020615e-05
2013.0;5.946160486300758e-05
2014.0;5.9544072365299006e-05
2015.0;5.9709066116718756e-05
2016.0;5.975032680028041e-05
2017.0;5.991541855226891e-05
2018.0;6.008058878857323e-05
2019.0;6.028716206626969e-05
2020.0;6.045250916541547e-05
2021.0;6.0659303758463325e-05
2022.0;6.0866221509515574e-05
2023.0;6.107326256535501e-05
2024.0;6.123898428827884e-05
2025.0;6.148771517983947e-05
2026.0;6.165363475583065e-05
2027.0;6.190266278144078e-05
2028.0;6.206878068349259e-05
2029.0;6.23181065539143e-05
2030.0;6.252601487531363e-05
2031.0;6.277566919900607e-05
2032.0;6.298385159214991e-05
2033.0;6.319215880237254e-05
2034.0;6.340059097943337e-05
2035.0;6.360914827336175e-05
2036.0;6.38595823919818e-05
2037.0;6.402663881329028e-05
2038.0;6.423557236070318e-05
2039.0;6.431918097271121e-05
2040.0;6.44028097095508e-05
2041.0;6.44028097095508e-05
2042.0;6.44028097095508e-05
2043.0;6.44028097095508e-05
2044.0;6.436099282492157e-05
2045.0;6.436099282492157e-05
2046.0;6.431918097271121e-05
2047.0;6.431918097271121e-05
2048.0;6.431918097271121e-05
2049.0;6.431918097271121e-05
2050.0;6.427737415170866e-05
2051.0;6.427737415170866e-05
2052.0;6.427737415170866e-05
2053.0;6.427737415170866e-05
2054.0;6.423557236070318e-05
2055.0;6.415198386384322e-05
2056.0;6.406841547245475e-05
2057.0;6.398486717686816e-05
2058.0;6.390133896742087e-05
2059.0;6.38595823919818e-05
2060.0;6.3692606257314e-05
2061.0;6.360914827336175e-05
2062.0;6.348399887456995e-05
2063.0;6.335889453947663e-05
2064.0;6.323383523564059e-05
2065.0;6.310882093065549e-05
2066.0;6.294220513294242e-05
2067.0;6.281729569944795e-05
2068.0;6.26924311570357e-05
2069.0;6.256761147345042e-05
2070.0;6.240125495338322e-05
2071.0;6.227653981515293e-05
2072.0;6.211032257216796e-05
2073.0;6.198571180431084e-05
2074.0;6.190266278144078e-05
2075.0;6.177812645696171e-05
2076.0;6.161214743289371e-05
2077.0;6.148771517983947e-05
2078.0;6.132187480173958e-05
2079.0;6.119754644631635e-05
2080.0;6.107326256535501e-05
2081.0;6.094902312704828e-05
2082.0;6.082482809962297e-05
2083.0;6.070067745134015e-05
2084.0;6.0535212233057296e-05
2085.0;6.0411165012868e-05
2086.0;6.028716206626969e-05
2087.0;6.016320336167027e-05
2088.0;6.003928886751147e-05
2089.0;5.991541855226891e-05
2090.0;5.983286287039716e-05
2091.0;5.9709066116718756e-05
2092.0;5.9544072365299006e-05
2093.0;5.942037845114993e-05
2094.0;5.9296728558799366e-05
2095.0;5.9173122656924254e-05
2096.0;5.90495607142352e-05
2097.0;5.8926042699475965e-05
2098.0;5.880256858142369e-05
2099.0;5.8679138328888876e-05
2100.0;5.8555751910715166e-05
2101.0;5.8432409295779403e-05
2102.0;5.8309110452991534e-05
2103.0;5.8185855351294736e-05
2104.0;5.806264395966505e-05
2105.0;5.793947624711155e-05
2106.0;5.781635218267639e-05
2107.0;5.781635218267639e-05
2108.0;5.781635218267639e-05
2109.0;5.785738868960682e-05
2110.0;5.785738868960682e-05
2111.0;5.785738868960682e-05
2112.0;5.785738868960682e-05
2113.0;5.785738868960682e-05
2114.0;5.785738868960682e-05
2115.0;5.789843004403675e-05
2116.0;5.789843004403675e-05
2117.0;5.789843004403675e-05
2118.0;5.789843004403675e-05
2119.0;5.789843004403675e-05
2120.0;5.789843004403675e-05
2121.0;5.793947624711155e-05
2122.0;5.793947624711155e-05
2123.0;5.793947624711155e-05
2124.0;5.793947624711155e-05
2125.0;5.810370956878117e-05
2126.0;5.82680205605041e-05
2127.0;5.8473518635651373e-05
2128.0;5.863800465388404e-05
2129.0;5.880256858142369e-05
2130.0;5.8432409295779403e-05
2131.0;5.913193045988477e-05
2132.0;5.9296728558799366e-05
2133.0;5.9544072365299006e-05
2134.0;5.9709066116718756e-05
2135.0;5.9997993855217947e-05
2136.0;6.028716206626969e-05
2137.0;6.0617934991905825e-05
2138.0;6.090761985159887e-05
2139.0;6.123898428827884e-05
2140.0;6.15291876460806e-05
2141.0;6.202724376126933e-05
2142.0;6.252601487531363e-05
2143.0;6.306715948980904e-05
2144.0;6.360914827336175e-05
2145.0;6.415198386384322e-05
2146.0;6.465381676599947e-05
2147.0;6.519828829106098e-05
2148.0;6.578559804179491e-05
2149.0;6.628979779484457e-05
2150.0;6.683684116005995e-05
2151.0;6.742692964320499e-05
2152.0;6.806028143588119e-05
2153.0;6.861012178580717e-05
2154.0;6.91608336747857e-05
2155.0;6.975488587096612e-05
2156.0;7.030741673691694e-05
2157.0;7.077563015426996e-05
2158.0;7.124447540001689e-05
2159.0;7.171395418169792e-05
2160.0;7.214130427927041e-05
2161.0;7.256918067019947e-05
2162.0;7.2997584652373e-05
2163.0;7.342651752848597e-05
2164.0;7.385598060606403e-05
2165.0;7.42859751974876e-05
2166.0;7.471650262001575e-05
2167.0;7.501818955811282e-05
2168.0;7.532013868614497e-05
2169.0;7.532013868614497e-05
2170.0;7.532013868614497e-05
2171.0;7.50613090847611e-05
2172.0;7.44581221528353e-05
2173.0;7.45442276267637e-05
2174.0;7.415692093282445e-05
2175.0;7.377004551150707e-05
2176.0;7.334068857905676e-05
2177.0;7.286900798322313e-05
2178.0;7.244076241498673e-05
2179.0;7.192756352474548e-05
2180.0;7.145779620583579e-05
2181.0;7.081822631511809e-05
2182.0;7.017983160095011e-05
2183.0;6.941530310915157e-05
2184.0;6.865245326140293e-05
2185.0;6.793351867903958e-05
2186.0;6.717391184914441e-05
2187.0;6.645802710960584e-05
2188.0;6.578559804179491e-05
2189.0;6.5030667694143e-05
2190.0;6.431918097271121e-05
2191.0;6.373434276832851e-05
2192.0;6.315048736777713e-05
2193.0;6.256761147345042e-05
2194.0;6.194418481143015e-05
2195.0;6.136332747559687e-05
2196.0;6.074205607170973e-05
2197.0;6.016320336167027e-05
2198.0;5.958531345805589e-05
2199.0;5.921431973831747e-05
2200.0;5.884372174528856e-05
2201.0;5.859687584821038e-05
2202.0;5.8309110452991534e-05
2203.0;5.8021583203779336e-05
2204.0;5.777532052210048e-05
2205.0;5.748823449990417e-05
2206.0;5.7160426398668905e-05
2207.0;5.69966382586774e-05
2208.0;5.69966382586774e-05
2209.0;5.69966382586774e-05
2210.0;5.703757805552233e-05
2211.0;5.7160426398668905e-05
2212.0;5.72423494326544e-05
2213.0;5.73652702142382e-05
2214.0;5.748823449990417e-05
2215.0;5.757023487449359e-05
2216.0;5.769327173543448e-05
2217.0;5.781635218267639e-05
2218.0;5.789843004403675e-05
2219.0;5.8021583203779336e-05
2220.0;5.810370956878117e-05
2221.0;5.822693552698819e-05
2222.0;5.8309110452991534e-05
2223.0;5.8432409295779403e-05
2224.0;5.8555751910715166e-05
2225.0;5.876142029150496e-05
2226.0;5.8967210492109304e-05
2227.0;5.9173122656924254e-05
2228.0;5.942037845114993e-05
2229.0;5.958531345805589e-05
2230.0;5.975032680028041e-05
2231.0;5.995670375052588e-05
2232.0;6.016320336167027e-05
2233.0;6.036982577960816e-05
2234.0;6.057657115049468e-05
2235.0;6.082482809962297e-05
2236.0;6.103184448274977e-05
2237.0;6.136332747559687e-05
2238.0;6.165363475583065e-05
2239.0;6.194418481143015e-05
2240.0;6.223497804878691e-05
2241.0;6.256761147345042e-05
2242.0;6.285892718778758e-05
2243.0;6.315048736777713e-05
2244.0;6.3442292424064e-05
2245.0;6.398486717686816e-05
2246.0;6.44028097095508e-05
2247.0;6.494688771169639e-05
2248.0;6.549181906691257e-05
2249.0;6.607962563579949e-05
2250.0;6.654217232327039e-05
2251.0;6.708961351425979e-05
2252.0;6.763791864921696e-05
2253.0;6.8187090459318e-05
2254.0;6.873713168871038e-05
2255.0;6.933045925390142e-05
2256.0;6.996729376748999e-05
2257.0;6.996729376748999e-05
2258.0;6.988231502534627e-05
2259.0;6.979735706294163e-05
2260.0;6.966995905912243e-05
2261.0;6.937287859166524e-05
2262.0;6.903366881561365e-05
2263.0;6.865245326140293e-05
2264.0;6.822937042110095e-05
2265.0;6.780680215504448e-05
2266.0;6.73847472130527e-05
2267.0;6.704747201556992e-05
2268.0;6.666842836688227e-05
2269.0;6.641596214369425e-05
2270.0;6.616367924344848e-05
2271.0;6.595358333965112e-05
2272.0;6.565966234820709e-05
2273.0;6.536598979571554e-05
2274.0;6.511446788401448e-05
2275.0;6.486312792693137e-05
2276.0;6.461196966139933e-05
2277.0;6.469566891150848e-05
2278.0;6.47375260991409e-05
2279.0;6.494688771169639e-05
2280.0;6.511446788401448e-05
2281.0;6.549181906691257e-05
2282.0;6.582758675240527e-05
2283.0;6.620571367402696e-05
2284.0;6.654217232327039e-05
2285.0;6.69632043494953e-05
2286.0;6.7342569903681e-05
2287.0;6.776457358185089e-05
2288.0;6.8187090459318e-05
2289.0;6.856779546724075e-05
2290.0;6.894891809302667e-05
2291.0;6.937287859166524e-05
2292.0;6.975488587096612e-05
2293.0;7.017983160095011e-05
2294.0;7.060529771525462e-05
2295.0;7.081822631511809e-05
2296.0;7.107391300801872e-05
2297.0;7.132978800585318e-05
2298.0;7.154316121499318e-05
2299.0;7.179938215988159e-05
2300.0;7.201304404812478e-05
2301.0;7.23123916078649e-05
2302.0;7.248356322631559e-05
2303.0;7.274047887927652e-05
2304.0;7.295472047546063e-05
2305.0;7.316909426243247e-05
2306.0;7.334068857905676e-05
2307.0;7.334068857905676e-05
2308.0;7.334068857905676e-05
2309.0;7.316909426243247e-05
2310.0;7.291186158617879e-05
2311.0;7.274047887927652e-05
2312.0;7.248356322631559e-05
2313.0;7.23123916078649e-05
2314.0;7.209854560768575e-05
2315.0;7.179938215988159e-05
2316.0;7.150047608863904e-05
2317.0;7.111654575677122e-05
2318.0;7.073303921513938e-05
2319.0;7.034995552919812e-05
2320.0;7.000979093414104e-05
2321.0;6.95850530016318e-05
2322.0;6.920323230630118e-05
2323.0;6.886418803882725e-05
2324.0;6.848315829617111e-05
2325.0;6.806028143588119e-05
2326.0;6.755350767078363e-05
2327.0;6.704747201556992e-05
2328.0;6.650009716905334e-05
2329.0;6.595358333965112e-05
2330.0;6.5407927822868e-05
2331.0;6.486312792693137e-05
2332.0;6.431918097271121e-05
2333.0;6.398486717686816e-05
2334.0;6.360914827336175e-05
2335.0;6.340059097943337e-05
2336.0;6.319215880237254e-05
2337.0;6.302550304403975e-05
2338.0;6.281729569944795e-05
2339.0;6.260921305232106e-05
2340.0;6.240125495338322e-05
2341.0;6.252601487531363e-05
2342.0;6.260921305232106e-05
2343.0;6.273404768526687e-05
2344.0;6.285892718778758e-05
2345.0;6.302550304403975e-05
2346.0;6.315048736777713e-05
2347.0;6.335889453947663e-05
2348.0;6.356742679801621e-05
2349.0;6.377608429364126e-05
2350.0;6.398486717686816e-05
2351.0;6.415198386384322e-05
2352.0;6.436099282492157e-05
2353.0;6.457012759649389e-05
2354.0;6.477938833011177e-05
2355.0;6.5030667694143e-05
2356.0;6.524020607907377e-05
2357.0;6.549181906691257e-05
2358.0;6.570163584092168e-05
2359.0;6.595358333965112e-05
2360.0;6.620571367402696e-05
2361.0;6.641596214369425e-05
2362.0;6.662633792095003e-05
2363.0;6.675262455910882e-05
2364.0;6.687895711689952e-05
2365.0;6.700533562772827e-05
2366.0;6.713176012503781e-05
2367.0;6.725823064230738e-05
2368.0;6.73847472130527e-05
2369.0;6.755350767078363e-05
2370.0;6.768013183018414e-05
2371.0;6.780680215504448e-05
2372.0;6.793351867903958e-05
2373.0;6.806028143588119e-05
2374.0;6.8187090459318e-05
2375.0;6.831394578313557e-05
2376.0;6.839854173814874e-05
2377.0;6.848315829617111e-05
2378.0;6.85254743044474e-05
2379.0;6.861012178580717e-05
2380.0;6.865245326140293e-05
2381.0;6.873713168871038e-05
2382.0;6.877947864293704e-05
2383.0;6.886418803882725e-05
2384.0;6.890655048300856e-05
2385.0;6.899129087014152e-05
2386.0;6.907605193070404e-05
2387.0;6.91608336747857e-05
2388.0;6.920323230630118e-05
2389.0;6.928804509459554e-05
2390.0;6.933045925390142e-05
2391.0;6.941530310915157e-05
2392.0;6.945773280762556e-05
2393.0;6.954260775259939e-05
2394.0;6.95850530016318e-05
2395.0;6.966995905912243e-05
2396.0;6.971241987011601e-05
2397.0;6.979735706294163e-05
2398.0;6.988231502534627e-05
2399.0;6.996729376748999e-05
2400.0;7.000979093414104e-05
2401.0;7.005229329954025e-05
2402.0;7.0137313631672e-05
2403.0;7.017983160095011e-05
2404.0;7.030741673691694e-05
2405.0;7.043504874185043e-05
2406.0;7.047760316477367e-05
2407.0;7.060529771525462e-05
2408.0;7.06478729969111e-05
2409.0;7.073303921513938e-05
2410.0;7.081822631511809e-05
2411.0;7.094604614077555e-05
2412.0;7.103128548995742e-05
2413.0;7.111654575677122e-05
2414.0;7.120182695148575e-05
2415.0;7.128712908437745e-05
2416.0;7.137245216573027e-05
2417.0;7.145779620583579e-05
2418.0;7.154316121499318e-05
2419.0;7.167124806824945e-05
2420.0;7.175666554514498e-05
2421.0;7.192756352474548e-05
2422.0;7.209854560768575e-05
2423.0;7.226961187678547e-05
2424.0;7.244076241498673e-05
2425.0;7.256918067019947e-05
2426.0;7.274047887927652e-05
2427.0;7.286900798322313e-05
2428.0;7.304045411822079e-05
2429.0;7.321198489708018e-05
2430.0;7.334068857905676e-05
2431.0;7.351236768595826e-05
2432.0;7.36841316669737e-05
2433.0;7.385598060606403e-05
2434.0;7.398492311469658e-05
2435.0;7.415692093282445e-05
2436.0;7.432900394056355e-05
2437.0;7.45442276267637e-05
2438.0;7.463035444562877e-05
2439.0;7.484576494637409e-05
2440.0;7.501818955811282e-05
2441.0;7.514756419581052e-05
2442.0;7.532013868614497e-05
2443.0;7.549279893843622e-05
2444.0;7.562235046023653e-05
2445.0;7.579516100123897e-05
2446.0;7.596805753903078e-05
2447.0;7.614104015924469e-05
2448.0;7.631410894764167e-05
2449.0;7.644396713847227e-05
2450.0;7.661718692793722e-05
2451.0;7.679049312208941e-05
2452.0;7.69205295226552e-05
2453.0;7.709398713260985e-05
2454.0;7.726753138473095e-05
2455.0;7.752801040644511e-05
2456.0;7.774522553419719e-05
2457.0;7.796257654880686e-05
2458.0;7.818006362039862e-05
2459.0;7.839768691941645e-05
2460.0;7.861544661662502e-05
2461.0;7.892053966748616e-05
2462.0;7.909499891570245e-05
2463.0;7.935685215170443e-05
2464.0;7.953153068003076e-05
2465.0;7.979371324977798e-05
2466.0;8.001234996048719e-05
2467.0;8.023112434308433e-05
2468.0;8.045003657105795e-05
2469.0;8.066908681822489e-05
2470.0;8.09321295453807e-05
2471.0;8.115148404823031e-05
2472.0;8.141489238952258e-05
2473.0;8.159060896199869e-05
2474.0;8.185435056286405e-05
2475.0;8.207428827073577e-05
2476.0;8.229436529432452e-05
2477.0;8.25145818102365e-05
2478.0;8.273493799541381e-05
2479.0;8.299955003068952e-05
2480.0;8.317607008301833e-05
2481.0;8.344101843255548e-05
2482.0;8.366196316847367e-05
2483.0;8.388304849920629e-05
2484.0;8.410427460379795e-05
2485.0;8.432564166163563e-05
2486.0;8.454714985244923e-05
2487.0;8.48574987659145e-05
2488.0;8.516812514827096e-05
2489.0;8.539017128960692e-05
2490.0;8.565681411583544e-05
2491.0;8.596815627309165e-05
2492.0;8.619071446757187e-05
2493.0;8.650253564353297e-05
2494.0;8.677003386194844e-05
2495.0;8.703773819176362e-05
2496.0;8.730564895084722e-05
2497.0;8.761847283186338e-05
2498.0;8.788683194833815e-05
2499.0;8.820017978876983e-05
2500.0;8.842417282439406e-05
2501.0;8.869315522662086e-05
2502.0;8.896234603465538e-05
2503.0;8.93215918575608e-05
2504.0;8.968120952250221e-05
2505.0;9.031143750009303e-05
2506.0;9.080741986201449e-05
2507.0;9.139449514458606e-05
2508.0;9.198256411016196e-05
2509.0;9.257163012825978e-05
2510.0;9.311627126216603e-05
2511.0;9.370726422269669e-05
2512.0;9.434484445108129e-05
2513.0;9.489227458354175e-05
2514.0;9.544056862503873e-05
2515.0;9.626463549435715e-05
2516.0;9.709066157878657e-05
2517.0;9.828728817214323e-05
2518.0;9.948805039666527e-05
2519.0;0.00010073940382157213
2520.0;0.00010199528052326
2521.0;0.00010330248394580573
2522.0;0.00010447380049423852
2523.0;0.0001057903802798395
2524.0;0.00010697012873264408
2525.0;0.0001082013314962729
2526.0;0.00010938930907961529
2527.0;0.0001105813626250455
2528.0;0.00011177752019821207
2529.0;0.00011297781015564048
2530.0;0.0001141822611487669
2531.0;0.00011539090212804175
2532.0;0.00011660376234710517
2533.0;0.00011791842452941208
2534.0;0.0001190912039907408
2535.0;0.00012051361467096083
2536.0;0.00012184318341266764
2537.0;0.0001234255856266731
2538.0;0.00012501522791032635
2539.0;0.00012666219994109248
2540.0;0.0001283170164233305
2541.0;0.00012987875372288602
2542.0;0.00013149826703208188
2543.0;0.000133125364801235
2544.0;0.0001347601184033953
2545.0;0.00013686595070665127
2546.0;0.00013893279550222394
2547.0;0.0001411684530745128
2548.0;0.000143261129694946
2549.0;0.00014552490468269127
2550.0;0.00014764406700451982
2551.0;0.00014999017256801388
2552.0;0.0001522983664847602
2553.0;0.00015483894140219033
2554.0;0.0001573435811369967
2555.0;0.00015997651260469254
2556.0;0.00016251860076009042
2557.0;0.000164744332814694
2558.0;0.0001669282368278884
2559.0;0.00016912595526371243
2560.0;0.00017128077729249312
2561.0;0.00017333458969006086
2562.0;0.0001754006151171582
2563.0;0.0001771895906088601
2564.0;0.00017898782538551238
2565.0;0.0001793369484283101
2566.0;0.00017968642264271043
2567.0;0.00017945340077916486
2568.0;0.00017922053509650477
2569.0;0.0001787552714373905
2570.0;0.00017823259348345212
2571.0;0.00017730532531530098
2572.0;0.00017638052534016808
2573.0;0.0001746531323941194
2574.0;0.0001729342852924471
2575.0;0.00016935215031435995
2576.0;0.00016575058300148242
2577.0;0.0001615769652767415
2578.0;0.00015745288917172644
2579.0;0.00014977623439282878
2580.0;0.00014221321580892471
2581.0;0.00013671143187576432
2582.0;0.00013129541454608425
2583.0;0.00012786492060739524
2584.0;0.00012446796762094044
2585.0;0.00012164588892382105
2586.0;0.00011879763778356429
2587.0;0.00011616664475681159
2588.0;0.00011360360355126083
2589.0;0.00011105933158957701
2590.0;0.00010853355597328556
2591.0;0.00010767990545655878
2592.0;0.0001067810995737251
2593.0;0.0001067810995737251
2594.0;0.00010673385834916084
2595.0;0.00010673385834916084
2596.0;0.0001056490792873723
2597.0;0.0001069228618003186
2598.0;0.00010706468189298343
2599.0;0.00010777465200351157
2600.0;0.00010848607587952904
2601.0;0.00010967502914960148
2602.0;0.00011091587184539193
2603.0;0.0001127854848888846
2604.0;0.00011456856899734699
2605.0;0.00011704143057906052
2606.0;0.0001194830118535468
2607.0;0.00012263348363519459
2608.0;0.00012571299004376511
2609.0;0.00012892072741019578
2610.0;0.00013210753607996963
2611.0;0.00013542644045048187
2612.0;0.00013862198386480632
2613.0;0.00014195173044584622
2614.0;0.00014526091592633695
2615.0;0.00014870851509669964
2616.0;0.0001520291826287888
2617.0;0.00015549058695525202
2618.0;0.00015893192346036272
2619.0;0.000162463139735865
2620.0;0.00016597459047895395
2621.0;0.00016957849272335694
2622.0;0.00017316297418372014
2623.0;0.00017678482246810359
2624.0;0.00018044482486002792
2625.0;0.0001842028262564372
2626.0;0.00018794223911776638
2627.0;0.00019178267156634945
2628.0;0.00019560501726790467
2629.0;0.00019953157812719295
2630.0;0.00020344061871799547
2631.0;0.00020745725981803607
2632.0;0.00021145701927527635
2633.0;0.00021556797081830463
2634.0;0.00021966275994059304
2635.0;0.00022480028969702547
2636.0;0.00023001492975846497
2637.0;0.00023149998795136254
2638.0;0.00023299142104774668
2639.0;0.0002340119904260211
2640.0;0.00023496723419298932
2641.0;0.00023537742973712186
2642.0;0.00023571962969143044
2643.0;0.00023565116273179958
2644.0;0.0002353090301728646
2645.0;0.0002353090301728646
2646.0;0.00023510391223783715
2647.0;0.00023326327989222977
2648.0;0.0002313647200557381
2649.0;0.00022367407935751311
2650.0;0.00021614999427125144
2651.0;0.00020872204310601997
2652.0;0.00020144957839503963
2653.0;0.00019408317696558068
2654.0;0.00018681023500824475
2655.0;0.00018556334871806663
2656.0;0.000184261868755606
2657.0;0.0001842028262564372
2658.0;0.0001840847713502648
2659.0;0.00018402575893644604
2660.0;0.0001840847713502648
2661.0;0.0001840847713502648
2662.0;0.00018361295245511363
2663.0;0.00018461633461072497
2664.0;0.00018497116247358865
2665.0;0.00018538558683876152
2666.0;0.0001858005061235361
2667.0;0.00018627530713425568
2668.0;0.00018669129095178594
2669.0;0.0001871673116948888
2670.0;0.00018758436552163797
2671.0;0.0001881213142452714
2672.0;0.00018865909408773542
2673.0;0.00018955724776030815
2674.0;0.00019045772926357677
2675.0;0.0001916620132614304
2676.0;0.00019274944947161022
2677.0;0.00019390100327328874
2678.0;0.00019505638652495265
2679.0;0.00019664368944812932
2680.0;0.00019817681163190504
2681.0;0.00020052019152201871
2682.0;0.0002028171920559752
2683.0;0.00020625996542105826
2684.0;0.00020967366130028895
2685.0;0.00021363490433950032
2686.0;0.00021764183236416254
2687.0;0.00022057930431936877
2688.0;0.00022354182370859117
2689.0;0.0002265298213603804
2690.0;0.00022954373931548852
2691.0;0.00023271977475906668
2692.0;0.00023592511156170145
2693.0;0.00023936782290052245
2694.0;0.00024277510402431426
2695.0;0.0002447372303353925
2696.0;0.00024663983336787075
2697.0;0.00024763048540305736
2698.0;0.00024862397018893153
2699.0;0.0002486950422124017
2700.0;0.0002486950422124017
2701.0;0.0002486950422124017
2702.0;0.0002482688279873837
2703.0;0.0002477013544671527
2704.0;0.00024713480630162517
2705.0;0.00024614556459257703
2706.0;0.0002451591315232692
2707.0;0.00024270523261422
2708.0;0.0002401991746483885
2709.0;0.0002336034028616568
2710.0;0.00022713051698013432
2711.0;0.00022387255727523446
2712.0;0.0002206448643885363
2713.0;0.00021783689305171676
2714.0;0.00021498692073960673
2715.0;0.00021222412667545607
2716.0;0.0002094196414859959
2717.0;0.00020638580228788935
2718.0;0.00020331584386101682
2719.0;0.0002000873269828625
2720.0;0.00019688853483213321
2721.0;0.00019475196559465372
2722.0;0.00019262845501260482
2723.0;0.00019099914055306983
2724.0;0.00018937743118481709
2725.0;0.00018776325624155472
2726.0;0.00018615654603738136
2727.0;0.00018508951900190844
2728.0;0.00018402575893644604
2729.0;0.00018331839068628464
2730.0;0.00018261245969058458
2731.0;0.0001818493162542868
2732.0;0.00018114636085915303
2733.0;0.00018044482486002792
2734.0;0.00017968642264271043
2735.0;0.00017951164159491143
2736.0;0.00017927873688666055
2737.0;0.0001790459882023424
2738.0;0.0001788133953330547
2739.0;0.00017858095807031437
2740.0;0.00017852287304376055
2741.0;0.0001784647977263628
2742.0;0.00017632280699374036
2743.0;0.0001787552714373905
2744.0;0.00017887152895412607
2745.0;0.0001790459882023424
2746.0;0.00017916234305457614
2747.0;0.00017980299220781088
2748.0;0.00018026966196974217
2749.0;0.00018091235809865043
2750.0;0.0001814976607733322
2751.0;0.00018231874457839048
2752.0;0.00018314177342304417
2753.0;0.00018443905647836994
2754.0;0.00018574120159398655
2755.0;0.00018764398552787996
2756.0;0.00018955724776030815
2757.0;0.00019184301643589282
2758.0;0.00019414392276266215
2759.0;0.00019725612673966177
2760.0;0.00020033461210755264
2761.0;0.00020356543840158067
2762.0;0.00020682659058419604
2763.0;0.00021024588583621017
2764.0;0.00021369916690983475
2765.0;0.00021725203922059614
2766.0;0.00022077602165152186
2767.0;0.0002240711486413288
2768.0;0.00022739782654171236
2769.0;0.00023048676009553685
2770.0;0.0002335353516254147
2771.0;0.00023510391223783715
2772.0;0.0002366795865281607
2773.0;0.0002366795865281607
2774.0;0.0002366795865281607
2775.0;0.0002366795865281607
2776.0;0.0002366795865281607
2777.0;0.0002366795865281607
2778.0;0.0002366795865281607
2779.0;0.00023654228734221167
2780.0;0.0002361992765674631
2781.0;0.00023592511156170145
2782.0;0.00023565116273179958
2783.0;0.00023510391223783715
2784.0;0.0002344892840147058
2785.0;0.0002335353516254147
2786.0;0.00023251617933248316
2787.0;0.00023149998795136254
2788.0;0.00023048676009553685
2789.0;0.00022974559983371994
2790.0;0.00022887171669683573
2791.0;0.00022806700160513197
2792.0;0.0002272641460531364
2793.0;0.0002262631785341519
2794.0;0.0002252650865362755
2795.0;0.0002244686722379253
2796.0;0.00022367407935751311
2797.0;0.00022327746334923411
2798.0;0.00022288129958279571
2799.0;0.00022248558702803403
2800.0;0.00022209032465830104
2801.0;0.00022209032465830104
2802.0;0.00022202449129277523
2803.0;0.00022202449129277523
2804.0;0.00022195867039923322
2805.0;0.00022195867039923322
2806.0;0.00022195867039923322
2807.0;0.00022195867039923322
2808.0;0.00022195867039923322
2809.0;0.00022222202882421583
2810.0;0.00022241967873123722
2811.0;0.000222683386968203
2812.0;0.0002229472955152807
2813.0;0.00022354182370859117
2814.0;0.00022413737099653223
2815.0;0.00022493302535691028
2816.0;0.00022573050601045947
2817.0;0.00022679666898142644
2818.0;0.00022779917689692052
2819.0;0.00022927477426584722
2820.0;0.0002306891694141207
2821.0;0.00023197384074739717
2822.0;0.00023326327989222977
2823.0;0.0002344892840147058
2824.0;0.00023571962969143044
2825.0;0.0002369543477805371
2826.0;0.00023812451331538503
2827.0;0.00023936782290052245
2828.0;0.00024054615918289417
2829.0;0.0002417981806657963
2830.0;0.0002429848026035737
2831.0;0.00024410533761403514
2832.0;0.0002452294982243751
2833.0;0.00024635730797273537
2834.0;0.0002474179649037065
2835.0;0.0002477722379898963
2836.0;0.00024805591678542547
2837.0;0.0002482688279873837
2838.0;0.0002484818697429741
2839.0;0.00024862397018893153
2840.0;0.0002486950422124017
2841.0;0.00024883722989006566
2842.0;0.0002489083455561665
2843.0;0.0002489794757817241
2844.0;0.00024905062057270115
2845.0;0.0002491217799350641
2846.0;0.0002491217799350641
2847.0;0.000249192953874783
2848.0;0.0002492641423978315
2849.0;0.00024933534551018697
2850.0;0.00024933534551018697
2851.0;0.0002494065632178306
2852.0;0.0002494777955267469
2853.0;0.00024954904244292456
2854.0;0.00024954904244292456
2855.0;0.0002496203039723555
2856.0;0.0002496915801210356
2857.0;0.0002497628708949643
2858.0;0.0002497628708949643
2859.0;0.00024983417630014483
2860.0;0.00024983417630014483
2861.0;0.00024990549634258403
2862.0;0.00024990549634258403
2863.0;0.00024990549634258403
2864.0;0.00024990549634258403
2865.0;0.0002499768310282925
2866.0;0.0002499768310282925
2867.0;0.00025004818036328453
2868.0;0.00025004818036328453
2869.0;0.00025004818036328453
2870.0;0.00025004818036328453
2871.0;0.0002501195443535781
2872.0;0.0002501195443535781
2873.0;0.00025019092300519486
2874.0;0.00025019092300519486
2875.0;0.00025019092300519486
2876.0;0.00025019092300519486
2877.0;0.0002502623163241603
2878.0;0.0002502623163241603
2879.0;0.00025054803639414645
2880.0;0.0002508339916247106
2881.0;0.0002514066091181891
2882.0;0.00025198017191542873
2883.0;0.0002530581609450464
2884.0;0.00025413950506575426
2885.0;0.000255586552494996
2886.0;0.0002570396520013566
2887.0;0.00025974401332856624
2888.0;0.00026246959004673037
2889.0;0.00026551500965381493
2890.0;0.0002685121003590871
2891.0;0.0002716111873720257
2892.0;0.00027466156329211986
2893.0;0.0002778162431446019
2894.0;0.0002809218333016851
2895.0;0.0002845279209389419
2896.0;0.00028825147100585487
2897.0;0.00029322523553633077
2898.0;0.00029835322879920827
2899.0;0.0003034748161443033
2900.0;0.0003085885701130358
2901.0;0.0003135216429397763
2902.0;0.0003184388766931827
2903.0;0.00032342670404526044
2904.0;0.0003285766230112261
2905.0;0.0003337132302204006
2906.0;0.0003389269198353657
2907.0;0.00034450087230796335
2908.0;0.0003499753849101909
2909.0;0.0003556342262362804
2910.0;0.0003613867638634038
2911.0;0.0003672361528590939
2912.0;0.00037318571038642595
2913.0;0.00037903199692666855
2914.0;0.00038497834485858013
2915.0;0.0003910282390908895
2916.0;0.00039707638460563256
2917.0;0.0004025669474399661
2918.0;0.0004080332164601323
2919.0;0.00041370113311299696
2920.0;0.0004193468695749455
2921.0;0.0004237892424279372
2922.0;0.0004281699842832504
2923.0;0.0004324860097926154
2924.0;0.0004368563263538171
2925.0;0.0004409113235140474
2926.0;0.00044488916257810247
2927.0;0.00044815503088533584
2928.0;0.000451324507212447
2929.0;0.0004546517242511905
2930.0;0.00045788130305045386
2931.0;0.0004611411842138116
2932.0;0.0004644319417711437
2933.0;0.0004676206655126115
2934.0;0.0004707042352294159
2935.0;0.00047395132041091006
2936.0;0.00047709184816756154
2937.0;0.00048026102281516946
2938.0;0.00048345937178405124
2939.0;0.0004862646804082112
2940.0;0.0004889508692211812
2941.0;0.0004916579881558955
2942.0;0.0004943863659401053
2943.0;0.0004971363391073802
2944.0;0.0004999082522462201
2945.0;0.000502702458259183
2946.0;0.000505519318632519
2947.0;0.0005077594010896102
2948.0;0.0005100140201990605
2949.0;0.0005122833658603656
2950.0;0.000514414879205495
2951.0;0.0005162523568362172
2952.0;0.0005179452910565531
2953.0;0.0005185629544823812
2954.0;0.000519181717932701
2955.0;0.0005190269237285264
2956.0;0.0005187175420646969
2957.0;0.0005184084356514942
2958.0;0.0005198015853326697
2959.0;0.0005171747527377904
2960.0;0.0005162523568362172
2961.0;0.0005138045398556995
2962.0;0.0005112224930192513
2963.0;0.0005088097362012068
2964.0;0.0005062644091722555
2965.0;0.000500347951421788
2966.0;0.0004943863659401053
2967.0;0.0004819260527695066
2968.0;0.0004697628570267653
2969.0;0.0004581409709142021
2970.0;0.00044689529206679083
2971.0;0.000436002226152432
2972.0;0.0004253221356702742
2973.0;0.00041507530333757185
2974.0;0.00040512204079957856
2975.0;0.00039544599407023993
2976.0;0.0003859266154304738
2977.0;0.0003800678819681065
2978.0;0.0003742042850987342
2979.0;0.0003737964968060018
2980.0;0.00037318571038642595
2981.0;0.00037277911515509195
2982.0;0.00037156217665866575
2983.0;0.00037553291228390584
2984.0;0.00037872183271723826
2985.0;0.0003860321387678142
2986.0;0.0003934995711334407
2987.0;0.00040113103294598583
2988.0;0.0004089338924940796
2989.0;0.00041691602597706965
2990.0;0.00042508586528679096
2991.0;0.00043357344600279517
2992.0;0.0004421495129411454
2993.0;0.0004509426398882133
2994.0;0.00045996410035888894
2995.0;0.0004692260696113402
2996.0;0.00047874172345884326
2997.0;0.000488667132508374
2998.0;0.0004987384343547904
2999.0;0.0005053704920782952
3000.0;0.000511676756216049
3001.0;0.000516098861987013
3002.0;0.0005205779780256358
3003.0;0.000524800744754271
3004.0;0.0005290754675370397
3005.0;0.0005313128709441456
3006.0;0.0005334034408304298
3007.0;0.0005355066661644493
3008.0;0.0005374594708493419
3009.0;0.0005392592353828271
3010.0;0.0005410683715135199
3011.0;0.0005428869773506488
3012.0;0.000544715152552179
3013.0;0.0005450485840418032
3014.0;0.0005453823358306985
3015.0;0.0005458835654230731
3016.0;0.0005462181206588639
3017.0;0.0005467205583249113
3018.0;0.0005470559208852379
3019.0;0.0005472237236344658
3020.0;0.0005472237236344658
3021.0;0.0005473916074674122
3022.0;0.0005472237236344658
3023.0;0.0005470559208852379
3024.0;0.0005463855191615108
3025.0;0.0005448818282980106
3026.0;0.0005432186581257412
3027.0;0.0005415634116146389
3028.0;0.0005397517026311511
3029.0;0.0005379493918501777
3030.0;0.0005359938393017926
3031.0;0.0005340492320675158
3032.0;0.0005319547844487269
3033.0;0.0005297132567671245
3034.0;0.0005274860979514358
3035.0;0.000525430727856202
3036.0;0.000523230766549487
3037.0;0.0005212003437729298
3038.0;0.000519181717932701
3039.0;0.0005173287237509563
3040.0;0.0005153324032920512
3041.0;0.000514873338368815
3042.0;0.0005101648496286151
3043.0;0.0005141095755078857
3044.0;0.0005141095755078857
3045.0;0.0005141095755078857
3046.0;0.000514414879205495
3047.0;0.000514873338368815
3048.0;0.0005153324032920512
3049.0;0.000516098861987013
3050.0;0.0005167132486820792
3051.0;0.0005176368706319299
3052.0;0.0005184084356514942
3053.0;0.000519181717932701
3054.0;0.0005199567251367758
3055.0;0.0005207334649763278
3056.0;0.0005215119452158098
3057.0;0.0005222921736719841
3058.0;0.0005230741582143934
3059.0;0.0005238579067658368
3060.0;0.0005244861810519114
3061.0;0.0005252731249569141
3062.0;0.000526061855342235
3063.0;0.0005268523803374878
3064.0;0.0005274860979514358
3065.0;0.0005284388469548474
3066.0;0.0005289162029981416
3067.0;0.0005292348051163161
3068.0;0.0005316336794484926
3069.0;0.0005298728871790862
3070.0;0.000530032590967475
3071.0;0.0005301923681997793
3072.0;0.0005301923681997793
3073.0;0.0005301923681997793
3074.0;0.0005298728871790862
3075.0;0.0005289162029981416
3076.0;0.0005279621458708855
3077.0;0.0005266941313775565
3078.0;0.000525430727856202
3079.0;0.0005224484298408076
3080.0;0.0005194915133928366
3081.0;0.0005165595501237122
3082.0;0.0005134997717786812
3083.0;0.0005110712038439791
3084.0;0.0005086594937835045
3085.0;0.0005064136192177192
3086.0;0.0005041821691224299
3087.0;0.0005019649593927438
3088.0;0.000499615428305142
3089.0;0.0004971363391073802
3090.0;0.0004945305600013252
3091.0;0.0004920873627755567
3092.0;0.0004896612264212506
3093.0;0.00048725191431729675
3094.0;0.00048471895836796423
3095.0;0.000482343560032473
3096.0;0.0004799842919478732
3097.0;0.00047805332302455045
3098.0;0.0004761330267040495
3099.0;0.0004742232856580828
3100.0;0.0004723239844825475
3101.0;0.0004712433130497804
3102.0;0.00047016599254156276
3103.0;0.00046936018873499854
3104.0;0.00046869011025241865
3105.0;0.00046842244029655786
3106.0;0.0004682886826103927
3107.0;0.00046842244029655786
3108.0;0.0004685562494973347
3109.0;0.0004690920022411555
3110.0;0.0004696285824026698
3111.0;0.00047030047506134627
3112.0;0.00047083892628964997
3113.0;0.00047137821329823205
3114.0;0.0004719183386857115
3115.0;0.00047300111505260483
3116.0;0.00047395132041091006
3117.0;0.00047531328054589077
3118.0;0.0004765436262226154
3119.0;0.0004775035830593457
3120.0;0.00047846619958594026
3121.0;0.00047887956737476466
3122.0;0.000479155419382525
3123.0;0.00047956960848644304
3124.0;0.0004799842919478732
3125.0;0.0004801226298296621
3126.0;0.00048026102281516946
3127.0;0.00048026102281516946
3128.0;0.00048026102281516946
3129.0;0.0004799842919478732
3130.0;0.00047970778132004876
3131.0;0.00047956960848644304
3132.0;0.0004792934275613098
3133.0;0.0004790174660015095
3134.0;0.00047874172345884326
3135.0;0.00047819089403625575
3136.0;0.0004776409365244762
3137.0;0.00047695471156206196
3138.0;0.00047626983930102216
3139.0;0.00047558631441889886
3140.0;0.00047490413162458596
3141.0;0.0004724593050628453
3142.0;0.00047016599254156276
3143.0;0.0004619281281188143
3144.0;0.0004538810719895147
3145.0;0.00044802885126327607
3146.0;0.0004421495129411454
3147.0;0.00043771253136331824
3148.0;0.000433331499206442
3149.0;0.00042948309061892044
3150.0;0.00042567684278175974
3151.0;0.0004219118419231643
3152.0;0.00041818720366011794
3153.0;0.0004151900632347415
3154.0;0.0004122185565610705
3155.0;0.0004092722488774415
3156.0;0.00040635071638992084
3157.0;0.0004035645299628412
3158.0;0.0004006904043700938
3159.0;0.0003978398597515498
3160.0;0.00039490422632359676
3161.0;0.0003922079875436941
3162.0;0.00038942591994564873
3163.0;0.00038687748124207743
3164.0;0.0003844526440690377
3165.0;0.000382253345905051
3166.0;0.0003800678819681065
3167.0;0.0003785152102993004
3168.0;0.0003766611173906216
3169.0;0.00037553291228390584
3170.0;0.0003743063070009568
3171.0;0.0003735927820036116
3172.0;0.0003725759958359348
3173.0;0.0003718660119080447
3174.0;0.0003710563742902198
3175.0;0.00037034948577470623
3176.0;0.00036954337036546243
3177.0;0.00036883955038851085
3178.0;0.00036813715329768145
3179.0;0.00036733614871113613
3180.0;0.00036653698657495003
3181.0;0.00036583922444151135
3182.0;0.0003650434941526042
3183.0;0.00036444789014584603
3184.0;0.00036385330542767515
3185.0;0.00036335859427257905
3186.0;0.00036276586921749515
3187.0;0.000362272702938066
3188.0;0.00036178023568974194
3189.0;0.00036109195214819873
3190.0;0.00036040502942798956
3191.0;0.00035981731755592477
3192.0;0.0003592305981614591
3193.0;0.00035844984370813027
3194.0;0.00035747636146429964
3195.0;0.0003561180525023564
3196.0;0.0003547650332131884
3197.0;0.0003534172625573395
3198.0;0.00035207469997111
3199.0;0.00035035613627489715
3200.0;0.00034864603149904175
3201.0;0.0003471329726656032
3202.0;0.0003455325349476847
3203.0;0.0003441264804769907
3204.0;0.00034244669194043013
3205.0;0.00034086764766275943
3206.0;0.0003392957474554832
3207.0;0.00033782278039278326
3208.0;0.0003362645651562237
3209.0;0.000334713307174354
3210.0;0.0003332595996747945
3211.0;0.0003316314163931994
3212.0;0.00033001082767122875
3213.0;0.0003285766230112261
3214.0;0.000326881158975001
3215.0;0.00032537114638363414
3216.0;0.0003237794305583205
3217.0;0.0003224585485256235
3218.0;0.0003211426692142872
3219.0;0.00031974453619867114
3220.0;0.0003183520069376301
3221.0;0.00031696503669042966
3222.0;0.00031558358125002487
3223.0;0.0003141217785852693
3224.0;0.0003126661005583842
3225.0;0.00031096131016285694
3226.0;0.0003092648439723415
3227.0;0.0003075766210902938
3228.0;0.0003058127717087857
3229.0;0.0003041411996341776
3230.0;0.0003024776312870156
3231.0;0.0003007394150834539
3232.0;0.00029892770609996614
3233.0;0.0002971253953189927
3234.0;0.00029525110474864683
3235.0;0.00029346771705287747
3236.0;0.0002916934367620012
3237.0;0.00028992817132904005
3238.0;0.00028825147100585487
3239.0;0.0002864243218383526
3240.0;0.00028468555959206487
3241.0;0.000282955455772193
3242.0;0.00028115587546986343
3243.0;0.0002794432161915113
3244.0;0.00027773895795119626
3245.0;0.00027604301873252466
3246.0;0.0002743553177143169
3247.0;0.00027252349140305843
3248.0;0.00027070127261661595
3249.0;0.00026866263571045533
3250.0;0.00026656105306706074
3251.0;0.0002645464955471103
3252.0;0.00026246959004673037
3253.0;0.0002604785497237746
3254.0;0.0002584257485641932
3255.0;0.0002563123425761952
3256.0;0.0002542839389009346
3257.0;0.0002520519338872883
3258.0;0.00024990549634258403
3259.0;0.0002477722379898963
3260.0;0.0002456519979750898
3261.0;0.00024361465880784206
3262.0;0.00024144994410710207
3263.0;0.00023936782290052245
3264.0;0.00023729810519012036
3265.0;0.00023537742973712186
3266.0;0.00023339928912689784
3267.0;0.0002314323474205302
3268.0;0.00022947647853016132
3269.0;0.00022759844376537292
3270.0;0.00022566397933040513
3271.0;0.0002237402260660466
3272.0;0.00022182706600920414
3273.0;0.00021992438313482473
3274.0;0.00021803206331367288
3275.0;0.00021595587809960018
3276.0;0.00021389202596864336
3277.0;0.00021184036126214932
3278.0;0.00020980074088675427
3279.0;0.00020777302425449668
3280.0;0.0002056942628501816
3281.0;0.0002038152123774874
3282.0;0.00020194626980989997
3283.0;0.00020033461210755264
3284.0;0.00019873039593415177
3285.0;0.00019713355288567477
3286.0;0.00019554401549696005
3287.0;0.0001939617172246049
3288.0;0.00019238659243024956
3289.0;0.00019081857636423863
3290.0;0.0001892576051496502
3291.0;0.00018782290695601537
3292.0;0.0001863347029093422
3293.0;0.00018514871238914125
3294.0;0.0001839077641703187
3295.0;0.00018273001529499572
3296.0;0.0001814390861149245
3297.0;0.0001802112939585973
3298.0;0.00017898782538551238
3299.0;0.000177768650052106
3300.0;0.00017655373793313132
3301.0;0.00017534305931722163
3302.0;0.00017413658480253043
3303.0;0.00017287713658181204
3304.0;0.00017156530403472555
3305.0;0.0001699749470982126
3306.0;0.00016839183672779655
3307.0;0.00016681590718399932
3308.0;0.00016519119536571368
3309.0;0.0001636296844876961
3310.0;0.00016201976997013258
3311.0;0.00016047241630789852
3312.0;0.00015893192346036272
3313.0;0.00015739823085563439
3314.0;0.00015581686863725915
3315.0;0.0001542968355260627
3316.0;0.00015278342361306192
3317.0;0.0001513302790876093
3318.0;0.00014972277042634295
3319.0;0.00014828234443851513
3320.0;0.00014674184317911755
3321.0;0.00014526091592633695
3322.0;0.00014378627427122834
3323.0;0.000142265536505586
3324.0;0.00014080352707522586
3325.0;0.00013929576085105642
3326.0;0.00013784616906044355
3327.0;0.00013650551360894374
3328.0;0.00013511874839891247
3329.0;0.00013378855604757487
3330.0;0.00013246343705477392
3331.0;0.00013114335286788662
3332.0;0.0001298282653720709
3333.0;0.00012856843519508244
3334.0;0.00012726303984098258
3335.0;0.0001260124604707439
3336.0;0.0001246668716398394
3337.0;0.0001234255856266731
3338.0;0.00012213933537166108
3339.0;0.0001210546767808397
3340.0;0.00011992432449063941
3341.0;0.00011884654826235592
3342.0;0.00011777210505556175
3343.0;0.0001166523649331147
3344.0;0.0001155362219986257
3345.0;0.00011447195175937099
3346.0;0.00011341093165638958
3347.0;0.00011220914704228248
3348.0;0.00011105933158957701
3349.0;0.00010981797734562031
3350.0;0.00010853355597328556
3351.0;0.00010725386544545117
3352.0;0.00010597887104020534
3353.0;0.00010484945733367097
3354.0;0.00010372370313523222
3355.0;0.00010278835303329446
3356.0;0.00010190209677976927
3357.0;0.00010106456583456442
3358.0;0.00010008999132311001
3359.0;9.925681206165845e-05
3360.0;9.828728817214323e-05
3361.0;9.741242505996468e-05
3362.0;9.653975937215404e-05
3363.0;9.580657928361572e-05
3364.0;9.502926699598461e-05
3365.0;9.425368989578404e-05
3366.0;9.343437331808798e-05
3367.0;9.243560314360962e-05
3368.0;9.139449514458606e-05
3369.0;9.107825442336267e-05
3370.0;9.076230128711536e-05
3371.0;9.049171281119309e-05
3372.0;9.017629237598155e-05
3373.0;8.995116725599277e-05
3374.0;8.968120952250221e-05
3375.0;8.954630927405043e-05
3376.0;8.93215918575608e-05
3377.0;8.91868311400438e-05
3378.0;8.905212267224086e-05
3379.0;8.891746641365096e-05
3380.0;8.873800587994886e-05
3381.0;8.860347128561628e-05
3382.0;8.851381048885479e-05
3383.0;8.828975967466579e-05
3384.0;8.811062299344924e-05
3385.0;8.80210892768031e-05
3386.0;8.779735587637244e-05
3387.0;8.761847283186338e-05
3388.0;8.743968184089992e-05
3389.0;8.721632240824883e-05
3390.0;8.699310647668875e-05
3391.0;8.668084490355271e-05
3392.0;8.636886372696672e-05
3393.0;8.605716244381611e-05
3394.0;8.579021230734658e-05
3395.0;8.521252302521112e-05
3396.0;8.463579268633295e-05
3397.0;8.406001811236526e-05
3398.0;8.335267986469525e-05
3399.0;8.273493799541381e-05
3400.0;8.207428827073577e-05
3401.0;8.097598936813954e-05
3402.0;7.988115142452476e-05
3403.0;7.878975269604802e-05
3404.0;7.765832318618972e-05
3405.0;7.644396713847227e-05
3406.0;7.523384072605833e-05
3407.0;7.402791458731502e-05
3408.0;7.286900798322313e-05
3409.0;7.162854720350911e-05
3410.0;7.043504874185043e-05
3411.0;6.9627503436717e-05
3412.0;6.882183075922313e-05
3413.0;6.806028143588119e-05
3414.0;6.725823064230738e-05
3415.0;6.650009716905334e-05
3416.0;6.570163584092168e-05
3417.0;6.511446788401448e-05
3418.0;6.448645858091251e-05
3419.0;6.402663881329028e-05
3420.0;6.356742679801621e-05
3421.0;6.310882093065549e-05
3422.0;6.260921305232106e-05
3423.0;6.215186942848325e-05
3424.0;6.165363475583065e-05
3425.0;6.119754644631635e-05
3426.0;6.074205607170973e-05
3427.0;6.03284914644654e-05
3428.0;5.991541855226891e-05
3429.0;5.962655944676969e-05
3430.0;5.933794030020615e-05
3431.0;5.90495607142352e-05
3432.0;5.876142029150496e-05
3433.0;5.8473518635651373e-05
3434.0;5.8185855351294736e-05
3435.0;5.789843004403675e-05
3436.0;5.7652254607056456e-05
3437.0;5.73652702142382e-05
3438.0;5.703757805552233e-05
3439.0;5.675110073218763e-05
3440.0;5.6464859428565817e-05
3441.0;5.6219697297596385e-05
3442.0;5.593389328610304e-05
3443.0;5.572989140981596e-05
3444.0;5.544448986837173e-05
3445.0;5.515932257808711e-05
3446.0;5.491507962565762e-05
3447.0;5.4711674909630405e-05
3448.0;5.446774633500312e-05
3449.0;5.422398889830472e-05
3450.0;5.398040235956617e-05
3451.0;5.377754395155955e-05
3452.0;5.357480391807565e-05
3453.0;5.329116647755648e-05
3454.0;5.304823283368424e-05
3455.0;5.284591780699115e-05
3456.0;5.2603295181543004e-05
3457.0;5.240123900514582e-05
3458.0;5.2158926602770625e-05
3459.0;5.195712861514796e-05
3460.0;5.1715125643541485e-05
3461.0;5.155388392558884e-05
3462.0;5.1392717003750594e-05
3463.0;5.127189085559405e-05
3464.0;5.103036454380095e-05
3465.0;5.0869440230816235e-05
3466.0;5.0708590419830956e-05
3467.0;5.054781504189364e-05
3468.0;5.034695038605747e-05
3469.0;5.018634223086984e-05
3470.0;5.0025808285298e-05
3471.0;4.9865348480795935e-05
3472.0;4.966487788177571e-05
3473.0;4.954465102129141e-05
3474.0;4.938441322967092e-05
3475.0;4.9184219858806476e-05
3476.0;4.902414817409407e-05
3477.0;4.886415020418261e-05
3478.0;4.866425629985806e-05
3479.0;4.850442394027208e-05
3480.0;4.8344665075278734e-05
3481.0;4.818497963731997e-05
3482.0;4.798547599386944e-05
3483.0;4.790570660182518e-05
3484.0;4.782595552021194e-05
3485.0;4.774622274062557e-05
3486.0;4.766650825466785e-05
3487.0;4.758681205394622e-05
3488.0;4.746730201933694e-05
3489.0;4.738765149502597e-05
3490.0;4.730801922662268e-05
3491.0;4.726820993577162e-05
3492.0;4.714880942407839e-05
3493.0;4.7069231873221435e-05
3494.0;4.6989672544840186e-05
3495.0;4.691013143059108e-05
3496.0;4.683060852213621e-05
3497.0;4.675110381114337e-05
3498.0;4.667161728928614e-05
3499.0;4.659214894824372e-05
3500.0;4.651269877970116e-05
3501.0;4.64332667753491e-05
3502.0;4.631415280851556e-05
3503.0;4.631415280851556e-05
3504.0;4.627445722600765e-05
3505.0;4.627445722600765e-05
3506.0;4.627445722600765e-05
3507.0;4.627445722600765e-05
3508.0;4.627445722600765e-05
3509.0;4.627445722600765e-05
3510.0;4.627445722600765e-05
3511.0;4.627445722600765e-05
3512.0;4.6234766178323814e-05
3513.0;4.6234766178323814e-05
3514.0;4.6234766178323814e-05
3515.0;4.6234766178323814e-05
3516.0;4.6234766178323814e-05
3517.0;4.6234766178323814e-05
3518.0;4.6234766178323814e-05
3519.0;4.6234766178323814e-05
3520.0;4.6234766178323814e-05
3521.0;4.6234766178323814e-05
3522.0;4.6234766178323814e-05
3523.0;4.6353852926883914e-05
3524.0;4.64332667753491e-05
3525.0;4.663188084668291e-05
3526.0;4.679085389247757e-05
3527.0;4.6989672544840186e-05
3528.0;4.714880942407839e-05
3529.0;4.738765149502597e-05
3530.0;4.754697080792785e-05
3531.0;4.782595552021194e-05
3532.0;4.806526370475461e-05
3533.0;4.8384597905105176e-05
3534.0;4.866425629985806e-05
3535.0;4.910417479785513e-05
3536.0;4.954465102129141e-05
3537.0;4.9985686386122686e-05
3538.0;5.046745524379686e-05
3539.0;5.103036454380095e-05
3540.0;5.155388392558884e-05
3541.0;5.2280061679431284e-05
3542.0;5.2967292685264e-05
3543.0;5.385867310207941e-05
3544.0;5.475234632735582e-05
3545.0;5.5648324186639915e-05
3546.0;5.650573660792029e-05
3547.0;5.757023487449359e-05
3548.0;5.859687584821038e-05
3549.0;5.991541855226891e-05
3550.0;6.123898428827884e-05
3551.0;6.256761147345042e-05
3552.0;6.390133896742087e-05
3553.0;6.528212892503988e-05
3554.0;6.666842836688227e-05
3555.0;6.793351867903958e-05
3556.0;6.91608336747857e-05
3557.0;7.000979093414104e-05
3558.0;7.077563015426996e-05
3559.0;7.124447540001689e-05
3560.0;7.167124806824945e-05
3561.0;7.201304404812478e-05
3562.0;7.23123916078649e-05
3563.0;7.304045411822079e-05
3564.0;7.37270859336443e-05
3565.0;7.501818955811282e-05
3566.0;7.631410894764167e-05
3567.0;7.705061461079801e-05
3568.0;7.774522553419719e-05
3569.0;7.809305245402284e-05
3570.0;7.848477442094342e-05
3571.0;7.848477442094342e-05
3572.0;7.757144256920216e-05
3573.0;7.761488016199775e-05
3574.0;7.765832318618972e-05
3575.0;7.661718692793722e-05
3576.0;7.544962583051827e-05
3577.0;7.42859751974876e-05
3578.0;7.304045411822079e-05
3579.0;7.244076241498673e-05
3580.0;7.18421040271992e-05
3581.0;7.158585158618686e-05
3582.0;7.128712908437745e-05
3583.0;7.111654575677122e-05
3584.0;7.090343430708964e-05
3585.0;7.000979093414104e-05
3586.0;6.899129087014152e-05
3587.0;6.662633792095003e-05
3588.0;6.427737415170866e-05
3589.0;6.194418481143015e-05
3590.0;5.958531345805589e-05
3591.0;5.777532052210048e-05
3592.0;5.597470803922164e-05
3593.0;5.438647485263896e-05
3594.0;5.280546893500616e-05
3595.0;5.175544776805984e-05
3596.0;5.06683895999397e-05
3597.0;4.9584722019031766e-05
3598.0;4.850442394027208e-05
3599.0;4.766650825466785e-05
3600.0;4.683060852213621e-05
3601.0;4.631415280851556e-05
3602.0;4.579846365614903e-05
3603.0;4.528353879283642e-05
3604.0;4.4729856467652684e-05
3605.0;4.45323264233743e-05
3606.0;4.4334908618458955e-05
3607.0;4.425597289495173e-05
3608.0;4.4137602925426986e-05
3609.0;4.40587120110275e-05
3610.0;4.397983900602983e-05
3611.0;4.3940409217016e-05
3612.0;4.3861563060879916e-05
3613.0;4.3861563060879916e-05
3614.0;4.3822146691727363e-05
3615.0;4.3822146691727363e-05
3616.0;4.378273479383211e-05
3617.0;4.378273479383211e-05
3618.0;4.3743327366179986e-05
3619.0;4.370392440775697e-05
3620.0;4.370392440775697e-05
3621.0;4.370392440775697e-05
3622.0;4.362513189454421e-05
3623.0;4.362513189454421e-05
3624.0;4.3585742337728306e-05
3625.0;4.3585742337728306e-05
3626.0;4.3585742337728306e-05
3627.0;4.3585742337728306e-05
3628.0;4.3585742337728306e-05
3629.0;4.3585742337728306e-05
3630.0;4.3585742337728306e-05
3631.0;4.3585742337728306e-05
3632.0;4.3585742337728306e-05
3633.0;4.3585742337728306e-05
3634.0;4.3585742337728306e-05
3635.0;4.3585742337728306e-05
3636.0;4.3585742337728306e-05
3637.0;4.3585742337728306e-05
3638.0;4.3585742337728306e-05
3639.0;4.3585742337728306e-05
3640.0;4.3585742337728306e-05
3641.0;4.3585742337728306e-05
3642.0;4.3506976618614585e-05
3643.0;4.3506976618614585e-05
3644.0;4.346760045429267e-05
3645.0;4.346760045429267e-05
3646.0;4.346760045429267e-05
3647.0;4.346760045429267e-05
3648.0;4.342822875211188e-05
3649.0;4.342822875211188e-05
3650.0;4.342822875211188e-05
3651.0;4.342822875211188e-05
3652.0;4.342822875211188e-05
3653.0;4.342822875211188e-05
3654.0;4.334949873012922e-05
3655.0;4.334949873012922e-05
3656.0;4.3310140408306046e-05
3657.0;4.3310140408306046e-05
3658.0;4.3310140408306046e-05
3659.0;4.3310140408306046e-05
3660.0;4.3310140408306046e-05
3661.0;4.3310140408306046e-05
3662.0;4.3231437137945125e-05
3663.0;4.3231437137945125e-05
3664.0;4.3231437137945125e-05
3665.0;4.3231437137945125e-05
3666.0;4.3231437137945125e-05
3667.0;4.3231437137945125e-05
3668.0;4.3231437137945125e-05
3669.0;4.3310140408306046e-05
3670.0;4.3310140408306046e-05
3671.0;4.3310140408306046e-05
3672.0;4.3310140408306046e-05
3673.0;4.3310140408306046e-05
3674.0;4.3310140408306046e-05
3675.0;4.3310140408306046e-05
3676.0;4.3310140408306046e-05
3677.0;4.3310140408306046e-05
3678.0;4.3310140408306046e-05
3679.0;4.3310140408306046e-05
3680.0;4.3310140408306046e-05
3681.0;4.3310140408306046e-05
3682.0;4.3310140408306046e-05
3683.0;4.334949873012922e-05
3684.0;4.334949873012922e-05
3685.0;4.334949873012922e-05
3686.0;4.334949873012922e-05
3687.0;4.334949873012922e-05
3688.0;4.3310140408306046e-05
3689.0;4.3310140408306046e-05
3690.0;4.3310140408306046e-05
3691.0;4.3310140408306046e-05
3692.0;4.3310140408306046e-05
3693.0;4.3310140408306046e-05
3694.0;4.3231437137945125e-05
3695.0;4.3231437137945125e-05
3696.0;4.3231437137945125e-05
3697.0;4.31920921873881e-05
3698.0;4.3152751691901056e-05
3699.0;4.3152751691901056e-05
3700.0;4.3113415650475226e-05
3701.0;4.3113415650475226e-05
3702.0;4.307408406210214e-05
3703.0;4.307408406210214e-05
3704.0;4.307408406210214e-05
3705.0;4.307408406210214e-05
3706.0;4.30347569257737e-05
3707.0;4.30347569257737e-05
3708.0;4.299543424048212e-05
3709.0;4.299543424048212e-05
3710.0;4.2956116005220045e-05
3711.0;4.2956116005220045e-05
3712.0;4.291680221898035e-05
3713.0;4.291680221898035e-05
3714.0;4.287749288075631e-05
3715.0;4.287749288075631e-05
3716.0;4.283818798954152e-05
3717.0;4.279888754432994e-05
3718.0;4.2759591544115844e-05
3719.0;4.2759591544115844e-05
3720.0;4.272029998789386e-05
3721.0;4.2681012874658974e-05
3722.0;4.264173020340648e-05
3723.0;4.2602451973131986e-05
3724.0;4.256317818283158e-05
3725.0;4.252390883150156e-05
3726.0;4.248464391813857e-05
3727.0;4.244538344173965e-05
3728.0;4.240612740130214e-05
3729.0;4.240612740130214e-05
3730.0;4.2366875795823735e-05
3731.0;4.2327628624302464e-05
3732.0;4.2288385885736714e-05
3733.0;4.224914757912517e-05
3734.0;4.2209913703466866e-05
3735.0;4.2170684257761256e-05
3736.0;4.213145924100804e-05
3737.0;4.213145924100804e-05
3738.0;4.2092238652207286e-05
3739.0;4.2092238652207286e-05
3740.0;4.2053022490359386e-05
3741.0;4.2053022490359386e-05
3742.0;4.20138107544651e-05
3743.0;4.1974603443525504e-05
3744.0;4.1935400556542014e-05
3745.0;4.1935400556542014e-05
3746.0;4.189620209251639e-05
3747.0;4.189620209251639e-05
3748.0;4.185700805045073e-05
3749.0;4.185700805045073e-05
3750.0;4.181781842934743e-05
3751.0;4.181781842934743e-05
3752.0;4.177863322820934e-05
3753.0;4.177863322820934e-05
3754.0;4.173945244603954e-05
3755.0;4.173945244603954e-05
3756.0;4.173945244603954e-05
3757.0;4.166110413461888e-05
3758.0;4.1621936603375945e-05
3759.0;4.1621936603375945e-05
3760.0;4.1621936603375945e-05
3761.0;4.1621936603375945e-05
3762.0;4.1621936603375945e-05
3763.0;4.1621936603375945e-05
3764.0;4.1621936603375945e-05
3765.0;4.1621936603375945e-05
3766.0;4.1621936603375945e-05
3767.0;4.1621936603375945e-05
3768.0;4.1621936603375945e-05
3769.0;4.1621936603375945e-05
3770.0;4.1621936603375945e-05
3771.0;4.1621936603375945e-05
3772.0;4.1621936603375945e-05
3773.0;4.1621936603375945e-05
3774.0;4.1621936603375945e-05
3775.0;4.1621936603375945e-05
3776.0;4.1621936603375945e-05
3777.0;4.1621936603375945e-05
3778.0;4.1621936603375945e-05
3779.0;4.1621936603375945e-05
3780.0;4.1543614784847113e-05
3781.0;4.1543614784847113e-05
3782.0;4.1543614784847113e-05
3783.0;4.1543614784847113e-05
3784.0;4.150446049557115e-05
3785.0;4.150446049557115e-05
3786.0;4.150446049557115e-05
3787.0;4.150446049557115e-05
3788.0;4.1465310618294666e-05
3789.0;4.1465310618294666e-05
3790.0;4.1465310618294666e-05
3791.0;4.1465310618294666e-05
3792.0;4.1465310618294666e-05
