401.0;0.0
402.0;0.0
403.0;0.0
404.0;0.0
405.0;0.0
406.0;0.0
407.0;0.0
408.0;0.0
409.0;0.0
410.0;0.0
411.0;0.0
412.0;0.0
413.0;0.0
414.0;0.0
415.0;0.0
416.0;0.0
417.0;0.0
418.0;0.0
419.0;0.0
420.0;0.0
421.0;0.0
422.0;0.0
423.0;0.0
424.0;0.0
425.0;0.0
426.0;0.0
427.0;0.0
428.0;0.0
429.0;0.0
430.0;0.0
431.0;0.0
432.0;0.0
433.0;0.0
434.0;0.0
435.0;0.0
436.0;0.0
437.0;0.0
438.0;0.0
439.0;0.0
440.0;0.0
441.0;0.0
442.0;0.0
443.0;0.0
444.0;0.0
445.0;0.0
446.0;0.0
447.0;0.0
448.0;0.0
449.0;0.0
450.0;0.0
451.0;0.0
452.0;0.0
453.0;0.0
454.0;0.0
455.0;9.97971e-05
456.0;9.919797999999999e-05
457.0;9.880999999999998e-05
458.0;9.842207999999999e-05
459.0;9.803428e-05
460.0;9.764657999999999e-05
461.0;9.715384000000001e-05
462.0;9.655608e-05
463.0;9.606382000000001e-05
464.0;9.546668e-05
465.0;9.486998e-05
466.0;9.458813999999999e-05
467.0;9.462084e-05
468.0;9.465342e-05
469.0;9.46859e-05
470.0;9.471828e-05
471.0;9.475054e-05
472.0;9.48876e-05
473.0;9.502447999999998e-05
474.0;9.516133999999999e-05
475.0;9.519318e-05
476.0;9.54348e-05
477.0;9.546641999999999e-05
478.0;9.560282e-05
479.0;9.563422e-05
480.0;9.587550000000001e-05
481.0;9.59067e-05
482.0;9.593780000000002e-05
483.0;9.60737e-05
484.0;9.610457999999999e-05
485.0;9.624034e-05
486.0;9.648108e-05
487.0;9.525232e-05
488.0;9.685717999999998e-05
489.0;9.699259999999998e-05
490.0;9.723297999999998e-05
491.0;9.747327999999999e-05
492.0;9.771362e-05
493.0;9.784872e-05
494.0;9.808884e-05
495.0;9.822375999999998e-05
496.0;9.846372e-05
497.0;9.870373999999999e-05
498.0;9.883832e-05
499.0;9.907817999999999e-05
500.0;9.921268e-05
501.0;9.945233999999999e-05
502.0;9.990267999999999e-05
503.0;0.000100564
504.0;0.00010122572
505.0;0.00010188771999999999
506.0;0.00010265580000000001
507.0;0.00010321282
508.0;0.00010387596
509.0;0.00010464534
510.0;0.00010573332
511.0;0.00010682250000000001
512.0;0.00010801921999999999
513.0;0.00010900452
514.0;0.0001100973
515.0;0.00011108452
516.0;0.00011207282
517.0;0.00011284818000000001
518.0;0.00011330316000000001
519.0;0.00011365122
520.0;0.00011399928
521.0;0.00011445447999999999
522.0;0.00011480262
523.0;0.00011504367999999998
524.0;0.0001153918
525.0;0.00011573994000000001
526.0;0.00011598079999999999
527.0;0.000116329
528.0;0.00011656975999999999
529.0;0.0001167032
530.0;0.00011758834
531.0;0.00011933497999999998
532.0;0.00012086927999999999
533.0;0.00012240607999999999
534.0;0.00012394539999999998
535.0;0.00012548736
536.0;0.00012681454
537.0;0.00012836114000000002
538.0;0.00012991026
539.0;0.00013113462
540.0;0.00013225136
541.0;0.00013435417999999998
542.0;0.00013701102
543.0;0.0001395655
544.0;0.00014223776
545.0;0.00014447486
546.0;0.00015902058
547.0;0.00017163900000000001
548.0;0.00018189467999999998
549.0;0.00024834539999999994
550.0;0.000262972
551.0;0.00031612959999999994
552.0;0.00035351919999999996
553.0;0.000375371
554.0;0.00038104720000000004
555.0;0.000378747
556.0;0.0003792054
557.0;0.0003718596
558.0;0.000353518
559.0;0.0003214594
560.0;0.000250226
561.0;0.00018428174
562.0;0.00016413828
563.0;0.00016155964000000002
564.0;0.00015988988
565.0;0.00015833574
566.0;0.00017242072
567.0;0.00020257160000000004
568.0;0.0002339278
569.0;0.00026632940000000007
570.0;0.0002998524
571.0;0.0003128114
572.0;0.00031175840000000006
573.0;0.0003170298
574.0;0.0002564318
575.0;0.00023016
576.0;0.00020466099999999997
577.0;0.00017977492000000001
578.0;0.00015558302
579.0;0.00013741052
580.0;0.00013534778
581.0;0.00013536832
582.0;0.00013549832
583.0;0.00013793168
584.0;0.000139491
585.0;0.00013984121999999997
586.0;0.00013986122
587.0;0.00013944096
588.0;0.0001380317
589.0;0.00013904044
590.0;0.00014612624
591.0;0.00015126027999999998
592.0;0.00015250718
593.0;0.00015207986
594.0;0.00015433411999999998
595.0;0.0001574921
596.0;0.00016156358
597.0;0.00016667486000000002
598.0;0.00017033306
599.0;0.00016807514000000002
600.0;0.00016570976000000002
601.0;0.00016323776
602.0;0.00016009673999999998
603.0;0.00015932688
604.0;0.00016024566
605.0;0.00016364946
606.0;0.00016763433999999997
607.0;0.00017175138000000002
608.0;0.00017405477999999998
609.0;0.00017487374
610.0;0.00017500576000000002
611.0;0.0001752522
612.0;0.00017733451999999998
613.0;0.00017930656
614.0;0.00018197536
615.0;0.00018442057999999999
616.0;0.00018513248
617.0;0.00018584477999999998
618.0;0.0001865575
619.0;0.00018622584
620.0;0.00018577824
621.0;0.00018660663999999999
622.0;0.00018824934
623.0;0.00018954560000000002
624.0;0.00019072702
625.0;0.00019167628000000002
626.0;0.00019180878000000002
627.0;0.0001919412
628.0;0.00019195671999999999
629.0;0.00019045532000000001
630.0;0.00018884012
631.0;0.00018734408
632.0;0.00018689466
633.0;0.00018783888000000002
634.0;0.00018890029999999998
635.0;0.00018972991999999998
636.0;0.00019009406
637.0;0.0001901086
638.0;0.00018989012
639.0;0.00018978797999999998
640.0;0.00018875469999999998
641.0;0.00018772249999999998
642.0;0.00018645946
643.0;0.00018450343999999998
644.0;0.00018255173999999998
645.0;0.00018025865999999997
646.0;0.00017831642
647.0;0.00017637841999999999
648.0;0.0001743303
649.0;0.00017274355999999998
650.0;0.0001718437
651.0;0.00017083088
652.0;0.00016993288
653.0;0.000168922
654.0;0.00016802579999999998
655.0;0.00016701708
656.0;0.00016600935999999997
657.0;0.00016172746
658.0;0.00016399738
659.0;0.00016389656
660.0;0.00016515266
661.0;0.000167885
662.0;0.00017519313999999998
663.0;0.00018614961999999997
664.0;0.0002005398
665.0;0.000222273
666.0;0.00023151860000000002
667.0;0.00022762979999999997
668.0;0.0002146068
669.0;0.00019765469999999998
670.0;0.0001810276
671.0;0.000164487
672.0;0.00015315234
673.0;0.00014671427999999998
674.0;0.00013955418
675.0;0.00013343399999999998
676.0;0.00012768161999999998
677.0;0.00012390722
678.0;0.00012122412
679.0;0.000119837
680.0;0.00011855918
681.0;0.00011450374
682.0;0.0001106796
683.0;0.00010920286000000001
684.0;0.00010931844000000002
685.0;0.00010943402
686.0;0.00010944336
687.0;0.00011008941999999998
688.0;0.00011105478
689.0;0.00010947071999999999
690.0;0.00011362766000000001
691.0;0.0001124645
692.0;0.00011140915999999999
693.0;0.00011131138
694.0;0.00011408881999999999
695.0;0.00011591240000000001
696.0;0.00011677624
697.0;0.00011742658
698.0;0.00011829167999999999
699.0;0.00012109082
700.0;0.00012584271999999997
701.0;0.00013127306
702.0;0.00015779097999999998
703.0;0.00024689920000000004
704.0;0.0003384354000000001
705.0;0.000339963
706.0;0.000293904
707.0;0.00026058139999999994
708.0;0.00022581779999999996
709.0;0.00023056820000000002
710.0;0.00024051020000000005
711.0;0.00024546539999999997
712.0;0.0002276662
713.0;0.00022125419999999998
714.0;0.00022114000000000001
715.0;0.00023109520000000002
716.0;0.00024301939999999997
717.0;0.00025875479999999993
718.0;0.0002826432
719.0;0.000306541
720.0;0.0003304302
721.0;0.0003447816
722.0;0.0003464575999999999
723.0;0.0003526164
724.0;0.000368913
725.0;0.00038159440000000005
726.0;0.00039108259999999994
727.0;0.0004138272
728.0;0.0004359464
729.0;0.00044918159999999993
730.0;0.000454693
731.0;0.0004480936
732.0;0.00042415119999999996
733.0;0.0003939068
734.0;0.000358583
735.0;0.0003015766
736.0;0.0002488292
737.0;0.000227188
738.0;0.00021993440000000003
739.0;0.00022501179999999998
740.0;0.00023513020000000002
741.0;0.000267349
742.0;0.00028846940000000005
743.0;0.0003492002
744.0;0.0004794006
745.0;0.0006326178000000001
746.0;0.0008190145999999998
747.0;0.0008325667999999999
748.0;0.0008340337999999999
749.0;0.0008347694
750.0;0.0005457
751.0;0.0004001696
752.0;0.0002754316
753.0;0.00015189156
754.0;0.00013338184
755.0;0.0001155787
756.0;9.959996e-05
757.0;9.146062e-05
758.0;8.576723999999998e-05
759.0;8.33983e-05
760.0;8.196000000000001e-05
761.0;8.134503999999999e-05
762.0;8.10383e-05
763.0;8.114201999999999e-05
764.0;8.114302e-05
765.0;8.114393999999999e-05
766.0;8.093947999999998e-05
767.0;8.083752e-05
768.0;8.08381e-05
769.0;8.04282e-05
770.0;7.971085999999999e-05
771.0;7.909644e-05
772.0;7.848236e-05
773.0;7.786851999999999e-05
774.0;7.72551e-05
775.0;7.64377e-05
776.0;7.531504e-05
777.0;7.429557999999999e-05
778.0;7.317542e-05
779.0;7.236146e-05
780.0;7.256408000000001e-05
781.0;7.266496e-05
782.0;7.266406e-05
783.0;7.256136000000001e-05
784.0;7.256024e-05
785.0;7.255902e-05
786.0;7.194804e-05
787.0;7.123586e-05
788.0;7.052408e-05
789.0;7.072531999999999e-05
790.0;7.184006e-05
791.0;7.285444000000001e-05
792.0;7.356456e-05
793.0;7.437702e-05
794.0;7.508816000000001e-05
795.0;7.590186e-05
796.0;7.68183e-05
797.0;7.773565999999999e-05
798.0;7.855146e-05
799.0;7.936798e-05
800.0;8.008264e-05
801.0;8.00797e-05
802.0;7.987164e-05
803.0;7.966344e-05
804.0;7.914796e-05
805.0;7.873498e-05
806.0;7.883384e-05
807.0;7.893269999999999e-05
808.0;7.892902e-05
809.0;7.892522000000001e-05
810.0;7.892136e-05
811.0;7.881493999999999e-05
812.0;7.87085e-05
813.0;7.860188e-05
814.0;7.84952e-05
815.0;7.849077999999999e-05
816.0;7.848624e-05
817.0;7.84816e-05
818.0;7.837455999999999e-05
819.0;7.970118e-05
820.0;8.164586e-05
821.0;8.338904e-05
822.0;8.62709e-05
823.0;8.968054e-05
824.0;9.31036e-05
825.0;9.66447e-05
826.0;0.00010188106
827.0;0.00010746658
828.0;0.00011490096
829.0;0.00012369266
830.0;0.00013137666
831.0;0.00014165762000000002
832.0;0.0001734927
833.0;0.000261759
834.0;0.0002660614
835.0;0.0002660548
836.0;0.00025971919999999996
837.0;0.00024955619999999997
838.0;0.0002387716
839.0;0.0002117346
840.0;0.00018516592000000003
841.0;0.0001596101
842.0;0.00013489362
843.0;0.00013041873999999998
844.0;0.00012954219999999997
845.0;0.00012920892
846.0;0.00012887564
847.0;0.00012843394
848.0;0.00012723402
849.0;0.00012625194
850.0;0.00012505473999999998
851.0;0.00012364328
852.0;0.0001221264
853.0;0.00012179503999999998
854.0;0.00012135608
855.0;0.00012102476
856.0;0.00012101598
857.0;0.00012165242
858.0;0.00012175104
859.0;0.00012066644
860.0;0.00011893909999999999
861.0;0.00011667996
862.0;0.00011528072
863.0;0.00011741028000000001
864.0;0.00011707942
865.0;0.00011932057999999999
866.0;0.00012490972
867.0;0.00013686398
868.0;0.00015043014
869.0;0.00016330812
870.0;0.00017226355999999999
871.0;0.00018362092
872.0;0.0002081092
873.0;0.0002405592
874.0;0.0003053548
875.0;0.000391233
876.0;0.0004867098
877.0;0.0005156876
878.0;0.000480646
879.0;0.0004469624
880.0;0.0005374406
881.0;0.0003832748
882.0;0.0003590208
883.0;0.0003575956
884.0;0.00035744259999999996
885.0;0.0003572896
886.0;0.000359681
887.0;0.0003613696
888.0;0.00036093179999999994
889.0;0.00036049419999999995
890.0;0.000315334
891.0;0.0002499054
892.0;0.00018882734
893.0;0.00016258022
894.0;0.00015425655999999998
895.0;0.0001472303
896.0;0.00014279354
897.0;0.0001382694
898.0;0.00013355008
899.0;0.00012452442
900.0;0.00011089954000000001
901.0;8.253546e-05
902.0;7.902934e-05
903.0;7.778621999999999e-05
904.0;7.695374e-05
905.0;7.693972e-05
906.0;7.70279e-05
907.0;7.783232e-05
908.0;7.873984000000001e-05
909.0;7.954572e-05
910.0;8.127682e-05
911.0;8.301136000000001e-05
912.0;8.474934e-05
913.0;8.731848000000001e-05
914.0;8.9065e-05
915.0;8.967252e-05
916.0;8.965732e-05
917.0;8.974578e-05
918.0;8.910774e-05
919.0;8.92997e-05
920.0;8.938786e-05
921.0;9.009886000000001e-05
922.0;9.257932e-05
923.0;9.768224000000001e-05
924.0;0.00010682986
925.0;0.00011159167999999999
926.0;0.00011424127999999999
927.0;0.00011550748
928.0;0.00011474262
929.0;0.0001123782
930.0;0.00010789685999999999
931.0;0.00010206794000000001
932.0;0.00010089326
933.0;0.00010171812
934.0;0.00010275447999999999
935.0;0.00010400314
936.0;0.00010504208
937.0;0.00010587061999999999
938.0;0.00010680574
939.0;0.00010784783999999999
940.0;0.00010899734
941.0;0.00011025466000000001
942.0;0.00011108784
943.0;0.00011202826000000001
944.0;0.00011307634
945.0;0.00011401886
946.0;0.00011506922
947.0;0.00011590669999999999
948.0;0.00011695919999999999
949.0;0.00011812027999999999
950.0;0.00011917536
951.0;0.00012044694
952.0;0.00012150474
953.0;0.00012256378
954.0;0.0001236241
955.0;0.00012501013999999998
956.0;0.00012618164000000002
957.0;0.0001274632
958.0;0.0001288552
959.0;0.00013014064000000002
960.0;0.00013142780000000002
961.0;0.00013271696
962.0;0.00013400796
963.0;0.00013486284000000003
964.0;0.00013571856
965.0;0.00013679442
966.0;0.0001375421
967.0;0.00013840027999999997
968.0;0.0001389293
969.0;0.00013912838
970.0;0.00013932752
971.0;0.00013930646
972.0;0.00013851542
973.0;0.00013750524
974.0;0.0001366058
975.0;0.00013548806
976.0;0.0001340434
977.0;0.00013271005999999997
978.0;0.00013257902
979.0;0.00013255712
980.0;0.00013362786
981.0;0.0001346998
982.0;0.000135773
983.0;0.0001368475
984.0;0.00013803318
985.0;0.00014109344
986.0;0.0001441646
987.0;0.00015092034
988.0;0.00016043198
989.0;0.00016731656
990.0;0.000174371
991.0;0.00018217712
992.0;0.0001902878
993.0;0.00019482946
994.0;0.00019598041999999998
995.0;0.00019396118
996.0;0.00018460778
997.0;0.00017157408
998.0;0.00015839458
999.0;0.00014552224
1000.0;0.00013667092000000001
1001.0;0.00013522062
1002.0;0.00013519626000000002
1003.0;0.00013517177999999998
1004.0;0.00013591474
1005.0;0.0001369878
1006.0;0.00013894234
1007.0;0.00014123234000000003
1008.0;0.00014319645999999998
1009.0;0.00014483238
1010.0;0.00014647144
1011.0;0.00014789104
1012.0;0.0001495359
1013.0;0.00015151892000000002
1014.0;0.00015373042
1015.0;0.00015617228
1016.0;0.00015862102
1017.0;0.00016085082
1018.0;0.00016308643999999998
1019.0;0.00016532778
1020.0;0.00016734737999999998
1021.0;0.00016971394
1022.0;0.00017174384
1023.0;0.00017400785999999998
1024.0;0.00017639276000000001
1025.0;0.00017924568
1026.0;0.00018176088
1027.0;0.0001843994
1028.0;0.00018704614
1029.0;0.00018970094000000001
1030.0;0.00019236403999999997
1031.0;0.00019515282
1032.0;0.00019783282
1033.0;0.00019886688
1034.0;0.00019883909999999998
1035.0;0.0001988112
1036.0;0.00019878322000000003
1037.0;0.00019875512
1038.0;0.00019849087999999999
1039.0;0.00019799061999999998
1040.0;0.00019749052000000002
1041.0;0.00019675500000000004
1042.0;0.00019554928
1043.0;0.00019364042000000003
1044.0;0.00019267302
1045.0;0.00019182371999999998
1046.0;0.00019144331999999998
1047.0;0.00019106296000000002
1048.0;0.00019173622
1049.0;0.00019311368
1050.0;0.00019449331999999998
1051.0;0.0001959928
1052.0;0.00019761281999999998
1053.0;0.0002000634
1054.0;0.00020263979999999996
1055.0;0.00020546199999999998
1056.0;0.00020877119999999997
1057.0;0.0002118532
1058.0;0.0002148262
1059.0;0.00021756799999999996
1060.0;0.00022043939999999998
1061.0;0.00022380700000000002
1062.0;0.0002288984
1063.0;0.0002341432
1064.0;0.00023942020000000002
1065.0;0.0002444806
1066.0;0.00024957099999999997
1067.0;0.0002546916
1068.0;0.00025984259999999997
1069.0;0.00026809140000000006
1070.0;0.0002797864
1071.0;0.0002908528
1072.0;0.0002986086
1073.0;0.0003067026
1074.0;0.0003178506
1075.0;0.00032914399999999996
1076.0;0.0003519342
1077.0;0.000403309
1078.0;0.0004966885999999999
1079.0;0.0004979898000000001
1080.0;0.00047069340000000003
1081.0;0.000435643
1082.0;0.0004019495999999999
1083.0;0.0003695122
1084.0;0.00033810119999999995
1085.0;0.0003110078
1086.0;0.00030267159999999995
1087.0;0.0002983836
1088.0;0.00029623059999999996
1089.0;0.000294875
1090.0;0.0002927302
1091.0;0.0002861318
1092.0;0.0002666974
1093.0;0.0002578826
1094.0;0.0002479028
1095.0;0.00023840700000000002
1096.0;0.00023269539999999994
1097.0;0.00022689859999999997
1098.0;0.0002219896
1099.0;0.00021747060000000003
1100.0;0.00021514179999999994
1101.0;0.00021426340000000002
1102.0;0.00021086220000000002
1103.0;0.00021563979999999997
1104.0;0.00021717440000000002
1105.0;0.00021931760000000003
1106.0;0.0002211016
1107.0;0.0002237416
1108.0;0.00022626759999999995
1109.0;0.00022880120000000003
1110.0;0.00023146499999999998
1111.0;0.00023438379999999996
1112.0;0.0002374364
1113.0;0.0002401272
1114.0;0.00024320039999999998
1115.0;0.0002466598
1116.0;0.00025025879999999995
1117.0;0.0002538732
1118.0;0.0002572492
1119.0;0.00026051160000000004
1120.0;0.00026378659999999995
1121.0;0.000267074
1122.0;0.000270374
1123.0;0.0002740744
1124.0;0.0002781798
1125.0;0.00028230520000000007
1126.0;0.0002869746
1127.0;0.00029483920000000004
1128.0;0.0003026428
1129.0;0.000309979
1130.0;0.0003173782
1131.0;0.0003252524
1132.0;0.0003347222
1133.0;0.0003442969999999999
1134.0;0.0003643834
1135.0;0.00038333340000000005
1136.0;0.00040150979999999993
1137.0;0.00041839620000000004
1138.0;0.0004363972
1139.0;0.0004560550000000001
1140.0;0.000481241
1141.0;0.0005194394
1142.0;0.000569148
1143.0;0.0005731121999999999
1144.0;0.0005738026
1145.0;0.0005596393999999999
1146.0;0.0005520885999999999
1147.0;0.0005483173999999999
1148.0;0.0005548626
1149.0;0.000561998
1150.0;0.0005659298
1151.0;0.0005684266
1152.0;0.0005219207999999999
1153.0;0.00046688800000000005
1154.0;0.0004152826
1155.0;0.0003664236
1156.0;0.00033891420000000007
1157.0;0.0003304126
1158.0;0.0003256914
1159.0;0.00032578759999999995
1160.0;0.000322047
1161.0;0.0003231002
1162.0;0.0003244288
1163.0;0.0003267212
1164.0;0.0003297094
1165.0;0.00033617600000000004
1166.0;0.00034227160000000005
1167.0;0.00034855180000000006
1168.0;0.00035772379999999995
1169.0;0.0003655552
1170.0;0.0003734584
1171.0;0.0003804102
1172.0;0.00038741859999999993
1173.0;0.000394336
1174.0;0.00040130959999999996
1175.0;0.00040834000000000004
1176.0;0.0004154286
1177.0;0.00042242239999999996
1178.0;0.00042931880000000004
1179.0;0.00043642700000000003
1180.0;0.0004432798
1181.0;0.0004489196
1182.0;0.00045475619999999997
1183.0;0.00046063279999999994
1184.0;0.0004662264
1185.0;0.0004721824000000001
1186.0;0.00047949179999999997
1187.0;0.0004866982
1188.0;0.0004941327999999999
1189.0;0.0005014635999999998
1190.0;0.0005090274
1191.0;0.0005166579999999999
1192.0;0.0005245301999999999
1193.0;0.0005324748000000001
1194.0;0.0005406698
1195.0;0.0005489436
1196.0;0.0005578364000000001
1197.0;0.0005670038
1198.0;0.0005762698
1199.0;0.0005854511999999999
1200.0;0.000592484
1201.0;0.0005984441999999999
1202.0;0.0006042566
1203.0;0.0006101085999999999
1204.0;0.000616193
1205.0;0.0006221272
1206.0;0.0006282979999999999
1207.0;0.0006343168000000001
1208.0;0.0006403784
1209.0;0.000645488
1210.0;0.0006506281999999998
1211.0;0.0006560008
1212.0;0.0006612048
1213.0;0.0006664406
1214.0;0.0006717085999999999
1215.0;0.0006772156000000001
1216.0;0.0006821351999999999
1217.0;0.0006868746
1218.0;0.0006916406
1219.0;0.0006964332
1220.0;0.000701465
1221.0;0.0007065266000000001
1222.0;0.0007111890000000001
1223.0;0.0007160928
1224.0;0.0007203735999999999
1225.0;0.0007248941999999999
1226.0;0.0007292194
1227.0;0.0007333463999999999
1228.0;0.000740598
1229.0;0.0007669371999999999
1230.0;0.0007964694
1231.0;0.0008582784
1232.0;0.0009201754000000001
1233.0;0.000964406
1234.0;0.0010095001999999998
1235.0;0.0010497424
1236.0;0.0010833283999999999
1237.0;0.001100598
1238.0;0.0010995398000000001
1239.0;0.0010891358
1240.0;0.001117434
1241.0;0.0010349732
1242.0;0.0009860912
1243.0;0.0009359023999999999
1244.0;0.0008937388000000001
1245.0;0.0008540296000000001
1246.0;0.0008124213999999999
1247.0;0.0007759477999999999
1248.0;0.0006517866
1249.0;0.0005556552
1250.0;0.0005219318000000001
1251.0;0.0004985078
1252.0;0.000480135
1253.0;0.00046976179999999997
1254.0;0.00046532420000000005
1255.0;0.00046284540000000006
1256.0;0.0004616635999999999
1257.0;0.0004630658
1258.0;0.00046479400000000004
1259.0;0.00046912699999999996
1260.0;0.0004848474000000001
1261.0;0.0004961430000000001
1262.0;0.0005115124
1263.0;0.0005322244
1264.0;0.0005595680000000001
1265.0;0.0006032506
1266.0;0.0006195056
1267.0;0.0006333131999999999
1268.0;0.0006481458000000001
1269.0;0.000664053
1270.0;0.0006831722
1271.0;0.0007125873999999999
1272.0;0.0007677295999999999
1273.0;0.0007769166
1274.0;0.0007857335999999998
1275.0;0.0007951164
1276.0;0.0008041229999999999
1277.0;0.000817596
1278.0;0.0008320252000000001
1279.0;0.0008492209999999998
1280.0;0.0008675398000000001
1281.0;0.0008883662
1282.0;0.0009099776
1283.0;0.0009340905999999998
1284.0;0.000960616
1285.0;0.000988277
1286.0;0.0010171578000000001
1287.0;0.001047036
1288.0;0.0010796276000000003
1289.0;0.0011152086000000001
1290.0;0.0011498107999999999
1291.0;0.001185109
1292.0;0.0012324497999999999
1293.0;0.0012866989999999999
1294.0;0.0013356757999999998
1295.0;0.0013782421999999999
1296.0;0.0014254586
1297.0;0.0014141887999999999
1298.0;0.0013832018
1299.0;0.0013105343999999998
1300.0;0.0012611658000000001
1301.0;0.0012264648
1302.0;0.0011957266000000002
1303.0;0.0011293114
1304.0;0.0010347426
1305.0;0.001003925
1306.0;0.0010062896
1307.0;0.0010074457999999999
1308.0;0.0010147032000000001
1309.0;0.0010382235999999998
1310.0;0.0010620781999999998
1311.0;0.0010906096000000002
1312.0;0.0011298462
1313.0;0.0011636455999999998
1314.0;0.0012140908000000002
1315.0;0.0013256806
1316.0;0.0014087586
1317.0;0.0014701088
1318.0;0.0015179042
1319.0;0.001575472
1320.0;0.0016390194000000002
1321.0;0.0016934278
1322.0;0.0017109444
1323.0;0.0017081588
1324.0;0.0017047031999999998
1325.0;0.0016945325999999999
1326.0;0.001669372
1327.0;0.0016398666000000002
1328.0;0.001610109
1329.0;0.0015848716
1330.0;0.0014966718
1331.0;0.0012593722000000002
1332.0;0.001073164
1333.0;0.0010339951999999999
1334.0;0.0010098234
1335.0;0.0009845244
1336.0;0.0009570638000000001
1337.0;0.000928495
1338.0;0.000904336
1339.0;0.0008818799999999999
1340.0;0.0008364382
1341.0;0.0007382181999999999
1342.0;0.0006501749999999999
1343.0;0.0005863785999999999
1344.0;0.0005498118
1345.0;0.0005207775999999999
1346.0;0.0005009614
1347.0;0.00048058820000000007
1348.0;0.00045663420000000005
1349.0;0.0004236308
1350.0;0.0003915312
1351.0;0.0003562455999999999
1352.0;0.0002800798
1353.0;0.0002558492
1354.0;0.00025016700000000003
1355.0;0.000250487
1356.0;0.0002509346
1357.0;0.00025278620000000003
1358.0;0.000257206
1359.0;0.0002674764
1360.0;0.0002701466
1361.0;0.0002719108
1362.0;0.000273286
1363.0;0.0002746634
1364.0;0.00027499359999999995
1365.0;0.0002750616
1366.0;0.0002752608
1367.0;0.0002751974
1368.0;0.000275134
1369.0;0.0002755954
1370.0;0.000276451
1371.0;0.0002777022
1372.0;0.0002797462
1373.0;0.00028364840000000003
1374.0;0.00028743559999999994
1375.0;0.00029137340000000007
1376.0;0.00029694340000000006
1377.0;0.0003032276
1378.0;0.00031188299999999994
1379.0;0.0003239532
1380.0;0.00033549139999999996
1381.0;0.00033951740000000004
1382.0;0.00034115100000000004
1383.0;0.000341511
1384.0;0.0003394638
1385.0;0.00033657479999999997
1386.0;0.0003313096
1387.0;0.0003224612
1388.0;0.00031603839999999996
1389.0;0.0003092518
1390.0;0.0003018389999999999
1391.0;0.00029448759999999995
1392.0;0.00028772979999999997
1393.0;0.0002811554
1394.0;0.000274892
1395.0;0.0002682812
1396.0;0.0002602968
1397.0;0.0002516156
1398.0;0.0002436526
1399.0;0.00023802539999999997
1400.0;0.00023255860000000002
1401.0;0.0002266274
1402.0;0.0002166688
1403.0;0.000208038
1404.0;0.0002004558
1405.0;0.00019906182
1406.0;0.00019983828
1407.0;0.00019977072000000002
1408.0;0.00019994438
1409.0;0.0002009632
1410.0;0.00020198320000000002
1411.0;0.0002038526
1412.0;0.0002058478
1413.0;0.00020870079999999998
1414.0;0.0002119308
1415.0;0.00021541899999999998
1416.0;0.0002185514
1417.0;0.00022219099999999997
1418.0;0.0002267176
1419.0;0.0002312688
1420.0;0.0002359702
1421.0;0.0002408244
1422.0;0.0002457066
1423.0;0.0002504892
1424.0;0.00025542759999999995
1425.0;0.00026104279999999996
1426.0;0.0002668258
1427.0;0.00027277979999999996
1428.0;0.00027970240000000003
1429.0;0.0002888212
1430.0;0.0002981734
1431.0;0.0003073554
1432.0;0.000316775
1433.0;0.0003262992
1434.0;0.00033578940000000005
1435.0;0.00034610079999999996
1436.0;0.0003566824
1437.0;0.000367543
1438.0;0.00038017840000000003
1439.0;0.0003983054
1440.0;0.00041713260000000006
1441.0;0.0004382878
1442.0;0.0005041668
1443.0;0.0005099536
1444.0;0.0005119593999999999
1445.0;0.0005108485999999999
1446.0;0.0005147672
1447.0;0.0004524649999999999
1448.0;0.00041671540000000004
1449.0;0.0003823734
1450.0;0.00034933239999999997
1451.0;0.00031749699999999997
1452.0;0.000286916
1453.0;0.000257241
1454.0;0.00023747339999999998
1455.0;0.00023740059999999998
1456.0;0.000237075
1457.0;0.0002392806
1458.0;0.000241492
1459.0;0.00024230900000000001
1460.0;0.00024249020000000003
1461.0;0.00024241679999999994
1462.0;0.0002424706
1463.0;0.0002434158
1464.0;0.0002451278
1465.0;0.00024773939999999994
1466.0;0.0002503592
1467.0;0.00025298739999999996
1468.0;0.000255624
1469.0;0.000258139
1470.0;0.00026079179999999997
1471.0;0.0002633228
1472.0;0.0002658614
1473.0;0.00026657220000000004
1474.0;0.00026741459999999993
1475.0;0.000268127
1476.0;0.0002681832
1477.0;0.00026810820000000004
1478.0;0.00026842699999999996
1479.0;0.00026874559999999996
1480.0;0.00026893299999999995
1481.0;0.0002693834
1482.0;0.0002699654
1483.0;0.0002710748
1484.0;0.0002741672
1485.0;0.00027806759999999994
1486.0;0.00028399079999999997
1487.0;0.0002913034
1488.0;0.0002988156
1489.0;0.00030612
1490.0;0.0003123808
1491.0;0.00031868779999999995
1492.0;0.00032518239999999995
1493.0;0.00032862140000000005
1494.0;0.000327981
1495.0;0.00032523259999999994
1496.0;0.0003185822
1497.0;0.000311981
1498.0;0.0003072145999999999
1499.0;0.0003037054
1500.0;0.00030034619999999996
1501.0;0.000300132
1502.0;0.00030005440000000004
1503.0;0.000302026
1504.0;0.000303454
1505.0;0.00030570840000000005
1506.0;0.00030934779999999997
1507.0;0.0003146676
1508.0;0.00032281979999999996
1509.0;0.00032864820000000003
1510.0;0.00033608140000000004
1511.0;0.0003437236
1512.0;0.00035230479999999995
1513.0;0.00036111959999999996
1514.0;0.0003700264
1515.0;0.0003782792
1516.0;0.0003860088
1517.0;0.0003939616
1518.0;0.0004021428
1519.0;0.0004104034
1520.0;0.0004185878
1521.0;0.0004270100000000001
1522.0;0.00043599540000000003
1523.0;0.0004453994
1524.0;0.0004549084
1525.0;0.000464524
1526.0;0.00047508500000000004
1527.0;0.0004861167999999999
1528.0;0.0004972926
1529.0;0.0005086159999999999
1530.0;0.0005202672
1531.0;0.0005344055999999999
1532.0;0.0005496918000000001
1533.0;0.0005652548000000001
1534.0;0.000581294
1535.0;0.0005966741999999999
1536.0;0.0006105714
1537.0;0.0006246970000000001
1538.0;0.0006392611999999998
1539.0;0.0006538708
1540.0;0.0006687328000000001
1541.0;0.0006958696
1542.0;0.0007258974
1543.0;0.0007563112
1544.0;0.0007737768
1545.0;0.0007916042
1546.0;0.000810055
1547.0;0.000828658
1548.0;0.0008476716
1549.0;0.0008673778
1550.0;0.0008872755999999999
1551.0;0.0009079198
1552.0;0.0009287878000000001
1553.0;0.0009507536
1554.0;0.0009744848
1555.0;0.0009985808
1556.0;0.0010211642
1557.0;0.0010392002
1558.0;0.0010579502
1559.0;0.001078461
1560.0;0.0010783771999999998
1561.0;0.001078293
1562.0;0.001084958
1563.0;0.0010651131999999998
1564.0;0.001053189
1565.0;0.0010372438
1566.0;0.0010146795999999999
1567.0;0.0009677479999999998
1568.0;0.0009299931999999998
1569.0;0.0008946209999999998
1570.0;0.0008603646000000001
1571.0;0.0008309378
1572.0;0.0008036954
1573.0;0.0007789435999999998
1574.0;0.0007634972000000001
1575.0;0.0007483174
1576.0;0.0007322648
1577.0;0.0007162782
1578.0;0.0007097804
1579.0;0.0007061771999999998
1580.0;0.000703025
1581.0;0.0006992301999999999
1582.0;0.0006950175999999999
1583.0;0.0006929836
1584.0;0.000690738
1585.0;0.0006884978000000001
1586.0;0.0006802754
1587.0;0.0006719172
1588.0;0.0006557276
1589.0;0.0006361762
1590.0;0.0006144782
1591.0;0.0005819982
1592.0;0.0005435489999999999
1593.0;0.0004918332
1594.0;0.0004680399999999999
1595.0;0.0004453646
1596.0;0.0004112854
1597.0;0.00038195959999999995
1598.0;0.00035549240000000003
1599.0;0.0003218572
1600.0;0.00024465159999999996
1601.0;0.0002045324
1602.0;0.00018806208
1603.0;0.00017165720000000001
1604.0;0.00015566956000000003
1605.0;0.00012553162
1606.0;9.738033999999999e-05
1607.0;7.743706e-05
1608.0;6.400928000000001e-05
1609.0;5.7222599999999997e-05
1610.0;5.100444e-05
1611.0;4.493198e-05
1612.0;3.6249719999999994e-05
1613.0;3.8810759999999995e-05
1614.0;3.882324e-05
1615.0;4.016426e-05
1616.0;4.1507540000000005e-05
1617.0;4.4496620000000005e-05
1618.0;4.863221999999999e-05
1619.0;5.2269379999999997e-05
1620.0;5.5610020000000006e-05
1621.0;5.906878e-05
1622.0;6.243694000000001e-05
1623.0;6.550248e-05
1624.0;6.868534e-05
1625.0;7.198662e-05
1626.0;7.839884e-05
1627.0;8.680290000000001e-05
1628.0;9.539992e-05
1629.0;0.00010408454
1630.0;0.00011274731999999999
1631.0;0.0001223996
1632.0;0.0001329602
1633.0;0.00014353743999999998
1634.0;0.00015436416
1635.0;0.00016473802
1636.0;0.00017511976
1637.0;0.00018575028
1638.0;0.00019626936
1639.0;0.00020716820000000002
1640.0;0.0002180816
1641.0;0.00022939139999999996
1642.0;0.0002404652
1643.0;0.0002523388
1644.0;0.00026504379999999996
1645.0;0.00027807499999999997
1646.0;0.0002944648
1647.0;0.0003113134
1648.0;0.000328499
1649.0;0.0003458894
1650.0;0.00036378759999999995
1651.0;0.00038191420000000003
1652.0;0.0004005866
1653.0;0.00041951419999999997
1654.0;0.0004390302
1655.0;0.0004589994
1656.0;0.0004792722
1657.0;0.0005002085999999999
1658.0;0.0005270494000000001
1659.0;0.0005786795999999999
1660.0;0.000616258
1661.0;0.0006225708000000001
1662.0;0.0006236828000000001
1663.0;0.0006233866
1664.0;0.0006206800000000001
1665.0;0.0006268258000000001
1666.0;0.0006073502
1667.0;0.0005972357999999999
1668.0;0.00046009960000000004
1669.0;0.0003364426
1670.0;0.00022806579999999998
1671.0;0.00013170361999999999
1672.0;5.3063079999999995e-05
1673.0;3.273294e-05
1674.0;1.7664298e-05
1675.0;1.1073052e-05
1676.0;5.716525999999999e-06
1677.0;3.840864e-06
1678.0;0.0
1679.0;2.8581759999999998e-06
1680.0;3.6499059999999993e-06
1681.0;5.530528000000001e-06
1682.0;7.415548e-06
1683.0;1.0100954e-05
1684.0;1.3094723999999997e-05
1685.0;1.6099393999999997e-05
1686.0;1.9115172e-05
1687.0;2.264696e-05
1688.0;2.6701180000000003e-05
1689.0;3.0775340000000006e-05
1690.0;3.4664519999999995e-05
1691.0;3.7748860000000004e-05
1692.0;4.094802e-05
1693.0;4.374523999999999e-05
1694.0;4.530582e-05
1695.0;4.6557699999999996e-05
1696.0;4.438304e-05
1697.0;4.366264e-05
1698.0;4.283908e-05
1699.0;4.1292200000000004e-05
1700.0;3.974761999999999e-05
1701.0;3.83084e-05
1702.0;3.7282599999999994e-05
1703.0;3.625778e-05
1704.0;3.533648e-05
1705.0;3.43133e-05
1706.0;3.329092e-05
1707.0;3.237182e-05
1708.0;3.145346e-05
1709.0;3.053568e-05
1710.0;2.951654e-05
1711.0;2.8396159999999998e-05
1712.0;2.758258e-05
1713.0;2.8501900000000002e-05
1714.0;2.6160299999999998e-05
1715.0;2.60599e-05
1716.0;2.687552e-05
1717.0;2.7793979999999997e-05
1718.0;2.89178e-05
1719.0;2.994094e-05
1720.0;3.0760659999999996e-05
1721.0;3.158134e-05
1722.0;3.24028e-05
1723.0;3.312252e-05
1724.0;3.3945620000000004e-05
1725.0;3.4872519999999997e-05
1726.0;3.580062e-05
1727.0;3.672976e-05
1728.0;3.77633e-05
1729.0;3.86948e-05
1730.0;3.9627419999999994e-05
1731.0;4.056114e-05
1732.0;4.1807399999999995e-05
1733.0;4.30557e-05
1734.0;4.430592e-05
1735.0;4.5558239999999996e-05
1736.0;4.670802e-05
1737.0;4.775494e-05
1738.0;4.880328e-05
1739.0;4.985304e-05
1740.0;5.100927999999999e-05
1741.0;5.1956879999999996e-05
1742.0;5.3010920000000006e-05
1743.0;5.396097999999999e-05
1744.0;5.512336e-05
1745.0;5.607601999999999e-05
1746.0;5.71357e-05
1747.0;5.819686e-05
1748.0;5.915332e-05
1749.0;6.021722e-05
1750.0;6.11762e-05
1751.0;6.224292e-05
1752.0;6.320442e-05
1753.0;6.427394e-05
1754.0;6.534494e-05
1755.0;6.641743999999999e-05
1756.0;6.738416e-05
1757.0;6.835218e-05
1758.0;6.932136e-05
1759.0;7.050697999999999e-05
1760.0;7.158668e-05
1761.0;7.266788000000001e-05
1762.0;7.385872e-05
1763.0;7.515959999999999e-05
1764.0;7.624582e-05
1765.0;7.744215999999999e-05
1766.0;7.864036e-05
1767.0;7.984032e-05
1768.0;8.093314e-05
1769.0;8.20275e-05
1770.0;8.301405999999999e-05
1771.0;8.411138e-05
1772.0;8.521028e-05
1773.0;8.620091999999999e-05
1774.0;8.719291999999998e-05
1775.0;8.829622e-05
1776.0;8.973187999999999e-05
1777.0;9.094919999999999e-05
1778.0;9.238976e-05
1779.0;9.372220000000001e-05
1780.0;9.527884000000001e-05
1781.0;9.550456e-05
1782.0;9.473076e-05
1783.0;9.406824e-05
1784.0;9.329514e-05
1785.0;9.252246e-05
1786.0;9.186082e-05
1787.0;9.142074e-05
1788.0;9.098066e-05
1789.0;9.076172e-05
1790.0;9.054278e-05
1791.0;9.054477999999999e-05
1792.0;9.043616e-05
1793.0;9.076989999999999e-05
1794.0;9.110376000000001e-05
1795.0;9.143774000000001e-05
1796.0;9.188272e-05
1797.0;9.232783999999999e-05
1798.0;9.288422e-05
1799.0;9.332998e-05
1800.0;9.366486000000001e-05
1801.0;9.422220000000001e-05
1802.0;9.477993999999999e-05
1803.0;9.533814e-05
1804.0;9.578522e-05
1805.0;9.634412e-05
1806.0;9.690345999999998e-05
1807.0;9.757488e-05
1808.0;9.791154e-05
1809.0;9.824832e-05
1810.0;9.869704e-05
1811.0;9.903412e-05
1812.0;9.937134e-05
1813.0;9.98207e-05
1814.0;0.0001001582
1815.0;0.00010060805999999999
1816.0;0.0001009459
1817.0;0.00010139612
1818.0;0.00010184668
1819.0;0.0001022975
1820.0;0.00010263592
1821.0;0.00010319983999999999
1822.0;0.00010353871999999999
1823.0;0.00010410321999999999
1824.0;0.00010444245999999999
1825.0;0.00010489469999999998
1826.0;0.00010534726000000001
1827.0;0.00010580005999999999
1828.0;0.00010636626
1829.0;0.00010681968
1830.0;0.00010738662
1831.0;0.00010784064
1832.0;0.00010829484000000001
1833.0;0.00010886286
1834.0;0.00010931778000000001
1835.0;0.00010988655999999998
1836.0;0.00011034207999999999
1837.0;0.00011102554
1838.0;0.00011148172
1839.0;0.00011205218
1840.0;0.0001123948
1841.0;0.00011296592
1842.0;0.00011365182
1843.0;0.00011433834
1844.0;0.00011514004
1845.0;0.00011594262
1846.0;0.00011663124
1847.0;0.00011732052
1848.0;0.00011801044
1849.0;0.00011870098
1850.0;0.00011939216
1851.0;0.00012019934
1852.0;0.00012089189999999999
1853.0;0.00012158513999999999
1854.0;0.00012239468
1855.0;0.00012308932
1856.0;0.00012378458
1857.0;0.00012448051999999998
1858.0;0.000125061
1859.0;0.00012587434
1860.0;0.00012657225999999997
1861.0;0.00012680517999999998
1862.0;0.0001266891
1863.0;0.0001265729
1864.0;0.00012645658
1865.0;0.00012634018
1866.0;0.00012703854
1867.0;0.00012773751999999998
1868.0;0.00012832057999999998
1869.0;0.00012902078
1870.0;0.00012948784
1871.0;0.0001294877
1872.0;0.00012948742
1873.0;0.00012937016
1874.0;0.00012936970000000002
1875.0;0.00012948602
1876.0;0.00012936842000000001
1877.0;0.00012925074
1878.0;0.00012936677999999998
1879.0;0.00012948286
1880.0;0.00012971592
1881.0;0.00012994897999999997
1882.0;0.00013018208000000001
1883.0;0.00013041531999999999
1884.0;0.00013053126000000002
1885.0;0.00013064712
1886.0;0.00013099762
1887.0;0.00013123083999999998
1888.0;0.00013158153999999998
1889.0;0.00013181490000000002
1890.0;0.00013216584
1891.0;0.00013239941999999998
1892.0;0.00013275052
1893.0;0.00013298415999999998
1894.0;0.0001333355
1895.0;0.00013368704
1896.0;0.00013392093999999998
1897.0;0.00013427264
1898.0;0.00013450668
1899.0;0.00013485859999999998
1900.0;0.00013532891999999997
1901.0;0.00013591770000000001
1902.0;0.00013650699999999999
1903.0;0.00013721516
1904.0;0.00013780546
1905.0;0.0001385149
1906.0;0.00013910622
1907.0;0.000139817
1908.0;0.0001402904
1909.0;0.00014088318
1910.0;0.00014147654
1911.0;0.00014207026000000002
1912.0;0.00014242585999999998
1913.0;0.00014266228
1914.0;0.00014301817999999998
1915.0;0.00014325472
1916.0;0.00014349126
1917.0;0.00014420628
1918.0;0.00014468258
1919.0;0.00014527889999999997
1920.0;0.00014599568
1921.0;0.00014719344
1922.0;0.00014839305999999998
1923.0;0.00014959466
1924.0;0.00015079811999999998
1925.0;0.00015321271999999998
1926.0;0.00015563469999999998
1927.0;0.00015684766
1928.0;0.00015733242
1929.0;0.0001578176
1930.0;0.00015769426
1931.0;0.00015744906
1932.0;0.00015671727999999998
1933.0;0.00015586411999999998
1934.0;0.00015513304
1935.0;0.00015440219999999998
1936.0;0.00015391424
1937.0;0.00015306274
1938.0;0.00015245386
1939.0;0.00015184518
1940.0;0.00015111566000000002
1941.0;0.00015038654
1942.0;0.0001502619
1943.0;0.00015001628
1944.0;0.0001498914
1945.0;0.00014988737999999997
1946.0;0.00015024602
1947.0;0.00015072582000000002
1948.0;0.00015120596
1949.0;0.00015180764
1950.0;0.00015228852000000003
1951.0;0.00015240556
1952.0;0.00015227988000000002
1953.0;0.00015215406
1954.0;0.00015287796
1955.0;0.000153481
1956.0;0.00015420627999999999
1957.0;0.00015481052
1958.0;0.00015541518000000001
1959.0;0.00015528875999999998
1960.0;0.00015516218000000002
1961.0;0.00015515744
1962.0;0.00015551838
1963.0;0.00015575759999999998
1964.0;0.00015599676000000001
1965.0;0.00015635815999999998
1966.0;0.0001570864
1967.0;0.000157693
1968.0;0.00015842261999999998
1969.0;0.00015915298
1970.0;0.00016000686
1971.0;0.0001604931
1972.0;0.00016122558
1973.0;0.00016195878
1974.0;0.0001625695
1975.0;0.00016330412
1976.0;0.00016403944
1977.0;0.00016465194
1978.0;0.00016538864
1979.0;0.00016600242
1980.0;0.00016674054
1981.0;0.00016735536
1982.0;0.0001679708
1983.0;0.0001685867
1984.0;0.00016920314
1985.0;0.00016982022
1986.0;0.00017043771999999998
1987.0;0.00017118040000000003
1988.0;0.0001717991
1989.0;0.00017229352
1990.0;0.00017291316
1991.0;0.00017353338
1992.0;0.00017402899999999997
1993.0;0.00017077565999999998
1994.0;0.00016728489999999997
1995.0;0.00016393068
1996.0;0.00016058832
1997.0;0.00015750346
1998.0;0.00015406108
1999.0;0.00015075317999999998
2000.0;0.00014745682
2001.0;0.00014732593999999997
2002.0;0.0001471949
2003.0;0.00014755001999999998
2004.0;0.00014790532
2005.0;0.00014813906
2006.0;0.0001483728
2007.0;0.00014860662
2008.0;0.00014896238000000001
2009.0;0.0001494402
2010.0;0.00014979636
2011.0;0.00015039704
2012.0;0.00015099812000000002
2013.0;0.00015147740000000001
2014.0;0.00015183458
2015.0;0.00015243692
2016.0;0.00015291708
2017.0;0.00015388856
2018.0;0.00015461552
2019.0;0.00015546621999999998
2020.0;0.00015607164000000002
2021.0;0.00015717062
2022.0;0.00015827128
2023.0;0.00015937356
2024.0;0.00016047746
2025.0;0.00016158304
2026.0;0.00016256615999999999
2027.0;0.00016342622
2028.0;0.00016416302
2029.0;0.00016514956
2030.0;0.0001658881
2031.0;0.00016675218
2032.0;0.00016761738
2033.0;0.00016823334
2034.0;0.0001688498
2035.0;0.00016946688
2036.0;0.00017008443999999998
2037.0;0.00017082814
2038.0;0.00017119565999999998
2039.0;0.0001718147
2040.0;0.00017256024
2041.0;0.00017305464
2042.0;0.00017405363999999999
2043.0;0.00017429674
2044.0;0.00017491862
2045.0;0.00017554098
2046.0;0.00017603752
2047.0;0.00017666090000000001
2048.0;0.00017728486
2049.0;0.00017790946
2050.0;0.00017853453999999998
2051.0;0.00017916018
2052.0;0.00017978647999999998
2053.0;0.00018041322
2054.0;0.00018116796
2055.0;0.00018141354000000002
2056.0;0.00018140424
2057.0;0.00018164983999999999
2058.0;0.00018164036
2059.0;0.00018175838000000002
2060.0;0.00018187642
2061.0;0.00018212202
2062.0;0.00018223993999999999
2063.0;0.00018235794
2064.0;0.0001824758
2065.0;0.00018259369999999999
2066.0;0.00018271152
2067.0;0.00018282938
2068.0;0.00018281916
2069.0;0.0001829369
2070.0;0.00018305453999999997
2071.0;0.00018317222
2072.0;0.0001832898
2073.0;0.00018340742
2074.0;0.00018352496
2075.0;0.00018389886
2076.0;0.00018414469999999999
2077.0;0.00018477566
2078.0;0.00018515026
2079.0;0.00018539649999999998
2080.0;0.0001857714
2081.0;0.00018627527999999998
2082.0;0.00018665066
2083.0;0.00018715506000000002
2084.0;0.00018753094
2085.0;0.00018803606
2086.0;0.00018854159999999998
2087.0;0.00018891812
2088.0;0.00018929494
2089.0;0.00018967196
2090.0;0.00019004918
2091.0;0.0001905562
2092.0;0.00019093387999999996
2093.0;0.00019131172
2094.0;0.00019168982
2095.0;0.00019206812
2096.0;0.00019244668000000003
2097.0;0.0001928254
2098.0;0.00019333443999999998
2099.0;0.00019371358
2100.0;0.00019409302000000003
2101.0;0.00019434234000000001
2102.0;0.00019472201999999998
2103.0;0.00019510198000000003
2104.0;0.00019548214
2105.0;0.00019586254
2106.0;0.00019624309999999998
2107.0;0.00019662392000000003
2108.0;0.00019700491999999998
2109.0;0.00019738612
2110.0;0.00019789850000000002
2111.0;0.00019814908
2112.0;0.00019853092000000002
2113.0;0.0001987817
2114.0;0.00019903264000000002
2115.0;0.00019941483999999998
2116.0;0.00019966590000000003
2117.0;0.00020004860000000002
2118.0;0.00020029979999999995
2119.0;0.0002006828
2120.0;0.000201066
2121.0;0.0002014494
2122.0;0.00020170120000000003
2123.0;0.000202085
2124.0;0.000202469
2125.0;0.000202721
2126.0;0.00020310520000000002
2127.0;0.0002033576
2128.0;0.00020360999999999998
2129.0;0.0002039948
2130.0;0.0002042472
2131.0;0.0002046324
2132.0;0.00020488520000000004
2133.0;0.00020513800000000003
2134.0;0.00020539099999999997
2135.0;0.0002057768
2136.0;0.00020603
2137.0;0.00020628320000000004
2138.0;0.0002065364
2139.0;0.000206923
2140.0;0.0002071764
2141.0;0.00020743
2142.0;0.00020768360000000003
2143.0;0.0002078042
2144.0;0.0002080578
2145.0;0.000208712
2146.0;0.00020909959999999999
2147.0;0.000209621
2148.0;0.00021014299999999998
2149.0;0.00021066540000000002
2150.0;0.00021118800000000004
2151.0;0.00021184520000000002
2152.0;0.0002122346
2153.0;0.00021289299999999997
2154.0;0.000213283
2155.0;0.0002139424
2156.0;0.00021433299999999998
2157.0;0.0002148586
2158.0;0.0002153846
2159.0;0.00021591120000000001
2160.0;0.00021643800000000003
2161.0;0.00021710040000000002
2162.0;0.0002174928
2163.0;0.00021815639999999998
2164.0;0.0002185496
2165.0;0.000219214
2166.0;0.00021960779999999997
2167.0;0.000220002
2168.0;0.00022039639999999998
2169.0;0.000220655
2170.0;0.00022091359999999998
2171.0;0.0002211724
2172.0;0.00022143139999999996
2173.0;0.0002216904
2174.0;0.0002218134
2175.0;0.0002220724
2176.0;0.0002223316
2177.0;0.0002225908
2178.0;0.00022285019999999998
2179.0;0.0002231098
2180.0;0.0002232326
2181.0;0.0002234922
2182.0;0.000223752
2183.0;0.0002240116
2184.0;0.00022427139999999995
2185.0;0.00022453139999999998
2186.0;0.00022479139999999996
2187.0;0.0002250514
2188.0;0.0002253116
2189.0;0.00022557199999999995
2190.0;0.00022583220000000002
2191.0;0.00022609260000000002
2192.0;0.0002263532
2193.0;0.0002267512
2194.0;0.00022701179999999997
2195.0;0.00022741039999999997
2196.0;0.0002279466
2197.0;0.00022834560000000004
2198.0;0.00022874459999999998
2199.0;0.00022914420000000001
2200.0;0.00022954380000000002
2201.0;0.0002299438
2202.0;0.000230344
2203.0;0.00023088280000000002
2204.0;0.00023128339999999996
2205.0;0.0002316844
2206.0;0.0002320856
2207.0;0.00023248720000000004
2208.0;0.00023302759999999998
2209.0;0.000233291
2210.0;0.00023355419999999998
2211.0;0.00023395660000000002
2212.0;0.00023422020000000003
2213.0;0.00023504059999999996
2214.0;0.0002357226
2215.0;0.00023654459999999998
2216.0;0.0002373678
2217.0;0.0002383316
2218.0;0.000239017
2219.0;0.00023998320000000002
2220.0;0.0002408104
2221.0;0.00024163859999999998
2222.0;0.00024246799999999997
2223.0;0.00024329819999999996
2224.0;0.0002439886
2225.0;0.00024482059999999996
2226.0;0.0002455126
2227.0;0.00024634660000000003
2228.0;0.00024704020000000003
2229.0;0.00024773439999999997
2230.0;0.0002484292
2231.0;0.000249409
2232.0;0.00025038999999999997
2233.0;0.0002512298
2234.0;0.00025221339999999997
2235.0;0.0002531984
2236.0;0.0002541846
2237.0;0.00025517240000000004
2238.0;0.0002563048
2239.0;0.00025715199999999997
2240.0;0.00025800039999999996
2241.0;0.0002588498
2242.0;0.0002595562
2243.0;0.00026040760000000003
2244.0;0.0002611158
2245.0;0.000261969
2246.0;0.0002626788
2247.0;0.000263534
2248.0;0.00026424559999999996
2249.0;0.00026510279999999997
2250.0;0.000265816
2251.0;0.0002666752
2252.0;0.00026739000000000005
2253.0;0.000268397
2254.0;0.0002691136
2255.0;0.000269831
2256.0;0.00027040319999999997
2257.0;0.0002709758
2258.0;0.0002715488
2259.0;0.00027212240000000005
2260.0;0.0002726966
2261.0;0.0002732712
2262.0;0.00027384640000000003
2263.0;0.000274422
2264.0;0.0002749982
2265.0;0.000275575
2266.0;0.0002760048
2267.0;0.0002765824
2268.0;0.00027716059999999997
2269.0;0.0002777392
2270.0;0.00027831840000000003
2271.0;0.00027889799999999997
2272.0;0.0002794782
2273.0;0.0002802072
2274.0;0.0002806402
2275.0;0.00028107359999999994
2276.0;0.0002815072
2277.0;0.0002819412
2278.0;0.0002823756
2279.0;0.00028281
2280.0;0.00028309600000000004
2281.0;0.00028353099999999995
2282.0;0.0002839664
2283.0;0.000284402
2284.0;0.00028483800000000004
2285.0;0.0002854238
2286.0;0.0002855614
2287.0;0.00028599799999999993
2288.0;0.00028643520000000005
2289.0;0.00028687259999999996
2290.0;0.00028716040000000004
2291.0;0.0002875981999999999
2292.0;0.0002880364
2293.0;0.00028847499999999995
2294.0;0.00028876360000000003
2295.0;0.0002892026
2296.0;0.00028964179999999993
2297.0;0.00028993099999999995
2298.0;0.0002902202
2299.0;0.0002906602
2300.0;0.00029079899999999995
2301.0;0.0002912394
2302.0;0.0002915292
2303.0;0.0002918192
2304.0;0.0002921092
2305.0;0.00029255059999999997
2306.0;0.00029284099999999996
2307.0;0.00029313159999999996
2308.0;0.0002934222
2309.0;0.000293713
2310.0;0.000294004
2311.0;0.00029444679999999997
2312.0;0.00029473799999999996
2313.0;0.00029502940000000007
2314.0;0.00029532079999999996
2315.0;0.0002956124
2316.0;0.0002959042
2317.0;0.0002963484
2318.0;0.00029664059999999997
2319.0;0.000296933
2320.0;0.0002970728
2321.0;0.00029736519999999997
2322.0;0.0002975052
2323.0;0.0002976452
2324.0;0.0002977852
2325.0;0.000298078
2326.0;0.000298218
2327.0;0.000298358
2328.0;0.00029849799999999996
2329.0;0.00029879120000000003
2330.0;0.0002989312
2331.0;0.0002990714
2332.0;0.0002992114
2333.0;0.00029950479999999997
2334.0;0.00029964499999999997
2335.0;0.0002999384
2336.0;0.00030007879999999996
2337.0;0.000300219
2338.0;0.0003003592
2339.0;0.0003004994
2340.0;0.00030048600000000004
2341.0;0.00030047240000000006
2342.0;0.0003003052
2343.0;0.00030029140000000003
2344.0;0.0003001238
2345.0;0.00030010999999999997
2346.0;0.0002999422
2347.0;0.0002999282
2348.0;0.00029976020000000006
2349.0;0.00029974600000000004
2350.0;0.0002995778
2351.0;0.00029956339999999995
2352.0;0.0002995488
2353.0;0.0002995342
2354.0;0.0002993658
2355.0;0.00029919699999999996
2356.0;0.0002990282
2357.0;0.0002987054
2358.0;0.00029822880000000005
2359.0;0.000297906
2360.0;0.0002974292
2361.0;0.0002971062
2362.0;0.00029662940000000005
2363.0;0.0002963064
2364.0;0.00029598320000000006
2365.0;0.0002956598
2366.0;0.00029533639999999997
2367.0;0.0002951664
2368.0;0.00029499640000000003
2369.0;0.0002951334
2370.0;0.0002952702
2371.0;0.00029540720000000004
2372.0;0.000295544
2373.0;0.00029583480000000003
2374.0;0.00029597179999999996
2375.0;0.0002962628
2376.0;0.0002963998
2377.0;0.00029684499999999995
2378.0;0.0002971362
2379.0;0.000297582
2380.0;0.0002978738
2381.0;0.00029832
2382.0;0.00029861199999999997
2383.0;0.00029890419999999997
2384.0;0.000299042
2385.0;0.0002991796
2386.0;0.0002993172
2387.0;0.00029945479999999994
2388.0;0.00029959240000000003
2389.0;0.00029973
2390.0;0.00029986779999999994
2391.0;0.0003000052
2392.0;0.0003001428
2393.0;0.0003002806
2394.0;0.000300263
2395.0;0.00030040059999999997
2396.0;0.00030053820000000006
2397.0;0.0003006758
2398.0;0.0003008134
2399.0;0.00030095100000000004
2400.0;0.00030108859999999996
2401.0;0.0003012262
2402.0;0.0003013638
2403.0;0.0003015016
2404.0;0.0003014834
2405.0;0.0003014652
2406.0;0.0003014468
2407.0;0.00030142839999999993
2408.0;0.00030141
2409.0;0.00030139140000000006
2410.0;0.0003013728
2411.0;0.00030135400000000004
2412.0;0.00030133540000000004
2413.0;0.00030131640000000007
2414.0;0.00030129759999999995
2415.0;0.00030143459999999993
2416.0;0.0003015716
2417.0;0.0003013964
2418.0;0.0003015334
2419.0;0.000301358
2420.0;0.0003013386
2421.0;0.000301319
2422.0;0.0003012995999999999
2423.0;0.00030127999999999996
2424.0;0.000301104
2425.0;0.00030108420000000003
2426.0;0.0003010642
2427.0;0.0003010442
2428.0;0.0003010242
2429.0;0.00030100399999999995
2430.0;0.000300984
2431.0;0.0003009636
2432.0;0.00030094340000000005
2433.0;0.00030092279999999996
2434.0;0.0003009024
2435.0;0.00030088179999999997
2436.0;0.000300861
2437.0;0.00030084040000000005
2438.0;0.00030066279999999994
2439.0;0.000300642
2440.0;0.00030062100000000005
2441.0;0.00030059980000000003
2442.0;0.00030042179999999994
2443.0;0.00030040059999999997
2444.0;0.0003002224
2445.0;0.0003000442
2446.0;0.0002998658
2447.0;0.00029984419999999997
2448.0;0.00029966559999999995
2449.0;0.00029948679999999996
2450.0;0.000299308
2451.0;0.000299286
2452.0;0.000299107
2453.0;0.00029908459999999996
2454.0;0.0002989054
2455.0;0.000298726
2456.0;0.0002985466
2457.0;0.00029852399999999994
2458.0;0.00029834440000000006
2459.0;0.00029816459999999995
2460.0;0.00029798459999999993
2461.0;0.0002979616
2462.0;0.0002977816
2463.0;0.0002976014
2464.0;0.000297421
2465.0;0.00029739740000000005
2466.0;0.000297217
2467.0;0.0002971934
2468.0;0.00029701259999999997
2469.0;0.00029683179999999995
2470.0;0.00029665080000000003
2471.0;0.00029662680000000003
2472.0;0.0002964456
2473.0;0.00029626440000000005
2474.0;0.00029608299999999994
2475.0;0.0002960586
2476.0;0.000295877
2477.0;0.0002958524
2478.0;0.0002956705999999999
2479.0;0.00029580300000000003
2480.0;0.00029577800000000007
2481.0;0.0002959104
2482.0;0.0002960426
2483.0;0.000296175
2484.0;0.00029615
2485.0;0.0002962822
2486.0;0.0002962572
2487.0;0.00029638920000000005
2488.0;0.0002965216
2489.0;0.0002966538
2490.0;0.0002964708
2491.0;0.0002966028
2492.0;0.00029657740000000004
2493.0;0.0002967094
2494.0;0.00029684140000000003
2495.0;0.0002969736
2496.0;0.0002969478
2497.0;0.0002970798
2498.0;0.000297054
2499.0;0.000297186
2500.0;0.00029716
2501.0;0.000297292
2502.0;0.00029726579999999996
2503.0;0.0002973978
2504.0;0.0002975296
2505.0;0.00029766160000000005
2506.0;0.0002977936
2507.0;0.0002979256
2508.0;0.00029805759999999994
2509.0;0.0002983482
2510.0;0.00029848040000000003
2511.0;0.0002986124
2512.0;0.0002987444
2513.0;0.00029887659999999994
2514.0;0.00029900879999999997
2515.0;0.00029945879999999995
2516.0;0.000299591
2517.0;0.0002995642
2518.0;0.0002996964
2519.0;0.00029982880000000003
2520.0;0.000299961
2521.0;0.0003000932
2522.0;0.0003002254
2523.0;0.00030051719999999994
2524.0;0.0003006496
2525.0;0.0003009414
2526.0;0.0003010738
2527.0;0.00030136599999999996
2528.0;0.00030165840000000003
2529.0;0.000301951
2530.0;0.00030208359999999996
2531.0;0.0003023764
2532.0;0.00030266920000000005
2533.0;0.0003029622
2534.0;0.00030325539999999997
2535.0;0.0003037094
2536.0;0.00030384240000000005
2537.0;0.00030397540000000003
2538.0;0.00030426920000000004
2539.0;0.0003045632
2540.0;0.00030485719999999997
2541.0;0.0003051514
2542.0;0.0003052848
2543.0;0.0003052572
2544.0;0.00030522940000000004
2545.0;0.0003052016
2546.0;0.0003050124
2547.0;0.00030498459999999994
2548.0;0.0003049564
2549.0;0.00030492820000000006
2550.0;0.0003047388
2551.0;0.00030471040000000006
2552.0;0.00030468179999999995
2553.0;0.0003046534
2554.0;0.00030462480000000003
2555.0;0.0003045962
2556.0;0.000304406
2557.0;0.0003043772
2558.0;0.0003043482
2559.0;0.0003043192
2560.0;0.0003041288
2561.0;0.00030409959999999994
2562.0;0.0003040702
2563.0;0.000304041
2564.0;0.00030385000000000004
2565.0;0.00030382040000000003
2566.0;0.00030379079999999996
2567.0;0.000303761
2568.0;0.00030373140000000004
2569.0;0.0003038632
2570.0;0.0003039952
2571.0;0.00030412699999999996
2572.0;0.000304097
2573.0;0.00030422880000000003
2574.0;0.0003043608
2575.0;0.0003044926
2576.0;0.00030462459999999996
2577.0;0.0003045944
2578.0;0.0003044018
2579.0;0.0003042092
2580.0;0.0003038546
2581.0;0.0003036618
2582.0;0.000303469
2583.0;0.00030327600000000006
2584.0;0.0003030828
2585.0;0.00030288959999999997
2586.0;0.0003026962
2587.0;0.00030250279999999996
2588.0;0.00030230940000000004
2589.0;0.0003021156
2590.0;0.00030192199999999993
2591.0;0.00030188999999999997
2592.0;0.000301696
2593.0;0.0003016642
2594.0;0.00030146999999999997
2595.0;0.00030143799999999996
2596.0;0.00030124359999999996
2597.0;0.00030104919999999997
2598.0;0.00030085459999999996
2599.0;0.00030082220000000003
2600.0;0.0003006272
2601.0;0.0003005946
2602.0;0.00030039959999999996
2603.0;0.0003006912
2604.0;0.0003008208
2605.0;0.00030095040000000005
2606.0;0.00030108
2607.0;0.0003013722
2608.0;0.0003015018
2609.0;0.00030179420000000005
2610.0;0.00030192399999999996
2611.0;0.00030221659999999994
2612.0;0.0003023464
2613.0;0.00030263940000000003
2614.0;0.0003027692
2615.0;0.0003030624
2616.0;0.0003033558
2617.0;0.00030364940000000005
2618.0;0.00030394299999999993
2619.0;0.0003042368
2620.0;0.0003045308
2621.0;0.000304825
2622.0;0.00030511940000000005
2623.0;0.00030541399999999995
2624.0;0.0003057086
2625.0;0.00030600340000000003
2626.0;0.0003062984
2627.0;0.00030659359999999996
2628.0;0.00030688920000000004
2629.0;0.00030718479999999995
2630.0;0.0003074804
2631.0;0.0003077764
2632.0;0.00030807240000000003
2633.0;0.0003082038
2634.0;0.00030833520000000004
2635.0;0.00030879659999999995
2636.0;0.00030892820000000005
2637.0;0.0003088946
2638.0;0.0003090262
2639.0;0.0003091576
2640.0;0.00030928920000000004
2641.0;0.00030958639999999996
2642.0;0.0003097178
2643.0;0.00030984959999999994
2644.0;0.00030998120000000004
2645.0;0.00031027880000000004
2646.0;0.00031057640000000004
2647.0;0.000310874
2648.0;0.00031117199999999997
2649.0;0.00031147020000000007
2650.0;0.00031176859999999996
2651.0;0.00031206699999999997
2652.0;0.00031236579999999994
2653.0;0.0003126645999999999
2654.0;0.0003127972
2655.0;0.00031309619999999997
2656.0;0.00031339559999999994
2657.0;0.000313695
2658.0;0.00031399479999999995
2659.0;0.00031429459999999994
2660.0;0.00031459459999999995
2661.0;0.00031489479999999997
2662.0;0.0003151952
2663.0;0.0003154958
2664.0;0.0003157966
2665.0;0.0003160976
2666.0;0.000316231
2667.0;0.0003163646
2668.0;0.000316498
2669.0;0.00031663139999999997
2670.0;0.000316765
2671.0;0.00031689859999999996
2672.0;0.0003170322
2673.0;0.0003171658
2674.0;0.0003172994
2675.0;0.000317433
2676.0;0.0003175668
2677.0;0.00031770040000000005
2678.0;0.0003178342
2679.0;0.00031796779999999995
2680.0;0.0003181016
2681.0;0.0003182355999999999
2682.0;0.0003183694
2683.0;0.00031850320000000005
2684.0;0.00031863700000000003
2685.0;0.00031877100000000003
2686.0;0.0003189048
2687.0;0.0003190388
2688.0;0.00031900359999999993
2689.0;0.0003191376
2690.0;0.0003192716
2691.0;0.0003195748
2692.0;0.00031970900000000005
2693.0;0.0003200124
2694.0;0.0003201466
2695.0;0.0003204504
2696.0;0.0003205848
2697.0;0.00032088899999999993
2698.0;0.0003211932
2699.0;0.0003213278
2700.0;0.0003216324
2701.0;0.00032193720000000007
2702.0;0.00032207179999999995
2703.0;0.00032237700000000005
2704.0;0.00032251180000000005
2705.0;0.00032281720000000005
2706.0;0.00032295219999999995
2707.0;0.0003232578
2708.0;0.0003233928
2709.0;0.00032369880000000003
2710.0;0.0003238342
2711.0;0.0003241404
2712.0;0.0003242756
2713.0;0.0003245822
2714.0;0.00032488899999999997
2715.0;0.000325196
2716.0;0.0003253316
2717.0;0.0003254672
2718.0;0.000325603
2719.0;0.0003257388
2720.0;0.0003258744
2721.0;0.00032601040000000003
2722.0;0.0003261462
2723.0;0.000326282
2724.0;0.00032641779999999996
2725.0;0.0003265538
2726.0;0.0003265176
2727.0;0.0003266535999999999
2728.0;0.0003267894
2729.0;0.0003269254
2730.0;0.0003270614
2731.0;0.0003271974
2732.0;0.0003273336
2733.0;0.0003274696
2734.0;0.00032760579999999997
2735.0;0.0003277418
2736.0;0.0003278782
2737.0;0.00032801440000000004
2738.0;0.00032797759999999995
2739.0;0.0003281138
2740.0;0.0003282502
2741.0;0.00032838640000000004
2742.0;0.0003285225999999999
2743.0;0.000328659
2744.0;0.0003287954
2745.0;0.0003289318
2746.0;0.00032906820000000003
2747.0;0.0003292046
2748.0;0.0003291674000000001
2749.0;0.000329304
2750.0;0.000329267
2751.0;0.00032922959999999994
2752.0;0.0003291922
2753.0;0.00032915479999999996
2754.0;0.00032911740000000006
2755.0;0.00032907979999999997
2756.0;0.0003290422
2757.0;0.00032917840000000004
2758.0;0.0003291408
2759.0;0.000329103
2760.0;0.00032906499999999997
2761.0;0.00032902720000000003
2762.0;0.00032898920000000003
2763.0;0.000328951
2764.0;0.000328913
2765.0;0.000329049
2766.0;0.00032901059999999996
2767.0;0.0003289724
2768.0;0.00032893399999999996
2769.0;0.0003290698
2770.0;0.0003292058
2771.0;0.0003293418
2772.0;0.0003293032
2773.0;0.0003294392
2774.0;0.0003295752
2775.0;0.00032971119999999996
2776.0;0.0003296724
2777.0;0.00032980859999999994
2778.0;0.00032994459999999997
2779.0;0.0003300808
2780.0;0.000330217
2781.0;0.00033035320000000004
2782.0;0.000330314
2783.0;0.00033062559999999996
2784.0;0.0003307618
2785.0;0.0003310738
2786.0;0.00033138579999999996
2787.0;0.000331698
2788.0;0.0003320104
2789.0;0.0003323232
2790.0;0.000332636
2791.0;0.0003329492
2792.0;0.00033326240000000005
2793.0;0.00033357600000000003
2794.0;0.0003338897999999999
2795.0;0.0003342035999999999
2796.0;0.00033451779999999994
2797.0;0.000335009
2798.0;0.00033514699999999994
2799.0;0.00033546179999999995
2800.0;0.0003357768
2801.0;0.00033609199999999997
2802.0;0.0003364076
2803.0;0.0003367232
2804.0;0.00033703920000000004
2805.0;0.0003373552
2806.0;0.00033767160000000004
2807.0;0.00033798819999999996
2808.0;0.000338305
2809.0;0.000338622
2810.0;0.0003389394
2811.0;0.00033925679999999997
2812.0;0.00033957439999999996
2813.0;0.00033989240000000003
2814.0;0.00034021059999999996
2815.0;0.00034052899999999995
2816.0;0.0003408474
2817.0;0.00034116640000000003
2818.0;0.0003413062
2819.0;0.0003416254
2820.0;0.0003419448
2821.0;0.00034226440000000003
2822.0;0.0003425842
2823.0;0.0003429042
2824.0;0.0003432246
2825.0;0.00034354519999999996
2826.0;0.0003438658
2827.0;0.0003441868
2828.0;0.000344508
2829.0;0.0003448294
2830.0;0.0003451512
2831.0;0.0003458342
2832.0;0.0003461564
2833.0;0.00034665980000000003
2834.0;0.00034698279999999997
2835.0;0.000347487
2836.0;0.0003478105999999999
2837.0;0.0003483156
2838.0;0.0003486396
2839.0;0.00034914559999999997
2840.0;0.00034947040000000003
2841.0;0.0003499772
2842.0;0.0003503024
2843.0;0.00035081
2844.0;0.00035131820000000005
2845.0;0.00035182679999999996
2846.0;0.0003521534
2847.0;0.0003526627999999999
2848.0;0.00035299
2849.0;0.00035350040000000006
2850.0;0.00035382820000000006
2851.0;0.00035415619999999996
2852.0;0.00035448440000000004
2853.0;0.0003548128
2854.0;0.000354958
2855.0;0.0003551032
2856.0;0.00035524840000000004
2857.0;0.00035539359999999995
2858.0;0.000355539
2859.0;0.00035568439999999997
2860.0;0.0003558298
2861.0;0.0003559752
2862.0;0.00035612080000000003
2863.0;0.0003562664
2864.0;0.000356412
2865.0;0.00035655759999999996
2866.0;0.0003567034
2867.0;0.0003568492
2868.0;0.000356995
2869.0;0.00035714079999999993
2870.0;0.000357102
2871.0;0.0003572478
2872.0;0.0003573938
2873.0;0.000358095
2874.0;0.0003586118
2875.0;0.00035931440000000004
2876.0;0.0003600182
2877.0;0.00036090859999999994
2878.0;0.0003616142000000001
2879.0;0.0003623206
2880.0;0.000363028
2881.0;0.000363923
2882.0;0.0003646324
2883.0;0.00036534279999999995
2884.0;0.0003660538
2885.0;0.00036695359999999993
2886.0;0.00036766659999999993
2887.0;0.00036838079999999997
2888.0;0.00036909580000000006
2889.0;0.0003698118
2890.0;0.0003705286
2891.0;0.0003712464
2892.0;0.000371776
2893.0;0.0003723064
2894.0;0.000372837
2895.0;0.00037336840000000004
2896.0;0.0003739002
2897.0;0.00037443259999999994
2898.0;0.0003749656
2899.0;0.00037568940000000004
2900.0;0.00037641399999999994
2901.0;0.00037675840000000007
2902.0;0.000377294
2903.0;0.0003778298
2904.0;0.00037836640000000007
2905.0;0.0003789034
2906.0;0.0003794412
2907.0;0.00038017099999999995
2908.0;0.00038070979999999996
2909.0;0.00038124940000000004
2910.0;0.0003817894
2911.0;0.00038233019999999997
2912.0;0.00038287140000000004
2913.0;0.00038379859999999996
2914.0;0.00038453420000000003
2915.0;0.0003854637999999999
2916.0;0.00038639499999999994
2917.0;0.0003875212
2918.0;0.00038845559999999994
2919.0;0.0003893912
2920.0;0.00039032859999999994
2921.0;0.00039087759999999997
2922.0;0.0003912328
2923.0;0.0003911984
2924.0;0.0003911638
2925.0;0.0003911292
2926.0;0.00039089959999999993
2927.0;0.000390865
2928.0;0.0003906352
2929.0;0.0003904052
2930.0;0.0003901752
2931.0;0.0003901402
2932.0;0.00038990979999999997
2933.0;0.00038967959999999997
2934.0;0.0003894492
2935.0;0.0003892186
2936.0;0.000388988
2937.0;0.0003887572
2938.0;0.00038833140000000003
2939.0;0.0003881004
2940.0;0.0003876744
2941.0;0.0003874432
2942.0;0.000387017
2943.0;0.00038678559999999994
2944.0;0.000386554
2945.0;0.0003863224
2946.0;0.0003858958
2947.0;0.00038566399999999997
2948.0;0.00038523720000000004
2949.0;0.0003850052
2950.0;0.0003845784
2951.0;0.00038434600000000004
2952.0;0.00038411359999999993
2953.0;0.0003838812
2954.0;0.0003832592
2955.0;0.0003830265999999999
2956.0;0.0003827938
2957.0;0.00038256079999999994
2958.0;0.0003823278
2959.0;0.0003820948
2960.0;0.00038147239999999997
2961.0;0.00038123899999999996
2962.0;0.00038100559999999995
2963.0;0.0003807722
2964.0;0.0003805384
2965.0;0.0003803048
2966.0;0.0003800708
2967.0;0.000379837
2968.0;0.0003794082
2969.0;0.00037917420000000004
2970.0;0.0003789398
2971.0;0.0003787054
2972.0;0.000378471
2973.0;0.00037823640000000003
2974.0;0.0003780015999999999
2975.0;0.0003777667999999999
2976.0;0.00037753200000000003
2977.0;0.00037729679999999995
2978.0;0.0003768674
2979.0;0.000376632
2980.0;0.0003763968
2981.0;0.00037655040000000005
2982.0;0.000376704
2983.0;0.00037705259999999994
2984.0;0.0003774014
2985.0;0.0003777504
2986.0;0.00037809979999999996
2987.0;0.0003786448
2988.0;0.00037899499999999997
2989.0;0.00037934540000000004
2990.0;0.000379696
2991.0;0.000380047
2992.0;0.0003803982
2993.0;0.00038074980000000005
2994.0;0.0003811016
2995.0;0.0003814538
2996.0;0.0003818062
2997.0;0.00038235559999999995
2998.0;0.00038310259999999995
2999.0;0.0003836534
3000.0;0.0003844021999999999
3001.0;0.000385152
3002.0;0.0003859028
3003.0;0.00038665459999999994
3004.0;0.0003874074
3005.0;0.00038835979999999996
3006.0;0.000389115
3007.0;0.0003900702
3008.0;0.00039082759999999994
3009.0;0.00039178559999999995
3010.0;0.0003927449999999999
3011.0;0.00039370599999999996
3012.0;0.00039466859999999997
3013.0;0.00039563280000000004
3014.0;0.00039639780000000005
3015.0;0.0003973648
3016.0;0.0003983332
3017.0;0.0003993034
3018.0;0.0004002752
3019.0;0.00040124860000000003
3020.0;0.0004022234000000001
3021.0;0.00040319999999999993
3022.0;0.00040397499999999994
3023.0;0.0004045478
3024.0;0.00040512119999999995
3025.0;0.00040569520000000004
3026.0;0.00040647399999999993
3027.0;0.0004068454
3028.0;0.00040742160000000003
3029.0;0.0004079982
3030.0;0.00040857559999999993
3031.0;0.0004091536
3032.0;0.00040952759999999996
3033.0;0.00040990159999999994
3034.0;0.00041007079999999996
3035.0;0.0004102399999999999
3036.0;0.00041040939999999995
3037.0;0.00041057879999999993
3038.0;0.00041074840000000003
3039.0;0.0004111236
3040.0;0.00041129340000000005
3041.0;0.0004114634
3042.0;0.00041163339999999993
3043.0;0.00041180340000000006
3044.0;0.0004119736
3045.0;0.0004125566
3046.0;0.00041314020000000006
3047.0;0.0004137246
3048.0;0.0004143095999999999
3049.0;0.00041489540000000006
3050.0;0.00041548180000000004
3051.0;0.0004160688
3052.0;0.00041665659999999994
3053.0;0.000417245
3054.0;0.0004178342
3055.0;0.00041779899999999995
3056.0;0.0004175556
3057.0;0.00041731200000000003
3058.0;0.0004168602
3059.0;0.00041661640000000005
3060.0;0.00041616440000000004
3061.0;0.0004159204000000001
3062.0;0.0004154681999999999
3063.0;0.00041501600000000004
3064.0;0.0004145636
3065.0;0.00041431920000000003
3066.0;0.0004138666
3067.0;0.0004136220000000001
3068.0;0.0004135852
3069.0;0.0004133404
3070.0;0.0004135116
3071.0;0.00041368279999999996
3072.0;0.0004136457999999999
3073.0;0.00041381720000000004
3074.0;0.0004139885999999999
3075.0;0.00041416019999999997
3076.0;0.0004145404
3077.0;0.00041492099999999995
3078.0;0.00041530200000000004
3079.0;0.00041589259999999994
3080.0;0.00041648379999999994
3081.0;0.0004170756
3082.0;0.0004176682
3083.0;0.0004186816
3084.0;0.00041969679999999995
3085.0;0.0004207136
3086.0;0.00042152099999999995
3087.0;0.0004227524
3088.0;0.0004233514
3089.0;0.0004243746
3090.0;0.0004253996
3091.0;0.00042642619999999995
3092.0;0.00042745479999999997
3093.0;0.000428272
3094.0;0.00042909019999999993
3095.0;0.00043012359999999996
3096.0;0.00043115859999999994
3097.0;0.000431981
3098.0;0.0004330192
3099.0;0.0004334149999999999
3100.0;0.000433811
3101.0;0.0004342076
3102.0;0.00043460459999999994
3103.0;0.0004354326
3104.0;0.000435615
3105.0;0.00043601299999999996
3106.0;0.0004364116
3107.0;0.00043681060000000003
3108.0;0.00043720979999999993
3109.0;0.00043782580000000003
3110.0;0.0004384425999999999
3111.0;0.0004386266
3112.0;0.0004390275999999999
3113.0;0.0004394287999999999
3114.0;0.00043983059999999993
3115.0;0.0004404502
3116.0;0.0004408528
3117.0;0.0004412558
3118.0;0.00044165919999999997
3119.0;0.00044228119999999995
3120.0;0.00044268559999999994
3121.0;0.00044330879999999995
3122.0;0.00044371400000000005
3123.0;0.00044433859999999995
3124.0;0.000444964
3125.0;0.00044559
3126.0;0.0004457779999999999
3127.0;0.00044640519999999994
3128.0;0.0004470332
3129.0;0.000447662
3130.0;0.00044807120000000004
3131.0;0.00044870140000000005
3132.0;0.00044911159999999996
3133.0;0.00044974319999999997
3134.0;0.0004503754
3135.0;0.00045100839999999995
3136.0;0.0004514207999999999
3137.0;0.00045227700000000006
3138.0;0.0004524685999999999
3139.0;0.0004533266
3140.0;0.0004535186
3141.0;0.0004541558
3142.0;0.0004547938
3143.0;0.0004554326
3144.0;0.000455849
3145.0;0.0004564892
3146.0;0.0004571302
3147.0;0.00045777219999999997
3148.0;0.00045796659999999996
3149.0;0.0004586098
3150.0;0.00045925359999999995
3151.0;0.00045989819999999994
3152.0;0.00046054359999999993
3153.0;0.0004609648
3154.0;0.00046161179999999996
3155.0;0.00046248519999999996
3156.0;0.00046313379999999996
3157.0;0.0004637833999999999
3158.0;0.00046443379999999994
3159.0;0.0004650852
3160.0;0.00046573739999999995
3161.0;0.00046639019999999997
3162.0;0.00046704399999999996
3163.0;0.00046815400000000003
3164.0;0.00046880979999999994
3165.0;0.0004692385999999999
3166.0;0.00046989620000000004
3167.0;0.00047078300000000006
3168.0;0.0004712134
3169.0;0.00047187340000000007
3170.0;0.00047253439999999996
3171.0;0.0004734255999999999
3172.0;0.0004740886
3173.0;0.0004747522
3174.0;0.00047541660000000003
3175.0;0.00047608220000000003
3176.0;0.0004767484
3177.0;0.0004776468
3178.0;0.000478315
3179.0;0.00047921579999999996
3180.0;0.00047965420000000005
3181.0;0.00048032520000000005
3182.0;0.00048099719999999995
3183.0;0.00048190239999999996
3184.0;0.0004825762
3185.0;0.0004834842000000001
3186.0;0.00048416
3187.0;0.00048507060000000003
3188.0;0.00048574859999999997
3189.0;0.00048642739999999997
3190.0;0.0004871069999999999
3191.0;0.0004877878
3192.0;0.0004884694
3193.0;0.000489387
3194.0;0.0004900708
3195.0;0.0004909912
3196.0;0.0004914407999999999
3197.0;0.0004923636
3198.0;0.0004930512
3199.0;0.0004942136
3200.0;0.0004949036
3201.0;0.000495357
3202.0;0.0004960484
3203.0;0.000496979
3204.0;0.0004976728
3205.0;0.0004983674
3206.0;0.000499063
3207.0;0.0005002379999999999
3208.0;0.0005006964
3209.0;0.0005013950000000001
3210.0;0.0005023346
3211.0;0.0005030356000000001
3212.0;0.0005037374
3213.0;0.0005041994
3214.0;0.0005049028000000001
3215.0;0.0005058486
3216.0;0.0005065542000000001
3217.0;0.0005072608
3218.0;0.0005079684000000001
3219.0;0.000508677
3220.0;0.0005093866
3221.0;0.000510097
3222.0;0.0005108086
3223.0;0.0005115212
3224.0;0.0005122346
3225.0;0.000512949
3226.0;0.0005136644000000001
3227.0;0.0005146255999999999
3228.0;0.0005153434000000001
3229.0;0.000516062
3230.0;0.0005167818000000001
3231.0;0.0005177484
3232.0;0.0005182242
3233.0;0.0005189470000000001
3234.0;0.0005196708
3235.0;0.0005206426
3236.0;0.0005213686
3237.0;0.0005218482
3238.0;0.0005225760000000001
3239.0;0.000523553
3240.0;0.0005240345999999998
3241.0;0.0005247655999999999
3242.0;0.0005252486
3243.0;0.0005259814
3244.0;0.0005267149999999999
3245.0;0.0005274498
3246.0;0.0005281855999999999
3247.0;0.0005289224
3248.0;0.0005296604000000001
3249.0;0.0005303994
3250.0;0.0005311394
3251.0;0.0005323836
3252.0;0.0005336302
3253.0;0.0005348794
3254.0;0.0005361312
3255.0;0.0005373854000000001
3256.0;0.0005383883999999999
3257.0;0.0005399016
3258.0;0.0005411635999999999
3259.0;0.0005421729999999999
3260.0;0.0005434398
3261.0;0.000544709
3262.0;0.0005457246
3263.0;0.0005464852
3264.0;0.0005467330000000001
3265.0;0.0005472379999999999
3266.0;0.0005477438
3267.0;0.00054825
3268.0;0.0005487568
3269.0;0.0005495222
3270.0;0.0005497721999999999
3271.0;0.0005505392
3272.0;0.0005507897999999999
3273.0;0.000550782
3274.0;0.0005505154000000001
3275.0;0.0005502485999999999
3276.0;0.0005499815999999999
3277.0;0.0005494558000000001
3278.0;0.00054893
3279.0;0.0005486628
3280.0;0.0005483956
3281.0;0.0005481279999999999
3282.0;0.000547602
3283.0;0.0005473344
3284.0;0.0005470666
3285.0;0.0005462818000000001
3286.0;0.0005454972
3287.0;0.000544197
3288.0;0.0005423828000000001
3289.0;0.0005408281999999999
3290.0;0.0005392756
3291.0;0.0005377245999999999
3292.0;0.0005361754
3293.0;0.000534628
3294.0;0.0005328274000000001
3295.0;0.0005315386
3296.0;0.0005299965999999999
3297.0;0.0005282021999999999
3298.0;0.0005264105999999999
3299.0;0.0005251276
3300.0;0.0005233399999999999
3301.0;0.0005218074
3302.0;0.0005200244
3303.0;0.0005184956000000001
3304.0;0.0005169686
3305.0;0.0005154432
3306.0;0.0005131681999999999
3307.0;0.0005113974
3308.0;0.0005096292
3309.0;0.0005073654000000001
3310.0;0.0005053544
3311.0;0.0005028512
3312.0;0.0005001065999999999
3313.0;0.0004976151999999999
3314.0;0.0004951292
3315.0;0.0004919138
3316.0;0.0004889524
3317.0;0.00048551239999999993
3318.0;0.0004818414000000001
3319.0;0.0004781835999999999
3320.0;0.0004745388
3321.0;0.0004709072
3322.0;0.00046728820000000007
3323.0;0.0004636818
3324.0;0.0004600882
3325.0;0.00045650719999999994
3326.0;0.0004524685999999999
3327.0;0.0004489142
3328.0;0.00044513900000000005
3329.0;0.00044160980000000004
3330.0;0.0004378612
3331.0;0.0004343568
3332.0;0.0004308644
3333.0;0.0004276126
3334.0;0.0004245988
3335.0;0.00042159340000000003
3336.0;0.00041836999999999994
3337.0;0.00041538199999999995
3338.0;0.00041217759999999994
3339.0;0.00040920720000000004
3340.0;0.0004064688
3341.0;0.00040329099999999996
3342.0;0.0004001228
3343.0;0.0003971858
3344.0;0.0003942567999999999
3345.0;0.0003913358
3346.0;0.000388203
3347.0;0.00038507959999999996
3348.0;0.00038218359999999996
3349.0;0.00037842579999999994
3350.0;0.0003746817999999999
3351.0;0.00037095159999999994
3352.0;0.0003672348
3353.0;0.00036395939999999994
3354.0;0.00036005479999999995
3355.0;0.00035637740000000003
3356.0;0.0003527132
3357.0;0.00034906199999999997
3358.0;0.0003454238
3359.0;0.0003420074
3360.0;0.000338394
3361.0;0.0003347932
3362.0;0.00033120500000000005
3363.0;0.0003278352000000001
3364.0;0.00032427119999999996
3365.0;0.0003207194
3366.0;0.00031717979999999995
3367.0;0.0003138552
3368.0;0.00031033899999999997
3369.0;0.00030683459999999996
3370.0;0.0003033422
3371.0;0.0003000614
3372.0;0.00029679079999999996
3373.0;0.00029313340000000003
3374.0;0.00028968679999999994
3375.0;0.0002864486
3376.0;0.0002830238
3377.0;0.00027961040000000004
3378.0;0.0002762082
3379.0;0.0002730114
3380.0;0.0002696305999999999
3381.0;0.0002662605999999999
3382.0;0.0002627095999999999
3383.0;0.0002591706
3384.0;0.000255453
3385.0;0.0002517488
3386.0;0.0002480578
3387.0;0.0002443802
3388.0;0.00024071579999999996
3389.0;0.00023706439999999997
3390.0;0.0002336122
3391.0;0.0002298002
3392.0;0.0002261874
3393.0;0.000222403
3394.0;0.0002186326
3395.0;0.00021487600000000002
3396.0;0.00021113339999999996
3397.0;0.00020740419999999997
3398.0;0.00020386899999999997
3399.0;0.00019998647999999999
3400.0;0.00019629768000000003
3401.0;0.00019262209999999997
3402.0;0.00018878188000000001
3403.0;0.00018495616
3404.0;0.00018114468
3405.0;0.00017734745999999999
3406.0;0.00017356427999999999
3407.0;0.00016979506
3408.0;0.0001660398
3409.0;0.00016281643999999998
3410.0;0.00015943066
3411.0;0.0001569139
3412.0;0.00015440293999999997
3413.0;0.00015189752
3414.0;0.0001493977
3415.0;0.00014690348
3416.0;0.00014441464
3417.0;0.00014277736
3418.0;0.00014114215999999998
3419.0;0.00013967774
3420.0;0.00013821474
3421.0;0.00013675318
3422.0;0.0001352931
3423.0;0.00013400254000000002
3424.0;0.00013254532
3425.0;0.00013108954000000002
3426.0;0.00012963517999999997
3427.0;0.00012818238
3428.0;0.00012673100000000002
3429.0;0.00012578092
3430.0;0.00012433180000000001
3431.0;0.00012321654
3432.0;0.00012210211999999997
3433.0;0.00012098828000000001
3434.0;0.00011987522
3435.0;0.00011892842
3436.0;0.00011781641999999999
3437.0;0.00011670516
3438.0;0.00011559466000000001
3439.0;0.00011464979999999998
3440.0;0.00011354038
3441.0;0.00011309108
3442.0;0.00011264162
3443.0;0.00011219202
3444.0;0.00011174230000000001
3445.0;0.00011129269999999999
3446.0;0.00011067812000000001
3447.0;0.00011039302
3448.0;0.00011175618
3449.0;0.00011015186
3450.0;0.00011003104
3451.0;0.00011007522
3452.0;0.0001099544
3453.0;0.00010983345999999998
3454.0;0.00010971251999999999
3455.0;0.00010975631999999999
3456.0;0.00010980037999999998
3457.0;0.00010984430000000001
3458.0;0.00010955796000000001
3459.0;0.00010960196
3460.0;0.00010948072
3461.0;0.00010935912
3462.0;0.00010923769999999999
3463.0;0.00010911617999999999
3464.0;0.00010899445999999999
3465.0;0.0001088728
3466.0;0.00010875110000000001
3467.0;0.00010862926000000001
3468.0;0.00010834186
3469.0;0.00010821966
3470.0;0.0001080976
3471.0;0.00010797552000000002
3472.0;0.00010785316
3473.0;0.00010773084
3474.0;0.00010760842
3475.0;0.00010748597999999999
3476.0;0.00010719779999999999
3477.0;0.00010707502000000002
3478.0;0.00010695228
3479.0;0.00010699532
3480.0;0.0001068723
3481.0;0.00010691528
3482.0;0.00010679223999999999
3483.0;0.00010683528000000001
3484.0;0.00010671214
3485.0;0.000106755
3486.0;0.00010663179999999999
3487.0;0.00010667458
3488.0;0.00010655132
3489.0;0.00010642793999999999
3490.0;0.00010630438
3491.0;0.00010634718
3492.0;0.00010622355999999999
3493.0;0.0001062663
3494.0;0.00010614261999999999
3495.0;0.0001061853
3496.0;0.00010606150000000001
3497.0;0.00010627076
3498.0;0.00010631350000000002
3499.0;0.00010618958
3500.0;0.00010623232
3501.0;0.00010627512
3502.0;0.00010631792
3503.0;0.00010636072000000001
3504.0;0.0001064035
3505.0;0.00010644648
3506.0;0.00010648928000000001
3507.0;0.00010669944
3508.0;0.00010674248000000001
3509.0;0.00010678546
3510.0;0.00010682848000000001
3511.0;0.00010687158
3512.0;0.00010691468
3513.0;0.00010695778
3514.0;0.00010700092000000001
3515.0;0.00010721185999999999
3516.0;0.00010725514
3517.0;0.00010729842
3518.0;0.00010734168
3519.0;0.00010755309999999999
3520.0;0.0001075965
3521.0;0.00010763987999999998
3522.0;0.00010768334
3523.0;0.00010789524000000001
3524.0;0.00010793880000000001
3525.0;0.00010798238
3526.0;0.00010802594
3527.0;0.00010823826
3528.0;0.00010828206
3529.0;0.00010832576
3530.0;0.00010836956
3531.0;0.00010858236000000001
3532.0;0.00010862610000000001
3533.0;0.00010883925999999998
3534.0;0.00010888330000000002
3535.0;0.00010909668000000001
3536.0;0.00010914074
3537.0;0.00010935448
3538.0;0.00010956828
3539.0;0.00010978226
3540.0;0.00010982666000000001
3541.0;0.00011021088
3542.0;0.00011025551999999999
3543.0;0.00011030004
3544.0;0.00011034480000000001
3545.0;0.00011055962
3546.0;0.00011060437999999999
3547.0;0.00011081956
3548.0;0.0001108645
3549.0;0.0001112505
3550.0;0.00011146626
3551.0;0.00011185303999999999
3552.0;0.00011224018
3553.0;0.00011262766
3554.0;0.00011301574
3555.0;0.00011340419999999999
3556.0;0.00011379312000000001
3557.0;0.00011435424
3558.0;0.00011440053999999999
3559.0;0.0001147906
3560.0;0.00011518111999999999
3561.0;0.00011557207999999999
3562.0;0.00011596343999999999
3563.0;0.0001163554
3564.0;0.00011674754
3565.0;0.00011714027999999999
3566.0;0.00011736068
3567.0;0.00011775402000000001
3568.0;0.00011814794
3569.0;0.00011802295999999999
3570.0;0.00011789784
3571.0;0.00011759940000000001
3572.0;0.00011712782
3573.0;0.00011682919999999999
3574.0;0.00011635736000000001
3575.0;0.00011605856
3576.0;0.00011575964
3577.0;0.00011546062
3578.0;0.00011498854
3579.0;0.00011468931999999998
3580.0;0.00011421696
3581.0;0.00011391743999999999
3582.0;0.00011361794
3583.0;0.00011331823999999999
3584.0;0.00011284551999999999
3585.0;0.00011237268
3586.0;0.00011189983999999998
3587.0;0.00011142692
3588.0;0.00011078111999999999
3589.0;0.00011030796
3590.0;0.00010983482000000001
3591.0;0.00010936156
3592.0;0.00010871575999999999
3593.0;0.00010824232000000001
3594.0;0.00010794148000000001
3595.0;0.00010781322
3596.0;0.00010768482
3597.0;0.000107729
3598.0;0.00010777333999999998
3599.0;0.00010781756000000001
3600.0;0.00010768893999999999
3601.0;0.00010773315999999999
3602.0;0.00010760442
3603.0;0.00010782186
3604.0;0.00010786613999999998
3605.0;0.00010825709999999998
3606.0;0.00010830168
3607.0;0.00010834620000000001
3608.0;0.00010839089999999999
3609.0;0.00010860917999999999
3610.0;0.00010865388
3611.0;0.00010887246000000002
3612.0;0.00010891734
3613.0;0.00010913614
3614.0;0.0001091812
3615.0;0.00010940035999999999
3616.0;0.00010961983999999999
3617.0;0.00010983936
3618.0;0.00010988478
3619.0;0.00011010466
3620.0;0.00011015013999999999
3621.0;0.00011037038000000002
3622.0;0.00011041603999999998
3623.0;0.00011063656
3624.0;0.00011068234
3625.0;0.00011090318
3626.0;0.00011094914000000001
3627.0;0.00011117026
3628.0;0.00011121633999999998
3629.0;0.00011143778
3630.0;0.00011148395999999999
3631.0;0.00011170576
3632.0;0.00011175213999999999
3633.0;0.00011197427999999999
3634.0;0.00011202075999999999
3635.0;0.00011224321999999999
3636.0;0.00011246578
3637.0;0.0001126887
3638.0;0.00011273554
3639.0;0.00011295876000000001
3640.0;0.00011318209999999998
3641.0;0.00011340574000000001
3642.0;0.00011362962
3643.0;0.00011385362
3644.0;0.00011390112
3645.0;0.0001141254
3646.0;0.00011435005999999999
3647.0;0.00011457488000000001
3648.0;0.00011462263999999999
3649.0;0.00011484782
3650.0;0.00011507323999999998
3651.0;0.00011529871999999999
3652.0;0.00011534688
3653.0;0.00011557278
3654.0;0.00011579891999999999
3655.0;0.00011602536
3656.0;0.00011625191999999998
3657.0;0.00011647866
3658.0;0.00011652742
3659.0;0.00011675462000000002
3660.0;0.00011698189999999999
3661.0;0.00011720953999999999
3662.0;0.00011725869999999999
3663.0;0.00011748657999999999
3664.0;0.00011771473999999999
3665.0;0.00011794308
3666.0;0.0001181716
3667.0;0.00011857971999999999
3668.0;0.00011880884
3669.0;0.0001190382
3670.0;0.00011926791999999999
3671.0;0.00011949769999999999
3672.0;0.00011972776
3673.0;0.00012013795999999999
3674.0;0.00012036858
3675.0;0.00012059948
3676.0;0.00012083051999999999
3677.0;0.00012106183999999999
3678.0;0.00012129346
3679.0;0.0001215252
3680.0;0.00012175724
3681.0;0.0001221703
3682.0;0.00012240288
3683.0;0.0001226357
3684.0;0.00012286882
3685.0;0.0001231021
3686.0;0.00012333558
3687.0;0.00012375095999999999
3688.0;0.00012398508
3689.0;0.00012421939999999999
3690.0;0.00012445406
3691.0;0.00012468884
3692.0;0.00012492386
3693.0;0.00012515918
3694.0;0.00012539462000000002
3695.0;0.00012581291999999998
3696.0;0.00012604914
3697.0;0.00012628552
3698.0;0.00012652204
3699.0;0.0001267589
3700.0;0.00012681284
3701.0;0.0001268669
3702.0;0.00012692096
3703.0;0.00012697501999999998
3704.0;0.00012702922
3705.0;0.0001270834
3706.0;0.0001271377
3707.0;0.00012719206
3708.0;0.00012724640000000002
3709.0;0.00012730076
3710.0;0.00012735518
3711.0;0.00012740966
3712.0;0.00012746426
3713.0;0.00012751886
3714.0;0.00012757351999999998
3715.0;0.00012762824
3716.0;0.00012768296000000001
3717.0;0.0001277378
3718.0;0.0001277925
3719.0;0.00012784745999999998
3720.0;0.00012790248
3721.0;0.00012795744
3722.0;0.0001280125
3723.0;0.00012806764
3724.0;0.00012812283999999997
3725.0;0.00012817804
3726.0;0.00012823322000000002
3727.0;0.00012828848
3728.0;0.00012834386
3729.0;0.00012839922
3730.0;0.00012826934
3731.0;0.00012851026
3732.0;0.00012856582
3733.0;0.0001288071
3734.0;0.00012886282
3735.0;0.00012910446
3736.0;0.00012916050000000002
3737.0;0.00012940254
3738.0;0.00012945857999999998
3739.0;0.00012970116
3740.0;0.00012975744
3741.0;0.00012981376
3742.0;0.0001298702
3743.0;0.00013011334
3744.0;0.0001301699
3745.0;0.00013041337999999999
3746.0;0.00013047012
3747.0;0.00013071408000000001
3748.0;0.00013077108000000002
3749.0;0.00013101528
3750.0;0.00013107244
3751.0;0.00013131715999999997
3752.0;0.00013137456
3753.0;0.00013161960000000002
3754.0;0.00013167718
3755.0;0.00013192264
3756.0;0.00013198032000000002
3757.0;0.00013222619999999998
3758.0;0.00013228408000000002
3759.0;0.00013271872
3760.0;0.00013277694000000002
3761.0;0.00013283524
3762.0;0.00013289354
3763.0;0.00013314054
3764.0;0.00013319906
3765.0;0.00013363549999999998
3766.0;0.00013388332
3767.0;0.00013432064
3768.0;0.0001347585
3769.0;0.0001351969
3770.0;0.00013544622
3771.0;0.00013588562000000002
3772.0;0.00013632556
3773.0;0.00013676604
3774.0;0.00013701674
3775.0;0.00013745818
3776.0;0.00013770957999999998
3777.0;0.00013815204
3778.0;0.00013859495999999998
3779.0;0.00013903848
3780.0;0.00013929132000000001
3781.0;0.00013973578
3782.0;0.00014018091999999999
3783.0;0.00013622770000000002
3784.0;0.00013209941999999997
3785.0;0.00012327276
3786.0;0.00011471478
3787.0;0.00010604952
3788.0;9.746352e-05
3789.0;9.586332e-05
3790.0;9.42649e-05
3791.0;9.376081999999999e-05
3792.0;9.307454e-05
3793.0;9.238824e-05
3794.0;9.170214e-05
3795.0;0.00010144684
3796.0;0.00011112324
3797.0;0.00012563924
3798.0;0.00014041284
3799.0;0.00014356688
3800.0;0.00014673468
3801.0;0.0
3802.0;0.0
3803.0;0.0
3804.0;0.0
3805.0;0.0
3806.0;0.0
3807.0;0.0
3808.0;0.0
3809.0;0.0
3810.0;0.0
3811.0;0.0
3812.0;0.0
3813.0;0.0
3814.0;0.0
3815.0;0.0
3816.0;0.0
3817.0;0.0
3818.0;0.0
3819.0;0.0
3820.0;0.0
3821.0;0.0
3822.0;0.0
3823.0;0.0
3824.0;0.0
3825.0;0.0
3826.0;0.0
3827.0;0.0
3828.0;0.0
3829.0;0.0
3830.0;0.0
3831.0;0.0
3832.0;0.0
3833.0;0.0
3834.0;0.0
3835.0;0.0
3836.0;0.0
3837.0;0.0
3838.0;0.0
3839.0;0.0
3840.0;0.0
3841.0;0.0
3842.0;0.0
3843.0;0.0
3844.0;0.0
3845.0;0.0
3846.0;0.0
3847.0;0.0
3848.0;0.0
3849.0;0.0
3850.0;0.0
3851.0;0.0
3852.0;0.0
3853.0;0.0
3854.0;0.0
3855.0;0.0
3856.0;0.0
3857.0;0.0
3858.0;0.0
3859.0;0.0
3860.0;0.0
3861.0;0.0
3862.0;0.0
3863.0;0.0
3864.0;0.0
3865.0;0.0
3866.0;0.0
3867.0;0.0
3868.0;0.0
3869.0;0.0
3870.0;0.0
3871.0;0.0
3872.0;0.0
3873.0;0.0
3874.0;0.0
3875.0;0.0
3876.0;0.0
3877.0;0.0
3878.0;0.0
3879.0;0.0
3880.0;0.0
3881.0;0.0
3882.0;0.0
3883.0;0.0
3884.0;0.0
3885.0;0.0
3886.0;0.0
3887.0;0.0
3888.0;0.0
3889.0;0.0
3890.0;0.0
3891.0;0.0
3892.0;0.0
3893.0;0.0
3894.0;0.0
3895.0;0.0
3896.0;0.0
3897.0;0.0
3898.0;0.0
3899.0;0.0
3900.0;0.0
3901.0;0.0
3902.0;0.0
3903.0;0.0
3904.0;0.0
3905.0;0.0
3906.0;0.0
3907.0;0.0
3908.0;0.0
3909.0;0.0
3910.0;0.0
3911.0;0.0
3912.0;0.0
3913.0;0.0
3914.0;0.0
3915.0;0.0
3916.0;0.0
3917.0;0.0
3918.0;0.0
3919.0;0.0
3920.0;0.0
3921.0;0.0
3922.0;0.0
3923.0;0.0
3924.0;0.0
3925.0;0.0
3926.0;0.0
3927.0;0.0
3928.0;0.0
3929.0;0.0
3930.0;0.0
3931.0;0.0
3932.0;0.0
3933.0;0.0
3934.0;0.0
3935.0;0.0
3936.0;0.0
3937.0;0.0
3938.0;0.0
3939.0;0.0
3940.0;0.0
3941.0;0.0
3942.0;0.0
3943.0;0.0
3944.0;0.0
3945.0;0.0
3946.0;0.0
3947.0;0.0
3948.0;0.0
3949.0;0.0
3950.0;0.0
3951.0;0.0
3952.0;0.0
3953.0;0.0
3954.0;0.0
3955.0;0.0
3956.0;0.0
3957.0;0.0
3958.0;0.0
3959.0;0.0
3960.0;0.0
3961.0;0.0
3962.0;0.0
3963.0;0.0
3964.0;0.0
3965.0;0.0
3966.0;0.0
3967.0;0.0
3968.0;0.0
3969.0;0.0
3970.0;0.0
3971.0;0.0
3972.0;0.0
3973.0;0.0
3974.0;0.0
3975.0;0.0
3976.0;0.0
3977.0;0.0
3978.0;0.0
3979.0;0.0
3980.0;0.0
3981.0;0.0
3982.0;0.0
3983.0;0.0
3984.0;0.0
3985.0;0.0
3986.0;0.0
3987.0;0.0
3988.0;0.0
3989.0;0.0
3990.0;0.0
3991.0;0.0
3992.0;0.0
3993.0;0.0
3994.0;0.0
3995.0;0.0
3996.0;0.0
3997.0;0.0
3998.0;0.0
3999.0;0.0
4000.0;0.0
